SEQN,RIAGENDR,RIDAGEYR,BMXWT,BMXHT,BMXBMI,BMXWAIST,BMXHIP,BMXARMC,BMXARML,BMXLEG,DR1TKCAL,DR1TPROT,SLD012,PAQ605,PAQ620,PAQ635,PAQ650,PAQ665,PAD680,FAT_PCT,FAT_KG,LEAN_KG,ALM_KG,TRUNK_KG,LOW_FNIH,LOW_HT2
93706.0,1.0,18.0,66.3,175.7,21.5,79.3,94.4,27.0,38.8,46.6,1987.0,94.19,10.5,0.0,0.0,1.0,0.0,1.0,240.0,22.737198164351348,14.9683,48.7656,22.1135,23.4655,0,0
93711.0,1.0,56.0,62.1,170.6,21.3,86.6,90.7,30.8,37.2,40.1,2840.0,101.33,7.0,0.0,0.0,1.0,1.0,1.0,420.0,22.799996721228737,14.185799999999999,45.7258,21.2528,21.4008,0,0
93712.0,1.0,18.0,58.9,172.8,19.7,72.0,88.2,28.7,37.2,44.5,2045.0,99.66000000000001,7.5,1.0,1.0,0.0,1.0,1.0,120.0,16.69366991884874,9.9099,47.3232,22.0805,22.102,0,0
93714.0,2.0,54.0,87.1,147.8,39.9,118.4,133.1,34.7,32.0,26.0,2493.0,104.1,7.0,0.0,0.0,0.0,0.0,0.0,360.0,42.060559781892685,36.938,49.0041,19.787599999999998,26.5104,1,0
93717.0,1.0,22.0,74.4,174.1,24.5,86.2,91.8,29.9,41.4,44.0,3151.0,97.12,8.0,0.0,0.0,1.0,0.0,0.0,300.0,20.403936620661437,15.418299999999999,57.578900000000004,26.1265,28.308,0,0
93729.0,1.0,42.0,82.8,173.2,27.6,101.5,103.4,36.6,38.8,43.2,3274.0,99.17,9.0,0.0,0.0,0.0,0.0,0.0,480.0,29.424199957326124,24.6432,55.9833,25.7162,27.1449,0,0
93730.0,1.0,57.0,80.2,167.6,28.6,96.3,97.5,32.7,39.0,40.1,,,7.0,0.0,0.0,1.0,1.0,1.0,180.0,22.836501543232814,18.4381,59.743300000000005,25.994199999999996,30.7458,0,0
93731.0,1.0,20.0,89.2,179.9,27.6,101.7,106.2,34.5,39.0,44.7,2266.0,71.81,9.0,0.0,1.0,0.0,1.0,1.0,360.0,31.34497575607878,28.1723,59.133300000000006,25.2335,30.2059,0,0
93738.0,1.0,26.0,97.7,170.2,33.7,102.7,108.4,38.6,39.6,40.0,857.0,116.36000000000001,7.0,1.0,1.0,0.0,1.0,0.0,180.0,25.09124745220789,24.7166,70.9429,32.6383,34.5715,0,0
93746.0,2.0,25.0,62.1,158.4,24.8,74.4,101.1,26.5,36.0,39.5,1544.0,80.67000000000002,6.0,0.0,0.0,0.0,0.0,0.0,540.0,31.68247134907351,19.7763,40.442099999999996,18.095800000000004,19.3658,0,0
93755.0,2.0,26.0,93.8,178.5,29.4,94.2,116.2,34.0,39.0,47.5,2693.0,100.01,6.0,0.0,0.0,0.0,1.0,1.0,480.0,42.61126719068989,40.0642,51.2344,26.4405,21.5858,0,0
93758.0,2.0,55.0,75.8,156.9,30.8,101.8,115.0,31.7,35.0,32.0,1448.0,83.39000000000001,5.5,0.0,0.0,0.0,0.0,0.0,240.0,43.532326246930545,33.218900000000005,41.020300000000006,15.9127,22.430699999999998,0,0
93760.0,2.0,54.0,85.6,150.6,37.7,103.8,118.0,39.3,35.2,33.7,572.0,35.080000000000005,8.0,0.0,0.0,0.0,0.0,0.0,120.0,44.13781394225672,37.7989,45.744099999999996,17.3992,25.180300000000003,1,0
93761.0,1.0,44.0,80.2,166.4,29.0,102.5,100.1,35.5,38.7,37.0,1722.0,57.41,8.0,1.0,0.0,0.0,0.0,0.0,300.0,31.812292683217354,25.639200000000002,52.822300000000006,24.055,25.824,0,0
93763.0,1.0,40.0,84.1,181.5,25.5,94.1,95.7,35.6,39.3,42.6,2615.0,99.57000000000001,5.5,1.0,1.0,0.0,0.0,1.0,180.0,20.243944100451664,16.9952,64.041,28.506,32.0695,0,0
93766.0,2.0,36.0,66.4,156.6,27.1,87.0,98.2,31.5,35.5,35.0,1341.0,39.839999999999996,9.0,0.0,1.0,0.0,1.0,0.0,30.0,34.7968385512491,22.8735,40.7221,17.1953,20.7091,0,0
93770.0,1.0,55.0,77.1,172.3,26.0,95.3,95.0,33.0,39.5,42.8,3436.0,169.67000000000002,8.0,0.0,0.0,0.0,0.0,1.0,60.0,25.85264987205874,20.005599999999998,54.7941,25.632900000000003,25.8495,0,0
93774.0,2.0,41.0,70.9,165.5,25.9,90.0,105.5,29.8,35.6,38.2,,,7.0,0.0,0.0,1.0,0.0,1.0,60.0,39.69512972111679,28.1609,40.579699999999995,17.0649,20.956799999999998,0,0
93775.0,2.0,47.0,58.5,150.4,25.9,87.5,98.0,31.7,33.5,35.6,1353.0,70.00000000000001,7.0,1.0,0.0,0.0,1.0,1.0,120.0,40.18044969418788,23.7703,33.441900000000004,14.334700000000002,16.541,0,0
93776.0,2.0,32.0,55.4,157.8,22.2,75.6,102.4,27.1,35.3,43.9,1149.0,59.93,7.5,0.0,1.0,0.0,1.0,1.0,300.0,35.69372377613248,19.820400000000003,34.0196,16.0357,15.399700000000001,0,0
93778.0,2.0,19.0,73.3,163.6,27.4,84.4,103.1,29.8,37.9,41.8,1731.0,54.800000000000004,5.0,0.0,0.0,0.0,1.0,1.0,180.0,34.284381411135975,25.1489,45.7576,21.506,21.184,0,0
93780.0,2.0,46.0,87.5,161.7,33.5,104.4,116.0,35.0,34.0,37.0,1963.0,50.35,7.5,0.0,0.0,0.0,0.0,0.0,1020.0,43.41748588220917,38.1923,47.349199999999996,18.9659,25.125400000000003,0,0
93789.0,2.0,34.0,71.0,173.4,23.6,79.9,107.6,33.1,37.6,41.3,1949.0,79.08999999999999,6.5,1.0,1.0,0.0,1.0,1.0,240.0,29.03419409542682,20.8842,48.4934,21.9414,23.7687,0,0
93791.0,1.0,20.0,100.6,165.2,36.9,110.5,115.7,38.9,40.0,42.0,2324.0,136.93,8.0,1.0,1.0,0.0,1.0,0.0,480.0,35.11809062918335,35.7091,63.4018,28.901200000000003,30.963099999999997,1,0
93797.0,2.0,52.0,86.3,164.3,32.0,115.6,115.3,33.1,38.0,37.2,,,7.5,0.0,0.0,0.0,0.0,1.0,480.0,43.254352274237434,37.3977,46.5771,20.226599999999998,23.3711,0,0
93799.0,1.0,41.0,71.3,177.0,22.8,77.1,95.8,33.6,39.6,40.0,1531.0,52.45,5.0,0.0,0.0,0.0,1.0,1.0,120.0,14.828332694128829,10.6054,58.104800000000004,28.8709,25.8677,0,0
93801.0,1.0,59.0,79.0,179.0,24.7,97.3,102.0,31.4,36.7,43.3,2574.0,114.31,6.5,0.0,0.0,0.0,0.0,0.0,600.0,27.65903509287978,22.0503,54.99,24.3556,26.8891,0,0
93806.0,1.0,44.0,88.2,176.1,28.4,109.8,104.0,33.1,40.0,38.3,2064.0,86.21,5.0,0.0,0.0,0.0,1.0,0.0,960.0,35.78796855404731,31.7615,54.7902,24.0683,27.2939,0,0
93811.0,1.0,24.0,79.6,164.2,29.5,90.9,101.3,34.9,34.9,41.0,2683.0,76.92999999999999,6.5,0.0,1.0,0.0,1.0,0.0,300.0,32.79486014181925,26.3387,51.5458,25.510699999999996,22.4817,0,0
93814.0,2.0,41.0,79.3,168.9,27.8,90.7,111.4,32.8,36.5,45.0,2055.0,104.23999999999998,7.0,0.0,0.0,0.0,0.0,1.0,120.0,39.068117443946534,31.225900000000003,46.2224,19.916300000000003,22.6511,0,0
93815.0,2.0,32.0,72.9,161.5,28.0,93.0,103.3,33.5,36.0,38.0,720.0,20.08,8.5,0.0,0.0,0.0,1.0,0.0,300.0,36.63445646691923,26.7453,44.207,20.1872,21.079,0,0
93817.0,1.0,55.0,61.3,158.7,24.3,89.3,92.2,30.1,34.0,37.5,975.0,66.66999999999999,7.5,0.0,1.0,1.0,0.0,0.0,480.0,28.980125511216393,17.9887,42.3134,19.2364,20.3137,0,0
93823.0,2.0,58.0,85.3,159.8,33.4,104.3,121.2,35.2,37.9,36.6,2065.0,60.97999999999999,7.0,0.0,0.0,0.0,1.0,1.0,180.0,41.359835524819545,35.5532,48.0612,19.6175,25.7718,0,0
93824.0,2.0,52.0,72.2,159.4,28.4,87.4,106.6,31.8,33.9,36.2,2209.0,112.92,9.0,0.0,1.0,0.0,0.0,0.0,240.0,41.06933483131362,29.7487,40.4794,16.655300000000004,20.977400000000003,0,0
93834.0,2.0,48.0,95.4,161.7,36.5,125.7,120.0,34.6,37.0,36.0,533.0,16.41,9.0,0.0,0.0,0.0,0.0,1.0,300.0,34.38016779568385,33.101699999999994,60.298300000000005,22.9354,33.7767,0,0
93837.0,2.0,35.0,108.7,166.8,39.1,117.4,126.0,40.5,38.0,42.6,1370.0,38.800000000000004,6.5,0.0,1.0,0.0,0.0,0.0,360.0,48.262327754833514,52.7314,54.3024,22.6703,28.128,0,0
93839.0,2.0,50.0,94.6,177.4,30.1,107.2,113.8,38.5,39.0,42.5,2891.0,75.14999999999999,6.0,0.0,0.0,0.0,0.0,0.0,480.0,40.73150974219018,38.636900000000004,53.7918,22.8538,27.7878,0,0
93840.0,1.0,47.0,78.3,180.7,24.0,86.2,98.7,28.9,40.0,37.0,1941.0,102.14999999999998,7.0,0.0,0.0,1.0,1.0,1.0,600.0,26.773336443337914,21.1202,55.0242,25.7529,25.5886,0,0
93841.0,2.0,48.0,96.5,171.5,32.8,108.3,115.7,39.3,36.5,39.1,1671.0,54.94,8.0,0.0,0.0,0.0,0.0,1.0,600.0,43.6102558199764,42.434,52.3658,22.451700000000002,27.0467,0,0
93843.0,2.0,42.0,56.3,163.8,21.0,75.0,92.6,27.4,36.5,41.2,2150.0,171.76000000000002,6.5,1.0,1.0,0.0,1.0,1.0,120.0,23.828474603275872,13.5199,41.1809,18.1281,20.464599999999997,0,0
93847.0,2.0,43.0,100.4,156.6,40.9,111.1,134.4,41.0,34.9,29.9,1535.0,84.37000000000002,8.0,1.0,0.0,0.0,0.0,0.0,300.0,44.43904815377011,44.8539,53.990199999999994,21.6385,29.2576,0,0
93849.0,2.0,40.0,61.4,164.6,22.7,84.4,93.5,26.9,37.5,40.4,3121.0,96.77,6.0,0.0,1.0,0.0,1.0,1.0,540.0,25.981045126397973,16.026799999999998,43.196,19.0786,21.3401,0,0
93858.0,2.0,19.0,36.2,147.3,16.7,56.4,79.8,22.1,32.0,36.9,429.0,8.79,10.0,0.0,0.0,1.0,0.0,0.0,360.0,28.024938953176836,10.2247,24.7231,10.523299999999999,12.1623,0,1
93863.0,1.0,50.0,94.4,172.9,31.6,122.1,111.0,38.4,39.6,40.4,1830.0,73.83,8.0,0.0,0.0,1.0,0.0,1.0,240.0,36.640480377355736,34.5529,57.6159,24.407199999999996,30.1295,1,0
93866.0,1.0,26.0,64.6,171.4,22.0,85.7,94.0,28.1,38.5,42.9,1639.0,50.330000000000005,,0.0,0.0,1.0,0.0,0.0,480.0,24.782687095001503,16.1765,46.702,20.0276,23.5619,0,1
93870.0,2.0,20.0,47.4,158.1,19.0,72.0,88.7,22.2,35.0,35.0,1659.0,52.66,6.5,0.0,1.0,0.0,0.0,0.0,240.0,31.36093765100048,14.895100000000001,30.847,12.7218,15.669799999999999,0,1
93871.0,2.0,55.0,54.0,158.8,21.4,80.9,88.4,27.4,37.7,39.0,1868.0,85.78,9.0,0.0,0.0,0.0,0.0,0.0,720.0,31.715339500796368,17.278,35.229,13.99,18.8019,0,0
93875.0,1.0,37.0,75.8,174.4,24.9,87.3,91.0,33.7,41.0,45.2,4401.0,182.88,8.0,1.0,1.0,1.0,1.0,1.0,360.0,19.49827680211258,15.138,59.0343,27.0905,28.968799999999998,0,0
93884.0,1.0,19.0,63.7,172.9,21.3,75.1,92.4,28.6,37.2,41.6,2377.0,84.33,7.0,0.0,0.0,1.0,1.0,1.0,600.0,14.644290268725268,9.4119,52.2459,24.4535,24.802,0,0
93888.0,2.0,37.0,59.7,167.6,21.3,80.6,98.7,26.6,37.0,42.5,1359.0,56.56000000000001,7.5,0.0,0.0,0.0,1.0,0.0,180.0,30.271978478437735,18.2924,40.167199999999994,16.4778,20.8307,0,0
93890.0,1.0,27.0,74.9,177.5,23.8,83.0,97.3,36.4,38.4,40.6,2140.0,89.44,8.5,0.0,0.0,0.0,1.0,1.0,600.0,24.605335002198036,18.4985,54.1187,26.0476,25.1,0,0
93893.0,1.0,55.0,89.4,178.0,28.2,102.7,99.1,33.4,37.7,44.8,2607.0,100.64,7.0,1.0,1.0,0.0,1.0,0.0,240.0,24.4888835143418,22.195,65.2165,29.0685,32.5883,0,0
93895.0,1.0,40.0,112.8,181.9,34.1,123.6,122.1,36.4,40.8,42.8,3440.0,99.89999999999999,8.0,0.0,1.0,1.0,0.0,0.0,180.0,34.98970115720901,39.6821,71.0405,31.0506,36.5133,0,0
93900.0,1.0,48.0,82.3,163.1,30.9,105.5,98.8,34.3,36.5,40.2,2663.0,101.88000000000001,8.0,0.0,1.0,0.0,0.0,0.0,240.0,32.22191245695058,26.6639,54.2293,23.727700000000002,27.1623,1,0
93902.0,2.0,24.0,68.8,158.2,27.5,92.4,100.3,32.0,35.0,39.0,,,9.0,0.0,0.0,1.0,0.0,0.0,120.0,36.014485588462996,25.0224,42.6163,17.1251,22.3185,0,0
93906.0,1.0,39.0,83.4,169.3,29.1,100.1,108.4,32.4,37.8,41.6,3584.0,119.48000000000003,7.0,0.0,0.0,0.0,1.0,0.0,360.0,27.880116460900318,23.4827,58.2056,25.6655,29.3315,0,0
93909.0,1.0,41.0,68.2,165.9,24.8,88.0,91.2,31.0,39.0,40.0,2947.0,70.15,8.0,0.0,0.0,0.0,1.0,1.0,720.0,26.219149026130633,17.921200000000002,48.4306,21.98,23.2557,0,0
93913.0,2.0,40.0,63.7,160.3,24.8,96.9,97.8,32.5,33.6,37.5,1649.0,87.27,8.0,0.0,0.0,0.0,1.0,0.0,420.0,35.142514732933044,22.5763,39.2654,16.572400000000002,19.612599999999997,0,0
93914.0,1.0,41.0,107.9,176.6,34.6,115.1,116.8,37.1,41.5,42.0,1899.0,188.95,7.0,0.0,0.0,0.0,0.0,0.0,600.0,33.286011291001756,36.053599999999996,69.44630000000001,31.928099999999997,33.9009,0,0
93915.0,1.0,34.0,75.8,176.7,24.3,85.7,100.8,31.8,39.0,44.2,1284.0,8.629999999999999,8.0,1.0,1.0,1.0,0.0,0.0,240.0,26.985301659389556,20.7847,53.8339,23.4015,27.0728,0,0
93916.0,1.0,28.0,70.2,168.5,24.7,80.5,95.7,34.2,37.5,43.5,1712.0,116.54999999999998,8.0,0.0,0.0,0.0,1.0,0.0,360.0,19.70087696017417,13.8811,54.076699999999995,27.654100000000003,23.4574,0,0
93926.0,1.0,31.0,106.9,172.1,36.1,130.2,122.2,35.5,39.0,39.5,2641.0,107.72000000000001,6.0,0.0,1.0,0.0,0.0,1.0,120.0,36.916088920687635,39.5851,65.2671,28.3206,33.3905,1,0
93927.0,2.0,54.0,59.8,156.1,24.5,88.1,99.5,29.7,36.3,38.0,1315.0,33.620000000000005,7.0,0.0,0.0,1.0,0.0,0.0,120.0,41.71618982758509,24.979400000000002,33.3931,13.477599999999999,17.609299999999998,0,0
93931.0,1.0,24.0,112.4,178.7,35.2,113.0,122.5,37.0,40.0,43.0,2394.0,134.36,7.0,0.0,1.0,1.0,1.0,0.0,240.0,30.712320806195674,34.9429,75.64710000000001,36.405300000000004,35.3247,0,0
93932.0,2.0,54.0,78.7,158.6,31.3,106.5,113.6,34.7,36.0,37.8,1678.0,60.970000000000006,5.0,0.0,0.0,0.0,1.0,0.0,300.0,46.17758039890915,36.7391,41.0321,17.3492,20.7226,0,0
93937.0,1.0,30.0,99.8,175.1,32.6,113.5,111.3,38.5,39.5,40.3,3156.0,90.03,8.0,0.0,1.0,0.0,0.0,1.0,240.0,35.73245874935345,35.7293,61.811,28.244400000000002,30.0568,0,0
93939.0,2.0,40.0,67.7,153.3,28.8,91.7,106.4,33.0,30.8,37.3,1012.0,27.17,7.5,0.0,0.0,1.0,0.0,0.0,600.0,42.275307510836136,28.7596,37.2408,15.513599999999999,18.579399999999996,0,0
93941.0,1.0,42.0,79.5,167.6,28.3,92.7,99.1,33.7,36.8,41.4,2982.0,118.74,7.0,0.0,0.0,0.0,1.0,0.0,300.0,22.448015681637862,18.0367,59.5761,28.8199,27.242099999999997,0,0
93946.0,1.0,22.0,62.0,169.2,21.7,81.1,90.9,29.0,36.2,41.3,,,8.0,0.0,0.0,0.0,0.0,0.0,240.0,21.626905629794084,13.513200000000001,46.749900000000004,20.601,22.8146,0,0
93947.0,2.0,53.0,55.3,146.7,25.7,91.0,91.7,30.2,32.0,33.2,1983.0,86.1,8.0,0.0,0.0,0.0,0.0,1.0,60.0,35.93926727561737,19.894299999999998,33.901900000000005,14.888399999999999,16.2668,0,0
93949.0,2.0,49.0,55.9,150.7,24.6,90.5,90.6,28.8,33.5,34.2,1993.0,128.73000000000002,9.0,0.0,0.0,0.0,0.0,0.0,300.0,31.201531848705628,17.5805,37.2575,15.539299999999999,18.797099999999997,0,0
93950.0,1.0,30.0,88.8,159.5,34.9,101.9,103.6,35.8,37.1,36.5,2204.0,103.27999999999999,5.0,0.0,1.0,0.0,1.0,0.0,20.0,37.2076468040765,33.0433,53.7981,24.733700000000002,25.6497,1,0
93953.0,1.0,26.0,118.1,171.4,40.2,122.0,127.1,40.6,38.8,43.1,2098.0,59.63000000000001,8.0,0.0,0.0,1.0,1.0,0.0,480.0,37.2144115590394,44.129400000000004,71.8737,29.647599999999997,38.4937,1,0
93954.0,1.0,24.0,65.1,167.7,23.1,81.6,94.6,29.4,35.3,42.2,,,6.0,0.0,0.0,1.0,1.0,1.0,120.0,19.77606812651175,12.923,49.700199999999995,23.1919,23.3209,0,0
93957.0,2.0,41.0,80.7,166.5,29.1,97.5,106.9,32.0,37.8,39.4,2030.0,52.050000000000004,8.0,1.0,1.0,0.0,0.0,1.0,300.0,45.91244971772664,37.253099999999996,41.7284,16.9692,21.9623,0,0
93964.0,1.0,52.0,85.5,172.0,28.9,100.4,105.5,33.1,37.8,37.6,2229.0,93.15,7.0,0.0,0.0,1.0,0.0,1.0,720.0,33.00698860416798,28.3095,55.1419,25.029799999999998,26.647299999999998,0,0
93970.0,1.0,33.0,69.6,166.4,25.1,86.7,93.8,30.6,35.0,38.2,2629.0,168.92000000000002,7.5,0.0,0.0,0.0,0.0,0.0,60.0,26.570007785562076,18.6881,49.119699999999995,22.153399999999998,23.298,0,0
93972.0,1.0,35.0,102.8,186.3,29.6,107.7,111.0,35.7,42.0,46.8,4343.0,167.9,6.5,1.0,1.0,0.0,0.0,0.0,480.0,30.00853570366358,31.025599999999997,69.54480000000001,30.71,35.1588,0,0
93978.0,1.0,57.0,59.8,168.0,21.2,87.6,86.6,27.2,37.0,36.0,,,8.5,0.0,0.0,0.0,0.0,0.0,120.0,25.940707098482452,15.518600000000001,42.3589,17.783,21.380599999999998,0,1
93980.0,2.0,29.0,58.0,173.8,19.2,76.7,96.2,26.3,35.6,39.8,2362.0,61.629999999999995,8.0,0.0,0.0,0.0,1.0,1.0,720.0,33.87187341383367,20.0933,36.996300000000005,15.9177,18.6558,0,1
93982.0,2.0,57.0,60.1,171.4,20.5,77.9,97.4,25.9,36.0,39.7,2758.0,61.71000000000001,9.0,0.0,0.0,1.0,1.0,1.0,60.0,26.91887620819116,16.2028,42.0567,18.1014,21.2137,0,0
93984.0,2.0,32.0,81.9,160.7,31.7,103.0,108.0,33.0,37.0,39.5,2093.0,118.05999999999999,3.0,1.0,1.0,0.0,1.0,1.0,120.0,36.49191774489211,30.027900000000002,49.8031,22.047900000000002,24.7177,0,0
93987.0,1.0,35.0,113.4,170.0,39.2,119.3,114.0,41.1,37.5,40.4,2154.0,76.82,6.5,1.0,1.0,0.0,0.0,0.0,240.0,29.994193928674136,34.6174,78.15,33.251400000000004,40.7795,0,0
93989.0,2.0,39.0,56.8,163.1,21.4,80.5,91.5,27.1,36.8,37.0,4076.0,84.2,9.0,0.0,1.0,1.0,1.0,1.0,180.0,30.021964868410343,17.226,38.265699999999995,16.8499,18.8116,0,0
93998.0,2.0,24.0,51.5,159.1,20.3,78.6,86.8,24.8,36.8,37.2,2044.0,123.36000000000001,8.0,1.0,1.0,1.0,0.0,1.0,120.0,33.129456207177924,17.2312,33.0725,14.099900000000002,16.5566,0,0
94001.0,2.0,18.0,51.6,158.6,20.5,75.8,92.5,25.5,37.0,38.2,2034.0,70.75000000000001,8.5,0.0,0.0,0.0,0.0,0.0,240.0,33.94636737425527,17.6515,32.5065,13.529399999999999,16.3027,0,1
94004.0,2.0,25.0,76.3,159.2,30.1,101.6,106.4,31.5,37.0,38.5,2017.0,53.57,8.5,0.0,1.0,0.0,1.0,1.0,600.0,43.12144998230065,33.195,41.716300000000004,18.818900000000003,20.155900000000003,0,0
94012.0,2.0,25.0,68.4,164.8,25.2,92.5,97.0,30.3,36.4,37.7,2784.0,70.27999999999999,6.0,1.0,1.0,0.0,0.0,1.0,480.0,32.97162192419532,22.589299999999998,44.036699999999996,19.1203,22.2321,0,0
94013.0,1.0,56.0,68.1,174.5,22.4,88.0,96.3,29.5,37.8,41.4,5449.0,182.47,8.0,1.0,1.0,1.0,0.0,0.0,60.0,28.031037022950688,19.2656,47.116,21.1583,23.0251,0,1
94015.0,2.0,30.0,67.0,159.8,26.2,91.6,99.6,33.2,35.5,35.4,944.0,41.870000000000005,6.0,0.0,0.0,0.0,0.0,0.0,60.0,36.66059535801338,24.588099999999997,40.4451,16.343600000000002,21.374300000000005,0,0
94021.0,2.0,38.0,88.0,159.8,34.5,103.0,119.7,37.6,37.0,36.5,1744.0,34.37,8.0,1.0,1.0,0.0,0.0,0.0,600.0,45.672034012462284,40.5505,46.0235,19.4172,23.6661,0,0
94028.0,2.0,39.0,60.8,166.8,21.9,82.8,95.7,27.5,34.5,38.4,1590.0,67.97,9.0,0.0,0.0,1.0,1.0,1.0,360.0,28.724458211430942,17.544,41.6271,17.832,21.057,0,0
94033.0,2.0,55.0,74.4,159.7,29.2,103.0,110.4,30.7,35.0,35.4,2750.0,112.82,7.5,0.0,1.0,1.0,0.0,1.0,240.0,42.76402558761304,31.516299999999998,40.334900000000005,15.844700000000001,21.583099999999998,0,0
94034.0,2.0,54.0,66.5,144.5,31.8,102.3,101.4,33.0,30.7,32.1,,,8.0,0.0,0.0,0.0,0.0,0.0,240.0,43.36042994976248,28.938299999999998,36.367,14.5048,19.3706,1,0
94037.0,1.0,59.0,74.3,167.7,26.4,98.9,95.7,30.7,35.5,36.3,2287.0,77.85,8.0,0.0,0.0,1.0,0.0,1.0,720.0,28.882934955079488,21.4083,50.328300000000006,21.2714,25.611900000000002,0,0
94038.0,2.0,59.0,80.0,162.5,30.3,103.1,105.0,31.1,36.0,33.5,2201.0,85.42,7.5,0.0,0.0,0.0,0.0,0.0,360.0,40.61275094907306,32.6471,45.6858,18.18,24.4001,0,0
94040.0,1.0,28.0,92.4,169.6,32.1,108.1,105.8,35.8,40.0,42.2,1235.0,28.689999999999998,4.0,1.0,1.0,1.0,1.0,1.0,300.0,30.41740205931746,28.3658,62.1425,28.5398,29.7833,0,0
94042.0,1.0,26.0,75.0,178.7,23.5,84.3,95.4,32.9,38.2,43.6,1451.0,66.2,12.0,0.0,0.0,1.0,1.0,0.0,180.0,19.92079367912542,15.0893,57.6162,24.9971,29.0813,0,0
94044.0,2.0,34.0,54.0,157.5,21.8,73.3,92.2,27.8,34.0,37.1,2371.0,134.92000000000002,9.0,1.0,1.0,0.0,1.0,1.0,120.0,23.119931653553362,12.6055,39.811699999999995,16.1355,21.273399999999995,0,0
94046.0,1.0,46.0,82.9,170.0,28.7,101.1,103.5,34.9,35.0,39.0,2015.0,63.669999999999995,9.0,1.0,1.0,0.0,1.0,0.0,30.0,28.41205161707378,23.821900000000003,57.2551,26.357,27.414,0,0
94047.0,2.0,45.0,93.7,162.3,35.6,109.2,114.8,39.2,35.8,32.6,5695.0,254.10000000000005,7.0,0.0,0.0,0.0,0.0,0.0,180.0,39.222391377226195,36.772400000000005,54.6751,22.0066,29.233,0,0
94050.0,2.0,55.0,80.1,171.2,27.3,97.5,107.4,32.9,36.8,38.6,2198.0,62.95,7.0,1.0,1.0,0.0,0.0,0.0,180.0,38.38609061175918,30.9023,46.9288,17.998099999999997,26.209799999999998,0,0
94059.0,2.0,54.0,65.8,145.4,31.1,104.2,109.0,31.2,32.5,32.5,2728.0,81.23999999999998,7.0,0.0,0.0,0.0,0.0,0.0,30.0,41.99439096195094,27.578799999999998,36.9456,14.936900000000001,19.506299999999996,1,0
94060.0,1.0,59.0,126.6,175.8,41.0,138.3,126.9,46.6,39.1,40.6,1014.0,66.63999999999999,6.5,0.0,0.0,0.0,0.0,0.0,960.0,38.86291174811728,50.0659,75.9023,33.8241,38.4039,0,0
94061.0,2.0,36.0,78.3,154.2,32.9,104.9,115.4,33.1,32.8,35.4,1445.0,80.81,10.5,0.0,0.0,0.0,0.0,0.0,180.0,46.029775075616975,36.0653,40.511900000000004,16.1861,21.4967,1,0
94067.0,1.0,44.0,98.6,166.0,35.8,112.8,110.3,37.8,36.3,40.2,3118.0,104.81,5.0,0.0,1.0,0.0,0.0,0.0,360.0,32.418040349678286,31.973200000000002,63.8083,27.5661,32.509299999999996,1,0
94078.0,2.0,19.0,78.9,173.4,26.2,89.9,108.5,31.1,41.0,42.7,1649.0,37.03,7.5,0.0,0.0,0.0,1.0,1.0,480.0,33.80912853583579,26.6172,49.3841,23.1183,23.113,0,0
94087.0,1.0,19.0,83.4,185.2,24.3,84.7,101.0,30.6,40.0,48.5,3025.0,117.39,8.0,1.0,1.0,1.0,1.0,1.0,180.0,26.13040785437944,21.905099999999997,58.9046,26.711800000000004,28.944599999999998,0,0
94092.0,1.0,52.0,79.3,171.1,27.1,93.7,94.6,32.0,37.7,38.6,1435.0,68.96,9.0,0.0,0.0,0.0,0.0,0.0,30.0,25.59378142751902,20.5706,56.848800000000004,25.0541,28.2682,0,0
94098.0,2.0,23.0,80.8,163.2,30.3,96.8,109.3,32.3,36.8,41.2,2753.0,63.03999999999999,8.0,0.0,0.0,0.0,0.0,1.0,720.0,41.65878154965112,33.8346,45.1721,20.6609,21.5187,0,0
94099.0,2.0,20.0,83.1,155.2,34.5,107.9,108.0,35.1,35.7,35.0,1504.0,48.76,7.5,0.0,0.0,0.0,0.0,1.0,480.0,41.592784680638786,34.6175,46.7981,19.983,23.961299999999998,0,0
94105.0,2.0,46.0,74.0,162.7,28.0,97.1,101.8,31.4,35.8,36.9,2385.0,40.830000000000005,6.5,0.0,0.0,0.0,1.0,1.0,720.0,42.16081738293217,31.3447,40.709,17.053300000000004,21.0683,0,0
94106.0,1.0,19.0,74.7,180.3,23.0,83.7,99.2,30.6,39.6,41.4,6356.0,271.06000000000006,6.5,1.0,1.0,0.0,1.0,1.0,300.0,24.485600660890277,18.3528,54.1765,25.1696,25.816,0,0
94112.0,1.0,28.0,74.0,162.5,28.0,84.5,101.2,35.6,35.7,38.4,1352.0,63.059999999999995,8.0,0.0,1.0,0.0,1.0,0.0,240.0,24.5100232518661,18.351,54.3619,24.803800000000003,26.4082,0,0
94119.0,1.0,57.0,70.8,173.5,23.5,92.4,91.3,29.2,37.5,43.2,1119.0,52.26,5.0,0.0,0.0,0.0,0.0,0.0,480.0,21.173164343499433,14.976299999999998,53.377199999999995,24.6063,25.294700000000002,0,0
94127.0,2.0,34.0,65.7,160.4,25.5,82.3,101.7,31.4,33.4,37.0,1168.0,37.82,8.5,0.0,0.0,0.0,0.0,0.0,180.0,40.30632736156598,26.6348,37.0145,16.0428,18.166900000000002,0,0
94130.0,2.0,27.0,70.9,163.7,26.5,95.4,109.0,31.5,35.6,43.0,1126.0,23.67,6.0,0.0,1.0,1.0,0.0,1.0,720.0,46.57015717934099,33.129599999999996,36.0183,15.8245,17.745,0,0
94131.0,2.0,39.0,129.0,169.1,45.1,135.5,148.3,43.1,39.1,38.0,1700.0,54.09,9.0,0.0,0.0,0.0,0.0,0.0,300.0,51.4867124359617,67.3751,60.7615,25.348200000000002,32.2975,0,0
94137.0,2.0,49.0,57.5,153.3,24.5,79.8,97.4,26.9,33.8,37.1,1002.0,31.44,6.5,0.0,0.0,0.0,0.0,0.0,660.0,36.99535804574733,21.3096,34.4572,15.519699999999998,16.3678,0,0
94144.0,1.0,18.0,122.6,173.5,40.7,127.4,125.2,44.2,38.6,49.2,4207.0,232.79000000000002,9.0,0.0,1.0,1.0,0.0,1.0,360.0,39.86502071675708,48.9972,71.3874,33.6641,33.999900000000004,0,0
94148.0,2.0,18.0,44.7,165.3,16.4,66.0,85.1,21.5,34.2,39.7,3300.0,151.42000000000002,6.0,0.0,0.0,0.0,0.0,0.0,22.0,29.212881797135882,13.143600000000001,30.1341,12.284699999999999,15.2612,0,1
94151.0,1.0,23.0,83.7,173.1,27.9,92.0,104.4,32.4,37.5,41.1,2454.0,84.95,8.0,0.0,1.0,1.0,1.0,1.0,480.0,24.999734216286516,21.1636,60.2984,28.424799999999998,28.479,0,0
94155.0,1.0,56.0,120.5,178.0,38.0,129.6,122.4,41.3,39.8,41.3,1636.0,39.88000000000001,7.0,0.0,0.0,0.0,1.0,1.0,600.0,35.00477952042075,42.852199999999996,76.61330000000001,33.8061,38.3195,0,0
94160.0,2.0,22.0,72.1,176.7,23.1,82.1,99.7,28.2,38.7,43.3,1451.0,106.36999999999999,9.5,0.0,1.0,0.0,1.0,0.0,300.0,31.417935794187695,22.654,46.711800000000004,20.5839,23.3044,0,0
94163.0,1.0,35.0,77.3,177.4,24.6,86.4,94.7,30.6,39.8,44.6,6642.0,133.72,6.0,1.0,1.0,1.0,0.0,0.0,60.0,20.16160534423719,15.716299999999999,59.4886,26.9709,29.2815,0,0
94164.0,2.0,18.0,53.1,159.4,20.9,74.1,88.4,26.6,34.2,36.2,3442.0,138.06999999999996,7.5,0.0,0.0,1.0,0.0,0.0,720.0,30.36530318500467,16.1874,35.3296,15.1765,17.1966,0,0
94166.0,1.0,28.0,96.1,174.5,31.6,102.5,112.8,36.9,38.0,42.4,4211.0,134.54000000000002,7.0,1.0,1.0,0.0,1.0,0.0,360.0,34.25811935748623,33.1925,60.827400000000004,27.9551,29.607400000000002,0,0
94176.0,2.0,24.0,72.9,162.1,27.7,90.4,100.0,32.0,37.0,38.5,2274.0,75.36,5.0,1.0,1.0,0.0,1.0,1.0,420.0,37.707943114048476,27.445700000000002,43.2385,19.6962,20.8108,0,0
94177.0,2.0,59.0,54.9,145.7,25.9,85.7,96.5,28.5,32.5,32.6,1563.0,62.56999999999999,7.0,0.0,0.0,0.0,0.0,0.0,240.0,44.90355347266655,24.745099999999997,28.9615,11.5278,15.0246,1,1
94181.0,2.0,36.0,77.7,156.4,31.8,93.0,108.2,32.3,32.5,39.5,3040.0,69.76000000000002,5.0,1.0,1.0,0.0,0.0,0.0,120.0,39.267094565461214,30.3719,44.829,19.2928,22.445400000000003,0,0
94182.0,2.0,59.0,58.0,158.2,23.2,76.6,95.9,26.6,33.7,36.7,,,8.0,1.0,1.0,1.0,1.0,1.0,60.0,18.291064475200166,10.6607,45.719,19.1806,23.9928,0,0
94187.0,2.0,54.0,62.0,144.7,29.6,84.8,106.7,29.8,32.5,34.2,719.0,27.710000000000004,4.0,0.0,0.0,0.0,0.0,0.0,60.0,42.168312433357286,26.0852,34.4222,14.7697,16.678399999999996,1,0
94190.0,1.0,43.0,78.9,175.3,25.7,92.7,98.3,35.6,38.0,42.2,1592.0,100.76999999999997,5.0,1.0,1.0,0.0,0.0,1.0,180.0,22.77530507621499,18.1681,59.236599999999996,25.6854,29.972,0,0
94193.0,2.0,58.0,117.1,168.8,41.1,128.5,125.5,48.4,40.1,36.7,2252.0,75.68,7.5,0.0,0.0,0.0,1.0,0.0,600.0,44.79216580739993,53.1327,62.9879,27.5134,31.85180000000001,0,0
94200.0,2.0,26.0,91.3,155.4,37.8,97.9,120.2,39.8,36.5,38.9,1904.0,74.7,6.5,0.0,0.0,0.0,0.0,0.0,240.0,40.73897178020371,37.444900000000004,52.3339,23.6599,25.907,0,0
94206.0,1.0,56.0,77.9,169.3,27.2,95.2,97.6,33.4,37.7,37.0,2139.0,141.46,8.5,0.0,0.0,1.0,1.0,1.0,180.0,26.700506643114725,20.9354,54.9832,23.7175,27.7163,0,0
94208.0,2.0,45.0,118.4,160.4,46.0,112.1,137.9,23.6,37.0,38.9,2427.0,57.06,6.0,0.0,0.0,0.0,1.0,1.0,720.0,44.3642052620442,52.7503,63.501400000000004,29.557,30.277900000000002,0,0
94214.0,2.0,19.0,56.4,159.6,22.1,77.8,96.8,28.5,37.0,38.0,1841.0,77.4,7.0,0.0,1.0,0.0,0.0,0.0,480.0,37.94458685278856,21.453599999999998,33.2015,14.2516,16.4273,0,0
94217.0,1.0,18.0,91.3,186.5,26.2,90.0,108.2,38.0,42.0,47.9,,,9.0,0.0,0.0,0.0,1.0,1.0,300.0,33.875531796418734,30.935200000000002,57.6985,28.3796,25.9075,0,0
94219.0,2.0,23.0,55.0,155.6,22.7,67.7,95.3,27.0,33.7,35.3,2021.0,99.42000000000002,9.0,0.0,0.0,0.0,1.0,1.0,360.0,31.08068309288799,17.223,36.1611,14.7917,18.7665,0,0
94221.0,2.0,27.0,56.1,154.0,23.7,71.5,91.0,28.6,34.0,35.0,,,8.0,1.0,1.0,1.0,1.0,1.0,240.0,31.410991157988004,17.6977,36.639300000000006,16.256,17.519599999999997,0,0
94223.0,2.0,43.0,81.8,167.0,29.3,92.8,110.1,33.1,36.4,39.0,3133.0,109.71000000000001,7.0,0.0,1.0,0.0,0.0,0.0,180.0,38.84135620707907,32.1122,48.371900000000004,21.0456,24.408099999999997,0,0
94235.0,2.0,18.0,63.2,164.0,23.5,80.5,97.5,26.4,35.4,38.2,2288.0,97.86,8.0,0.0,0.0,1.0,1.0,1.0,420.0,29.052177054796573,18.446,42.8361,18.5751,21.5115,0,0
94241.0,2.0,30.0,69.1,151.6,30.1,91.1,99.6,32.8,32.6,34.4,2021.0,102.27000000000001,9.0,1.0,0.0,1.0,1.0,1.0,480.0,39.69940554273689,27.7061,40.198699999999995,18.080800000000004,19.3045,0,0
94245.0,2.0,31.0,72.1,164.6,26.6,86.0,106.7,32.8,36.0,41.5,2799.0,85.55,8.0,0.0,1.0,0.0,0.0,1.0,240.0,35.97623275757286,26.105700000000002,43.8775,19.0341,21.758200000000002,0,0
94247.0,1.0,27.0,135.5,172.1,45.7,127.4,136.7,45.9,40.0,44.0,2824.0,102.25,8.0,1.0,0.0,0.0,0.0,0.0,480.0,40.573432206541035,55.1029,77.8548,35.3603,38.688900000000004,1,0
94250.0,2.0,23.0,117.7,166.7,42.4,118.3,131.6,39.8,37.5,41.0,,,7.0,0.0,1.0,0.0,0.0,1.0,60.0,49.4227344646422,58.243199999999995,57.2525,24.9195,29.2107,0,0
94251.0,2.0,22.0,65.1,162.0,24.8,81.9,94.2,29.3,36.2,36.8,1214.0,29.21,9.0,0.0,1.0,0.0,0.0,1.0,360.0,36.44731343242575,23.8788,39.405,17.747799999999998,19.1585,0,0
94258.0,1.0,51.0,95.6,182.6,28.7,105.2,105.2,33.0,40.5,44.4,1754.0,74.03999999999998,6.5,1.0,1.0,0.0,0.0,0.0,120.0,29.857092882314735,28.7882,64.6116,28.758599999999998,32.0258,0,0
94259.0,2.0,50.0,63.8,166.6,23.0,83.9,99.4,29.7,35.4,35.9,1519.0,52.75999999999999,7.5,0.0,1.0,1.0,0.0,0.0,60.0,35.42852306908234,22.6899,39.5237,17.1474,19.582099999999997,0,0
94260.0,2.0,48.0,74.6,147.0,34.5,105.2,117.0,29.8,32.4,35.4,1027.0,32.0,7.0,0.0,0.0,1.0,0.0,0.0,120.0,47.674251613048355,35.8189,37.4681,14.8164,19.9329,1,0
94270.0,1.0,33.0,65.4,162.1,24.9,85.6,96.3,28.7,34.7,40.6,1994.0,114.19999999999999,9.0,0.0,0.0,1.0,1.0,1.0,60.0,26.25968699459076,17.2076,46.254599999999996,19.9391,23.3994,0,0
94271.0,1.0,18.0,128.8,170.5,44.3,133.0,126.0,42.9,36.2,41.0,1731.0,114.33999999999999,6.5,1.0,1.0,1.0,1.0,1.0,360.0,43.1977687329348,55.974199999999996,71.22710000000001,31.9992,35.1424,1,0
94274.0,2.0,58.0,98.8,173.3,32.9,117.7,117.9,37.0,39.2,40.0,1433.0,53.7,8.5,0.0,0.0,0.0,1.0,1.0,360.0,48.3130494272508,47.6539,48.9912,18.3345,27.2649,0,0
94279.0,1.0,39.0,68.5,168.3,24.2,85.2,92.5,30.1,34.0,37.1,1749.0,86.1,6.5,0.0,0.0,1.0,1.0,1.0,240.0,22.39840815643125,15.4643,51.486599999999996,23.652800000000003,24.0928,0,0
94281.0,2.0,31.0,115.7,171.1,39.5,123.6,128.6,42.2,36.4,36.3,2740.0,68.69,4.0,1.0,1.0,0.0,0.0,0.0,,46.892170981753985,54.699,59.453199999999995,24.6786,31.2977,0,0
94285.0,1.0,43.0,133.3,174.6,43.7,137.9,141.0,39.1,39.4,37.2,6354.0,117.84,4.0,1.0,1.0,0.0,0.0,0.0,420.0,35.88040481826459,48.0914,83.0349,33.9444,45.181299999999986,1,0
94290.0,2.0,35.0,79.5,154.5,33.3,89.9,115.1,34.8,35.7,38.1,1592.0,53.42,8.0,0.0,0.0,0.0,0.0,1.0,480.0,42.5756557146228,33.9575,43.5956,19.537800000000004,20.9041,0,0
94291.0,2.0,27.0,60.2,147.2,27.8,85.0,93.5,29.3,32.5,34.0,1759.0,117.01,7.0,0.0,1.0,1.0,1.0,1.0,420.0,32.99005866650804,19.9656,38.564,17.052100000000003,18.5936,0,0
94295.0,2.0,48.0,81.3,157.4,32.8,99.8,118.7,32.6,38.5,38.5,2105.0,51.82,7.0,0.0,0.0,0.0,0.0,1.0,480.0,46.837495777621875,38.0063,41.2131,17.879800000000003,20.6479,0,0
94304.0,1.0,40.0,65.5,167.2,23.4,81.0,92.7,30.5,34.3,39.4,2013.0,62.46000000000001,9.0,0.0,0.0,0.0,0.0,0.0,900.0,27.336541026611737,17.9943,45.699400000000004,20.7633,21.425099999999997,0,0
94305.0,2.0,18.0,60.4,152.2,26.1,82.5,100.2,30.9,34.5,34.1,2090.0,70.61999999999999,5.0,0.0,1.0,0.0,0.0,0.0,360.0,40.549519983308926,24.6051,34.1924,14.466,17.1267,0,0
94306.0,2.0,22.0,53.7,170.2,18.5,75.7,91.4,23.9,35.7,37.8,2525.0,84.81,8.5,1.0,1.0,1.0,1.0,1.0,60.0,20.180425182248644,10.8845,40.837300000000006,17.0068,21.1638,0,0
94314.0,1.0,48.0,70.0,171.8,23.7,88.6,94.8,31.5,40.0,39.9,2429.0,124.87000000000003,8.5,0.0,0.0,0.0,0.0,0.0,60.0,25.453632800550814,18.2145,51.198,22.1995,25.6771,0,0
94319.0,1.0,44.0,78.6,172.4,26.4,96.3,100.1,33.3,39.6,42.2,2325.0,51.61,8.0,0.0,0.0,1.0,1.0,1.0,480.0,26.107506761157335,20.660400000000003,56.0227,25.0625,27.908900000000003,0,0
94324.0,2.0,50.0,79.4,159.0,31.4,102.5,104.7,34.6,35.3,35.8,2323.0,90.85000000000002,10.5,0.0,1.0,1.0,0.0,1.0,480.0,41.44982217938132,33.1024,45.0478,19.0601,23.2896,0,0
94328.0,2.0,29.0,46.7,156.1,19.2,72.0,87.9,22.5,32.0,34.8,,,7.0,0.0,0.0,0.0,1.0,1.0,480.0,31.847429435730728,14.9559,30.2775,11.9051,15.5818,0,1
94330.0,2.0,57.0,89.0,154.5,37.3,121.8,128.0,32.3,34.5,32.3,1337.0,82.25,8.5,1.0,0.0,0.0,0.0,1.0,240.0,41.84318213497575,36.953300000000006,49.583,19.729200000000002,27.019800000000004,0,0
94337.0,1.0,44.0,138.2,172.9,46.2,133.8,134.3,45.3,41.2,40.3,6237.0,214.68000000000006,,1.0,1.0,0.0,0.0,0.0,480.0,38.1539637731446,52.660199999999996,82.6835,37.1798,40.9861,0,0
94339.0,1.0,37.0,83.4,162.5,31.6,100.7,108.1,35.4,35.0,39.0,2333.0,128.04999999999998,8.0,1.0,1.0,1.0,0.0,0.0,180.0,31.010770409159647,25.8992,55.5825,24.928399999999996,27.0383,1,0
94341.0,1.0,24.0,94.9,178.7,29.7,103.2,107.0,35.5,38.4,42.8,,,6.0,1.0,0.0,1.0,1.0,0.0,420.0,31.66834335056945,30.412,62.8216,27.7475,31.3854,0,0
94342.0,2.0,57.0,89.0,160.3,34.6,99.0,114.5,35.4,38.0,40.0,562.0,26.499999999999996,5.0,0.0,1.0,0.0,0.0,0.0,360.0,43.521508838795754,38.621,48.461800000000004,20.892199999999995,24.400600000000004,0,0
94350.0,1.0,54.0,83.6,171.4,28.5,100.2,102.7,32.2,39.5,42.8,3493.0,84.16000000000001,6.0,0.0,0.0,1.0,1.0,1.0,480.0,26.761171536613464,22.5039,59.0335,27.4787,28.6802,0,0
94353.0,2.0,19.0,50.4,159.3,19.9,80.4,91.1,26.2,35.3,36.5,,,8.0,0.0,0.0,0.0,0.0,0.0,420.0,39.70985361105673,20.0398,28.9447,11.9484,14.7045,0,1
94356.0,1.0,58.0,91.3,182.1,27.5,105.1,103.4,33.5,42.2,44.0,7627.0,354.1800000000001,9.0,0.0,0.0,1.0,0.0,0.0,120.0,25.754379973746378,23.7712,65.5226,30.8469,31.451400000000003,0,0
94359.0,1.0,36.0,83.8,164.7,30.9,106.0,100.6,34.4,35.4,37.5,2685.0,194.62,7.0,0.0,0.0,0.0,0.0,0.0,120.0,30.5129292423901,25.7965,56.5922,24.402300000000004,28.6063,0,0
94360.0,1.0,44.0,101.5,178.9,31.7,115.8,102.4,35.3,42.1,39.3,1687.0,75.08,9.0,1.0,1.0,0.0,0.0,0.0,480.0,32.675270060797544,33.0442,65.0014,26.4525,35.158899999999996,0,0
94361.0,2.0,38.0,78.2,153.5,33.2,99.9,113.7,36.5,34.7,34.6,,,8.0,0.0,1.0,1.0,0.0,0.0,60.0,48.73273455686515,38.605199999999996,38.596599999999995,15.9104,19.7052,1,0
94364.0,2.0,19.0,75.9,166.3,27.4,90.0,102.2,31.5,38.0,41.5,1365.0,65.14,6.5,0.0,1.0,0.0,1.0,1.0,120.0,44.36376035846925,33.514900000000004,39.7483,17.4277,19.7375,0,0
94365.0,1.0,22.0,54.5,164.1,20.2,70.5,83.0,26.1,36.0,41.0,722.0,17.490000000000002,4.5,0.0,0.0,1.0,0.0,0.0,480.0,13.323345690924787,7.3458000000000006,45.493199999999995,21.191100000000002,21.2435,0,0
94366.0,1.0,25.0,78.9,176.6,25.3,87.5,100.4,34.1,39.0,44.3,2681.0,162.82,8.0,0.0,0.0,0.0,1.0,0.0,660.0,30.57186617573393,24.1802,52.3125,24.1192,25.0601,0,0
94375.0,2.0,30.0,55.4,159.7,21.7,77.5,93.2,28.6,35.2,33.5,1023.0,34.63,8.5,1.0,1.0,0.0,0.0,0.0,240.0,37.11712051633535,20.8549,33.4405,14.2759,16.5261,0,0
94382.0,2.0,32.0,51.7,165.1,19.0,70.5,89.7,26.1,34.6,38.4,1487.0,55.19,10.5,0.0,1.0,1.0,0.0,1.0,360.0,27.996763724021267,14.485100000000001,35.3823,15.8,17.0888,0,0
94385.0,2.0,48.0,72.5,165.6,26.4,87.2,105.3,30.4,33.9,39.2,,,7.5,0.0,1.0,0.0,0.0,0.0,240.0,41.374777576505664,30.1977,40.4139,17.3195,19.9037,0,0
94388.0,2.0,33.0,90.6,165.4,33.1,91.7,106.5,38.0,38.4,43.5,2848.0,143.76,9.0,0.0,1.0,0.0,1.0,0.0,300.0,37.15757340873441,33.7771,54.1704,26.477300000000003,24.1311,0,0
94392.0,1.0,25.0,83.3,182.0,25.1,85.4,97.1,33.3,40.7,45.2,3708.0,126.17999999999998,7.0,0.0,1.0,1.0,1.0,1.0,240.0,15.610205388237372,13.124799999999999,67.7607,33.2958,30.9316,0,0
94393.0,1.0,36.0,81.5,166.4,29.4,92.7,104.3,39.5,37.5,39.4,5588.0,296.91999999999996,4.5,1.0,1.0,1.0,1.0,0.0,60.0,23.82265496867974,19.4725,60.1555,29.438500000000005,27.5527,0,0
94401.0,1.0,57.0,67.5,162.8,25.5,93.2,87.5,29.5,36.5,36.0,3335.0,104.76999999999997,6.0,1.0,1.0,0.0,0.0,1.0,180.0,25.578552685552204,17.3726,48.292,21.616,23.4025,0,0
94405.0,2.0,39.0,78.6,159.1,31.1,94.3,112.3,32.4,34.3,31.7,1851.0,44.75999999999999,,0.0,0.0,0.0,0.0,0.0,120.0,37.696146876469726,29.8242,46.9186,17.998900000000003,26.0612,0,0
94409.0,1.0,23.0,59.0,173.8,19.5,70.5,89.8,28.4,37.0,43.9,3476.0,80.51,8.0,1.0,1.0,1.0,0.0,1.0,240.0,16.820270369897827,9.993,47.0329,21.6866,22.208099999999998,0,0
94414.0,1.0,32.0,118.1,169.8,41.0,118.4,124.9,43.6,37.7,45.5,582.0,25.880000000000003,7.0,0.0,0.0,1.0,0.0,0.0,300.0,37.917836412272386,44.6739,70.25580000000001,31.847399999999997,34.259,1,0
94415.0,1.0,37.0,65.3,168.0,23.1,85.0,88.5,30.5,39.8,37.4,2261.0,92.1,8.0,1.0,1.0,0.0,0.0,0.0,120.0,18.595974128637064,12.220799999999999,51.211800000000004,23.8819,24.259900000000002,0,0
94416.0,2.0,28.0,105.4,177.7,33.4,119.7,113.5,38.5,40.8,37.0,2983.0,38.62,6.5,0.0,1.0,0.0,0.0,0.0,480.0,40.62176896502054,43.091800000000006,60.460300000000004,25.4155,31.6753,0,0
94433.0,1.0,46.0,118.1,180.5,36.2,121.6,116.2,41.0,40.6,41.3,2674.0,140.10999999999999,9.0,0.0,1.0,1.0,0.0,0.0,30.0,31.720255840024,37.735,77.63380000000001,32.2857,41.0222,0,0
94434.0,2.0,26.0,68.6,158.6,27.3,90.7,107.2,30.9,35.8,38.5,1185.0,36.25000000000001,8.0,0.0,0.0,1.0,0.0,0.0,240.0,43.03102551884764,29.657,37.2055,16.1116,18.3017,0,0
94443.0,1.0,32.0,75.0,157.5,30.2,94.6,102.3,35.7,34.5,41.6,1518.0,53.58,9.5,1.0,1.0,0.0,0.0,0.0,120.0,25.970489382254925,19.6745,54.0409,24.192800000000002,26.518,0,0
94445.0,1.0,53.0,74.6,174.0,24.6,92.7,95.7,31.0,38.8,39.6,2842.0,98.56,7.0,1.0,1.0,0.0,0.0,0.0,240.0,30.902089433416997,23.2744,49.6721,21.1308,25.274900000000002,0,1
94450.0,1.0,30.0,105.1,179.6,32.6,113.8,104.9,34.9,36.2,42.1,,,7.0,1.0,0.0,0.0,0.0,0.0,20.0,28.595942906095573,30.119,72.357,31.177400000000002,37.8251,0,0
94453.0,2.0,20.0,85.8,166.4,31.0,97.7,117.5,33.9,37.0,39.5,1617.0,40.36000000000001,8.0,0.0,1.0,0.0,0.0,1.0,60.0,40.582034273008276,34.866699999999994,48.8966,20.317800000000002,25.674100000000006,0,0
94457.0,2.0,46.0,67.7,164.6,25.0,85.9,103.7,28.2,35.6,34.2,2009.0,68.8,7.5,0.0,0.0,0.0,0.0,0.0,480.0,36.106610400408684,24.6177,41.604,16.2671,22.427400000000002,0,0
94461.0,2.0,19.0,65.7,156.1,27.0,89.7,100.6,32.1,33.5,38.4,1245.0,69.74000000000001,7.5,1.0,1.0,0.0,1.0,0.0,180.0,36.61270709834321,24.2802,39.6541,17.6537,19.1807,0,0
94463.0,2.0,26.0,111.9,162.1,42.6,117.2,134.6,43.0,41.0,40.0,1211.0,61.95,3.0,1.0,0.0,0.0,0.0,0.0,120.0,45.37030483337918,50.8958,58.539,25.437,29.6393,0,0
94465.0,1.0,31.0,106.2,185.4,30.9,104.7,109.4,38.0,40.7,42.0,7021.0,213.77,7.0,1.0,1.0,0.0,0.0,0.0,240.0,23.041577064509504,24.4693,78.5091,35.19970000000001,39.292,0,0
94467.0,2.0,18.0,56.3,161.6,21.6,75.3,91.9,26.5,33.5,36.8,1967.0,106.12,9.0,0.0,0.0,0.0,1.0,0.0,300.0,33.4304970377506,18.9969,35.7656,14.714599999999999,17.8508,0,0
94469.0,2.0,37.0,103.3,163.3,38.7,95.6,132.4,39.2,37.8,44.3,840.0,57.92,8.5,0.0,1.0,0.0,1.0,1.0,180.0,48.27208786661897,50.1192,51.384800000000006,24.917800000000003,23.3534,0,0
94471.0,2.0,42.0,76.5,161.3,29.4,101.6,103.2,32.8,37.2,38.1,2751.0,108.92000000000002,7.0,0.0,0.0,1.0,0.0,0.0,120.0,37.008607792652796,28.4704,46.196400000000004,19.6272,23.6943,0,0
94474.0,1.0,55.0,77.4,183.6,23.0,90.5,94.0,29.3,41.5,39.6,2129.0,89.51,7.0,0.0,1.0,1.0,0.0,1.0,240.0,26.61799379311586,20.7047,54.4032,21.503,29.6584,0,1
94477.0,2.0,58.0,39.4,151.7,17.1,57.9,78.6,22.8,31.8,35.1,1582.0,51.459999999999994,8.5,0.0,0.0,0.0,0.0,0.0,300.0,23.506008434034417,9.2959,28.622799999999998,12.6265,13.460899999999999,0,1
94478.0,2.0,37.0,60.6,163.6,22.6,76.1,97.5,28.4,37.0,41.5,1106.0,56.589999999999996,9.5,0.0,0.0,0.0,1.0,1.0,360.0,36.02797326388292,22.016099999999998,37.047599999999996,16.267300000000002,17.7162,0,0
94481.0,2.0,31.0,86.9,162.0,33.1,111.0,111.2,37.0,37.3,39.7,1933.0,36.39,7.5,0.0,1.0,0.0,0.0,0.0,300.0,45.34814470752442,39.443,45.2124,19.283600000000003,22.9358,0,0
94487.0,1.0,29.0,96.9,179.2,30.2,97.7,113.1,38.2,40.0,43.5,1507.0,72.94000000000001,6.5,0.0,0.0,0.0,1.0,1.0,480.0,28.826408064109714,28.017,66.1708,33.4912,29.4348,0,0
94488.0,2.0,38.0,67.1,159.3,26.4,93.5,102.4,31.3,35.0,38.2,1794.0,89.56,7.0,0.0,0.0,0.0,0.0,1.0,60.0,35.30358751504621,23.7802,41.4545,17.5817,21.0506,0,0
94497.0,1.0,45.0,82.1,168.6,28.9,101.2,97.9,35.1,34.0,39.0,3613.0,57.37,7.0,1.0,0.0,0.0,0.0,0.0,120.0,35.39103861490325,29.3141,51.1386,20.9429,26.6864,1,0
94501.0,2.0,41.0,93.5,162.8,35.3,101.1,120.2,44.3,37.6,37.6,1828.0,53.160000000000004,8.0,1.0,1.0,0.0,0.0,1.0,360.0,47.04667795785229,44.0584,47.5926,20.6564,24.0944,0,0
94503.0,2.0,52.0,57.9,173.6,19.2,75.9,89.4,26.2,38.0,42.5,2322.0,79.72,6.0,1.0,1.0,0.0,0.0,0.0,480.0,30.62397381183218,17.8719,38.2502,16.974,18.2953,0,0
94509.0,2.0,53.0,74.5,168.2,26.3,102.2,110.9,32.1,37.4,39.6,1221.0,32.04,5.0,0.0,1.0,0.0,1.0,0.0,480.0,50.31805625010593,37.7026,35.3701,15.007599999999998,18.0605,0,1
94512.0,2.0,43.0,61.2,155.4,25.3,83.7,100.3,31.1,34.2,33.9,2533.0,106.37999999999998,5.5,0.0,0.0,1.0,0.0,0.0,180.0,37.4406318217336,23.0377,36.4543,14.416199999999998,19.409,0,0
94515.0,2.0,58.0,98.0,148.3,44.6,120.6,125.6,40.2,30.2,32.7,,,6.0,0.0,0.0,0.0,0.0,0.0,240.0,47.71059472318539,46.6611,49.3361,18.613400000000002,27.6895,1,0
94516.0,2.0,19.0,62.3,158.9,24.7,83.9,100.0,27.2,38.4,41.0,1667.0,70.32,5.5,0.0,0.0,1.0,0.0,0.0,480.0,35.887353885648835,22.4452,38.0899,17.578799999999998,17.265700000000002,0,0
94517.0,1.0,19.0,84.2,169.0,29.5,102.9,101.2,34.5,40.1,40.5,3121.0,73.47,9.0,0.0,0.0,1.0,1.0,1.0,300.0,29.57558607115042,25.1502,57.4055,25.282199999999996,29.0292,0,0
94519.0,1.0,59.0,94.2,178.3,29.6,103.3,105.8,32.7,38.9,41.6,3488.0,144.14000000000004,4.5,0.0,1.0,0.0,0.0,1.0,300.0,26.020327748830407,24.5655,66.87360000000001,30.8406,32.504,0,0
94530.0,1.0,22.0,64.9,157.7,26.1,77.4,97.0,32.2,34.9,39.9,763.0,9.83,8.0,0.0,0.0,1.0,1.0,0.0,300.0,26.149578107978293,17.2588,46.1775,21.2479,21.9782,0,0
94531.0,2.0,34.0,73.6,157.6,29.6,101.7,104.7,33.3,36.4,38.7,1381.0,36.94,7.0,1.0,1.0,0.0,0.0,0.0,120.0,39.195926757956634,29.1324,43.374300000000005,18.4389,21.810299999999998,0,0
94532.0,2.0,36.0,72.6,155.1,30.2,99.7,103.1,32.4,34.5,37.0,2436.0,86.44000000000001,10.0,0.0,0.0,0.0,0.0,0.0,240.0,37.16939393062981,27.6313,44.5064,17.3385,23.8428,0,0
94546.0,2.0,19.0,66.1,164.0,24.6,76.9,101.3,31.4,36.0,38.5,1555.0,43.07,7.5,0.0,1.0,0.0,1.0,0.0,300.0,31.103831191078378,20.762700000000002,43.560199999999995,19.5201,21.3594,0,0
94552.0,2.0,56.0,59.5,156.4,24.3,94.0,97.9,25.8,35.1,37.4,1164.0,34.339999999999996,7.0,0.0,0.0,1.0,0.0,0.0,480.0,45.685003311648465,26.9835,30.7548,11.9103,16.022100000000002,1,1
94555.0,1.0,19.0,64.4,164.4,23.8,83.7,94.6,32.0,33.6,41.4,2896.0,286.27,8.0,0.0,1.0,1.0,1.0,0.0,300.0,26.326842424317405,17.0242,45.445699999999995,21.1487,21.1497,0,0
94559.0,1.0,41.0,99.0,164.1,36.8,110.1,110.0,36.0,37.4,40.7,4301.0,113.28999999999999,7.0,0.0,1.0,0.0,0.0,1.0,180.0,30.546503660920298,30.4145,66.2655,28.430999999999997,33.9754,1,0
94560.0,2.0,24.0,104.9,171.1,35.8,125.7,117.6,34.0,39.2,36.9,4808.0,157.14,7.5,1.0,1.0,0.0,0.0,0.0,480.0,39.63664349259183,41.5111,60.5994,24.038700000000002,33.1775,0,0
94565.0,2.0,45.0,94.3,168.4,33.3,111.1,122.8,35.8,40.0,40.6,2592.0,76.07999999999998,11.0,1.0,1.0,1.0,0.0,1.0,45.0,45.44738339159596,43.0922,48.9328,20.154400000000003,25.1307,0,0
94569.0,2.0,27.0,58.7,152.7,25.2,84.0,92.7,29.5,34.0,38.0,2069.0,66.31,8.0,0.0,1.0,0.0,1.0,0.0,600.0,36.301698985142615,21.3949,35.4988,14.799,18.1324,0,0
94570.0,1.0,48.0,93.4,166.6,33.7,109.4,108.5,34.8,34.2,38.1,3204.0,84.9,9.0,0.0,0.0,0.0,0.0,0.0,900.0,30.776255397662943,29.0035,62.4991,25.3766,33.2954,1,0
94577.0,2.0,30.0,60.7,175.9,19.6,81.6,94.2,27.1,38.0,40.5,872.0,45.52,9.0,0.0,1.0,0.0,1.0,1.0,600.0,33.42772752470254,20.3577,38.4907,16.452599999999997,19.6613,0,1
94579.0,1.0,52.0,82.1,171.7,27.8,101.0,103.2,36.5,39.0,42.0,1571.0,52.169999999999995,6.5,0.0,0.0,1.0,0.0,0.0,60.0,29.599613753565123,24.4064,55.534,27.9909,24.768,0,0
94587.0,2.0,19.0,50.7,158.6,20.2,69.5,91.5,24.6,34.2,36.2,2723.0,56.31,8.5,0.0,0.0,0.0,0.0,0.0,420.0,31.329372524741245,15.8798,33.2374,13.7708,16.8477,0,1
94589.0,1.0,33.0,102.1,183.2,30.4,103.1,109.5,38.3,43.2,44.7,3034.0,139.15,7.5,1.0,1.0,0.0,0.0,0.0,300.0,30.085442704276716,30.7278,68.7065,32.9543,32.4328,0,0
94591.0,1.0,42.0,89.0,178.0,28.1,109.5,100.2,34.2,40.0,39.3,3142.0,118.47999999999999,7.5,0.0,1.0,0.0,0.0,0.0,300.0,32.37326285886124,29.0341,58.466,26.1747,29.3968,0,0
94596.0,1.0,45.0,74.6,175.8,24.1,93.5,96.5,30.6,38.0,40.5,2561.0,117.27,6.5,0.0,0.0,0.0,1.0,1.0,780.0,24.9442050484444,18.732200000000002,54.226099999999995,24.352700000000002,26.547,0,0
94605.0,1.0,42.0,92.5,170.6,31.8,108.9,102.8,36.5,40.5,43.9,2529.0,148.73,6.0,1.0,1.0,1.0,0.0,1.0,420.0,30.78284166525785,28.6601,61.969800000000006,28.6494,30.1052,0,0
94608.0,1.0,24.0,81.7,182.9,24.4,89.4,100.0,33.1,39.3,45.4,2028.0,64.54,7.5,1.0,1.0,0.0,1.0,1.0,120.0,23.701194957528468,19.4561,59.7965,26.000799999999998,30.292099999999998,0,0
94615.0,2.0,47.0,101.8,165.0,37.4,121.9,127.5,38.8,35.5,38.0,1296.0,29.189999999999998,7.0,0.0,0.0,0.0,0.0,1.0,300.0,48.06348516322031,49.0456,50.8137,21.5834,25.975800000000003,0,0
94618.0,1.0,49.0,101.8,176.5,32.7,119.2,109.9,38.7,39.7,41.7,3227.0,112.33000000000001,6.5,0.0,1.0,0.0,1.0,1.0,720.0,31.242670951936276,32.0247,67.3993,29.967200000000002,33.5716,0,0
94623.0,2.0,48.0,66.2,166.5,23.9,95.7,96.3,32.0,37.5,37.6,2660.0,74.62,8.5,0.0,1.0,0.0,0.0,1.0,180.0,37.825324672119336,25.2873,39.4088,16.6764,20.0765,0,0
94624.0,1.0,38.0,65.3,159.4,25.7,87.1,92.6,31.0,34.6,37.3,1834.0,73.86,9.5,0.0,1.0,1.0,0.0,0.0,180.0,30.292100005317817,19.9372,43.951800000000006,20.3612,20.5168,0,0
94625.0,1.0,22.0,66.7,173.4,22.2,71.6,91.0,30.5,40.0,45.0,1262.0,38.03,9.0,0.0,1.0,1.0,0.0,0.0,120.0,15.121112236574156,10.137799999999999,53.504400000000004,25.941699999999997,24.3304,0,0
94627.0,1.0,59.0,92.1,157.0,37.4,119.4,119.2,34.0,36.0,36.0,1591.0,54.91000000000001,11.0,0.0,0.0,0.0,0.0,0.0,600.0,32.9097274381288,29.659,57.6902,23.312199999999997,31.1325,1,0
94638.0,1.0,35.0,104.1,177.8,32.9,107.3,109.0,39.0,40.3,42.8,1800.0,69.03,7.0,1.0,0.0,0.0,0.0,1.0,240.0,30.76965261322689,32.318400000000004,69.7494,33.752900000000004,32.2273,0,0
94644.0,1.0,24.0,58.9,176.4,18.9,68.5,88.4,26.0,37.0,42.4,2538.0,95.53,8.0,0.0,1.0,1.0,0.0,0.0,420.0,16.416127487775842,9.614,46.782,21.4894,22.5323,0,1
94651.0,2.0,57.0,99.2,155.5,41.0,120.8,125.9,38.0,37.0,34.2,2305.0,120.85999999999999,7.0,0.0,1.0,0.0,0.0,1.0,720.0,49.68179458005041,49.2188,48.0978,19.491199999999996,25.4537,1,0
94660.0,2.0,40.0,81.0,157.4,32.7,101.8,108.8,34.7,35.8,36.5,1061.0,45.18,5.0,0.0,0.0,0.0,0.0,0.0,600.0,43.253028395934706,35.2881,44.1669,17.7678,23.2754,0,0
94664.0,1.0,41.0,59.4,165.5,21.7,76.5,85.4,30.4,35.8,38.4,3550.0,185.49000000000004,8.0,0.0,0.0,1.0,0.0,1.0,600.0,22.8982670915311,13.7455,44.0732,20.1857,20.7544,0,0
94669.0,1.0,38.0,89.7,189.3,25.0,92.8,105.3,30.8,39.8,45.6,1998.0,70.4,9.5,0.0,0.0,1.0,1.0,1.0,120.0,25.834054679010432,23.4908,63.9536,28.9486,31.130599999999998,0,0
94672.0,2.0,29.0,88.5,157.4,35.7,107.8,115.2,37.7,33.7,37.5,1054.0,46.48,7.0,1.0,0.0,0.0,0.0,1.0,600.0,45.108482588153244,39.995400000000004,46.6091,19.917099999999998,23.742,0,0
94677.0,2.0,25.0,96.4,165.3,35.3,106.1,119.9,38.0,35.1,40.5,1694.0,42.96,8.0,1.0,1.0,0.0,1.0,1.0,120.0,43.8317402128167,42.3285,51.964,22.986800000000002,26.0183,0,0
94678.0,2.0,58.0,71.4,171.9,24.2,82.7,103.4,30.2,36.2,40.2,1816.0,82.32,9.0,1.0,1.0,0.0,1.0,1.0,300.0,29.150159269733056,20.875700000000002,47.8248,20.5785,24.4528,0,0
94684.0,2.0,38.0,79.2,164.7,29.2,99.2,112.7,34.3,35.5,40.7,1670.0,43.24999999999999,9.5,0.0,1.0,0.0,0.0,0.0,300.0,44.18847924769182,35.0694,42.3777,17.6466,21.979400000000002,0,0
94685.0,2.0,47.0,103.8,164.2,38.5,111.5,127.7,38.4,37.1,37.0,3155.0,114.86,9.0,0.0,0.0,0.0,0.0,0.0,180.0,40.858311464821476,42.7061,58.8876,25.7179,29.5403,0,0
94686.0,2.0,33.0,76.2,172.5,25.6,97.7,104.0,27.8,39.1,40.6,2513.0,89.85999999999999,9.5,0.0,0.0,1.0,0.0,1.0,180.0,39.711094536630284,30.6571,44.2573,18.0148,23.0171,0,0
94687.0,2.0,35.0,55.3,158.0,22.2,85.1,87.6,27.0,32.1,37.9,,,8.0,1.0,1.0,0.0,1.0,1.0,180.0,32.20254379666845,17.954099999999997,35.989,15.3894,18.1229,0,0
94689.0,1.0,22.0,81.0,161.9,30.9,96.6,100.7,34.5,36.3,39.0,2367.0,102.03,6.0,1.0,1.0,0.0,0.0,0.0,180.0,30.196552964967623,24.6127,54.6472,25.151699999999998,25.6917,0,0
94696.0,2.0,43.0,55.6,158.4,22.2,79.2,96.3,25.4,32.2,34.1,2598.0,100.60000000000001,9.0,0.0,0.0,0.0,1.0,1.0,360.0,31.747519515820205,17.5454,35.9407,14.8499,18.593,0,0
94697.0,2.0,23.0,52.6,169.1,18.4,72.0,91.4,23.9,35.8,41.6,1873.0,113.04,8.0,0.0,1.0,1.0,1.0,1.0,180.0,32.267250472139764,16.9968,33.8265,14.489,16.980400000000003,0,1
94698.0,2.0,59.0,52.3,159.7,20.5,85.5,89.8,24.5,31.8,33.4,3061.0,80.0,6.5,1.0,1.0,0.0,0.0,0.0,180.0,35.023732191362846,18.4459,32.493900000000004,12.815400000000002,16.8178,0,1
94713.0,2.0,56.0,68.2,159.4,26.8,91.6,96.2,32.0,36.8,35.5,,,8.0,0.0,0.0,1.0,0.0,1.0,720.0,35.616163618651235,24.648799999999998,42.296699999999994,18.8492,20.615599999999997,0,0
94720.0,1.0,22.0,93.7,166.3,33.9,107.2,109.8,41.8,37.2,44.5,3709.0,95.73999999999998,6.0,1.0,0.0,0.0,1.0,1.0,540.0,31.91967199553329,30.1738,61.826,28.1333,29.8244,0,0
94721.0,1.0,30.0,131.6,171.7,44.6,127.8,124.7,40.1,39.7,41.2,3588.0,181.06999999999996,7.0,1.0,1.0,0.0,1.0,0.0,480.0,34.89937144588346,46.0893,83.26310000000001,38.468,40.708400000000005,0,0
94723.0,2.0,18.0,59.1,174.3,19.5,75.9,92.3,25.9,34.5,43.2,2334.0,80.56,8.0,0.0,0.0,0.0,0.0,0.0,420.0,32.34846607089455,19.210900000000002,38.060300000000005,17.0321,18.3352,0,0
94725.0,1.0,56.0,102.0,169.2,35.6,118.2,108.5,39.8,38.5,40.8,1696.0,89.18999999999998,5.0,0.0,0.0,0.0,1.0,1.0,960.0,25.868323200108435,26.7957,73.9685,32.285599999999995,38.0733,0,0
94731.0,2.0,44.0,79.2,172.6,26.6,98.9,106.6,33.7,40.2,42.2,2018.0,96.32,6.5,0.0,0.0,0.0,0.0,0.0,240.0,36.60129153593952,29.0365,47.9384,20.599199999999996,23.916700000000002,0,0
94736.0,1.0,51.0,71.8,167.4,25.6,75.0,96.8,28.7,38.4,38.2,1012.0,64.66000000000001,7.0,0.0,0.0,1.0,1.0,1.0,480.0,29.817537518953564,21.4701,48.203199999999995,22.431099999999997,22.495099999999997,0,0
94739.0,1.0,57.0,84.1,175.9,27.2,101.6,97.3,31.0,36.8,39.9,2055.0,60.87000000000001,8.0,0.0,0.0,0.0,0.0,1.0,600.0,31.026434212049185,26.1908,55.285,22.6645,29.072200000000002,0,0
94740.0,2.0,46.0,52.7,155.3,21.9,78.2,88.4,28.2,31.8,36.0,2458.0,95.74,6.0,0.0,0.0,0.0,0.0,0.0,120.0,28.737290389467347,15.2786,35.9354,14.344100000000001,18.690900000000003,0,0
94745.0,1.0,19.0,100.4,179.2,31.3,106.0,116.5,36.5,40.0,45.3,2978.0,109.26000000000002,10.5,0.0,1.0,1.0,0.0,0.0,240.0,36.3581719730722,36.6193,61.5614,27.8385,30.256400000000003,0,0
94747.0,2.0,59.0,62.8,158.8,24.9,93.3,97.8,29.0,34.0,37.0,459.0,21.540000000000003,5.0,1.0,1.0,1.0,1.0,1.0,60.0,40.8576550531783,25.9479,35.844800000000006,13.5282,19.7553,0,1
94757.0,1.0,19.0,52.2,177.0,16.7,65.8,84.9,23.0,38.0,39.2,3070.0,82.52000000000001,8.0,0.0,0.0,1.0,0.0,0.0,240.0,14.535619192191685,7.6297,42.4489,19.4777,20.1872,0,1
94761.0,1.0,24.0,74.4,164.3,27.6,95.3,97.3,32.7,33.5,38.6,2262.0,81.15,7.0,0.0,1.0,0.0,1.0,1.0,480.0,31.160027673289992,23.164,49.4179,21.3882,24.8838,1,0
94763.0,1.0,43.0,125.3,187.4,35.7,120.8,116.8,42.6,43.3,45.3,1309.0,63.949999999999996,7.5,0.0,0.0,0.0,1.0,0.0,480.0,33.17612913921646,41.844,80.3304,36.1541,39.9497,0,0
94765.0,1.0,55.0,77.4,172.0,26.2,98.5,96.7,31.4,40.5,41.2,891.0,38.62,6.0,0.0,1.0,1.0,0.0,1.0,120.0,20.95186549802944,16.3596,58.7738,26.2097,29.4272,0,0
94773.0,1.0,32.0,85.6,166.7,30.8,99.4,106.1,36.5,37.2,39.2,2632.0,119.50999999999998,7.0,0.0,0.0,1.0,1.0,1.0,420.0,31.244696139527505,27.0983,57.3648,25.0396,28.6363,0,0
94775.0,2.0,26.0,81.1,159.3,32.0,100.5,110.8,34.4,36.7,41.2,1593.0,37.900000000000006,6.5,0.0,0.0,0.0,1.0,0.0,1020.0,42.32390688941838,34.472199999999994,44.8029,20.9414,20.6525,0,0
94785.0,1.0,55.0,72.5,165.0,26.6,94.7,95.6,28.1,35.6,34.0,,,6.0,0.0,0.0,0.0,1.0,0.0,300.0,22.918598554963594,16.672900000000002,53.438900000000004,23.0427,27.099400000000003,0,0
94786.0,2.0,24.0,86.7,164.7,32.0,102.3,111.1,36.8,37.0,38.3,1460.0,65.13000000000001,9.0,0.0,1.0,0.0,0.0,1.0,240.0,44.95111468746834,39.002900000000004,45.6297,20.1922,22.4896,0,0
94787.0,1.0,19.0,79.8,173.2,26.6,96.9,100.9,31.8,36.4,43.4,3117.0,122.94,6.0,1.0,1.0,1.0,0.0,1.0,180.0,31.378708052891653,24.822400000000002,52.2316,23.716800000000003,25.427799999999998,0,0
94793.0,1.0,40.0,92.6,167.8,32.9,105.0,107.5,37.0,35.2,38.5,4486.0,158.83999999999997,5.5,1.0,1.0,0.0,0.0,0.0,300.0,26.484885574055806,24.8199,66.1028,30.4871,31.753700000000002,0,0
94795.0,2.0,27.0,53.8,160.0,21.0,72.2,91.4,23.5,35.3,36.9,1148.0,48.38000000000001,9.0,0.0,0.0,0.0,1.0,1.0,600.0,23.66453571074288,12.715,39.0328,17.1629,19.497700000000005,0,0
94801.0,1.0,45.0,96.1,176.4,30.9,95.1,105.4,38.8,42.1,43.8,3213.0,240.23999999999998,6.0,0.0,0.0,0.0,1.0,0.0,420.0,24.06732178332025,23.2024,69.9726,34.2905,32.1494,0,0
94802.0,1.0,22.0,86.4,166.4,31.2,98.0,108.7,37.6,37.5,42.2,,,6.0,0.0,0.0,0.0,1.0,1.0,600.0,28.081065827771752,24.4154,60.2775,25.7618,31.061400000000003,0,0
94808.0,2.0,41.0,86.7,163.5,32.4,102.7,109.9,37.2,36.5,40.4,,,4.0,0.0,0.0,0.0,0.0,0.0,480.0,40.87308689384563,35.5582,49.3203,20.3343,25.4698,0,0
94812.0,1.0,46.0,77.9,168.0,27.6,95.6,103.6,32.1,37.6,37.3,1816.0,86.77,6.5,0.0,0.0,1.0,1.0,1.0,420.0,28.132173779295933,21.9483,53.8987,23.973300000000002,26.522299999999998,0,0
94816.0,2.0,18.0,45.7,161.4,17.5,63.6,80.9,23.0,36.0,40.0,837.0,11.86,7.5,0.0,1.0,1.0,0.0,0.0,360.0,22.724420181202824,10.4468,33.4786,14.0833,16.960900000000002,0,1
94844.0,1.0,36.0,87.1,177.0,27.8,97.2,103.2,34.2,40.2,41.3,,,9.5,0.0,0.0,0.0,1.0,1.0,480.0,24.127026222363444,21.215700000000002,63.549800000000005,29.2699,31.2089,0,0
94848.0,2.0,32.0,74.2,160.0,29.0,93.2,108.5,31.2,35.4,37.4,958.0,77.74,6.0,0.0,0.0,0.0,1.0,1.0,480.0,41.70919382781089,30.9636,40.9725,16.674,21.4193,0,0
94850.0,1.0,46.0,57.7,165.1,21.2,77.7,78.9,27.7,35.4,37.8,1476.0,58.26,8.0,1.0,0.0,1.0,0.0,0.0,240.0,19.460488289108703,11.39,44.3988,18.8157,22.2045,0,1
94852.0,1.0,33.0,108.0,173.6,35.8,127.2,118.7,34.0,39.7,43.3,2372.0,44.22,6.5,1.0,1.0,1.0,0.0,1.0,240.0,40.39522234965637,43.8431,62.1327,27.9599,30.0587,1,0
94855.0,1.0,54.0,54.7,168.7,19.2,82.3,86.1,26.3,38.4,39.3,3.0,0.01,14.0,0.0,1.0,0.0,0.0,1.0,600.0,20.12634877525749,11.1189,42.1057,19.050800000000002,20.484299999999998,0,1
94862.0,2.0,53.0,52.3,163.3,19.6,78.5,90.3,26.5,33.5,42.3,991.0,51.53999999999999,7.0,0.0,0.0,0.0,1.0,1.0,480.0,32.592165951072474,17.1798,33.5938,13.898299999999999,16.943,0,1
94863.0,1.0,51.0,92.6,167.8,32.9,118.8,111.2,31.5,37.0,37.0,1944.0,58.14,10.0,0.0,0.0,0.0,0.0,0.0,180.0,36.52504167703683,33.9445,56.4334,24.175,28.1661,1,0
94873.0,1.0,21.0,134.9,172.5,45.3,136.9,128.8,43.1,39.5,41.1,1461.0,44.5,6.0,1.0,0.0,0.0,0.0,1.0,240.0,36.91170233133696,49.683,81.9282,34.428,43.187,1,0
94874.0,1.0,18.0,65.3,165.6,23.8,75.2,92.2,30.5,36.5,40.0,3105.0,70.7,9.0,1.0,0.0,0.0,1.0,0.0,240.0,17.34308092692847,11.408100000000001,51.5689,23.7634,24.6453,0,0
94879.0,2.0,48.0,99.1,175.1,32.3,107.2,128.5,36.4,41.0,44.0,1993.0,62.32,7.5,0.0,0.0,1.0,0.0,1.0,660.0,43.30810655711399,43.0464,53.684599999999996,24.5665,25.9848,0,0
94882.0,2.0,55.0,60.6,158.3,24.2,82.7,89.4,31.8,34.5,36.5,1589.0,54.54999999999999,9.0,0.0,0.0,1.0,0.0,0.0,15.0,27.997738442019887,16.990099999999998,41.6939,17.8717,21.1917,0,0
94883.0,1.0,59.0,85.0,186.0,24.6,96.8,98.6,31.3,39.8,47.6,2258.0,60.989999999999995,9.5,1.0,1.0,0.0,0.0,0.0,180.0,28.29149370450808,24.2425,59.0982,28.209799999999998,27.7811,0,0
94889.0,2.0,41.0,82.2,148.5,37.3,102.1,114.2,40.0,35.1,36.9,2864.0,135.98000000000002,7.0,1.0,1.0,0.0,1.0,1.0,60.0,43.37548401039614,35.9666,44.6749,19.5875,22.4973,0,0
94891.0,2.0,40.0,71.8,162.5,27.2,95.7,103.7,34.1,36.0,40.5,2310.0,67.30000000000001,9.0,0.0,0.0,0.0,0.0,0.0,540.0,38.35869560714094,27.7758,42.180699999999995,18.7478,20.169700000000002,0,0
94894.0,1.0,50.0,126.5,181.3,38.5,132.9,131.6,37.2,43.2,44.8,3579.0,109.46000000000001,7.5,0.0,0.0,0.0,1.0,1.0,600.0,38.5617011694561,48.8405,74.9405,32.6088,38.6103,0,0
94896.0,2.0,50.0,93.5,165.3,34.2,110.4,118.0,39.7,38.0,38.2,890.0,36.19,7.0,1.0,0.0,1.0,0.0,0.0,180.0,48.221198742327324,45.2293,46.508300000000006,20.1572,23.091199999999997,0,0
94906.0,1.0,46.0,74.8,164.4,27.7,96.3,98.4,35.7,34.8,40.2,2568.0,102.92999999999999,10.0,1.0,1.0,0.0,0.0,1.0,720.0,25.49180337658605,19.2093,53.9439,23.994699999999998,26.7561,0,0
94908.0,2.0,56.0,112.4,171.1,38.4,131.2,126.4,39.0,39.0,42.0,1182.0,30.55,6.0,0.0,0.0,0.0,0.0,0.0,180.0,42.119966843450705,47.4496,62.5575,28.731800000000003,30.4859,0,0
94909.0,1.0,59.0,105.4,180.4,32.4,110.3,107.9,38.2,39.8,40.8,1543.0,55.8,6.0,0.0,1.0,1.0,0.0,0.0,120.0,28.2289700071161,29.7955,73.0722,33.1967,36.3765,0,0
94910.0,1.0,18.0,68.3,176.4,21.9,77.0,94.4,30.8,39.6,45.1,1763.0,72.46000000000001,7.5,1.0,1.0,0.0,1.0,1.0,180.0,22.640458465927132,15.681299999999998,51.1359,22.8492,24.8532,0,0
94920.0,2.0,58.0,87.8,152.5,37.8,107.8,117.0,39.4,35.0,37.9,2546.0,123.19999999999999,8.0,0.0,0.0,1.0,0.0,1.0,300.0,42.31668070664066,36.841300000000004,47.969199999999994,22.6252,22.183,0,0
94924.0,2.0,29.0,79.3,158.1,31.7,110.0,102.6,32.4,35.8,35.3,,,10.0,1.0,0.0,0.0,0.0,1.0,240.0,38.93382426660785,31.0667,46.7416,19.5247,24.194,0,0
94926.0,1.0,37.0,64.2,171.8,21.8,75.0,90.0,32.2,38.6,38.3,2652.0,73.06,7.0,1.0,1.0,1.0,1.0,1.0,240.0,14.06361548396454,8.998700000000001,52.8033,24.142799999999998,25.5032,0,0
94933.0,2.0,54.0,103.2,159.1,40.8,125.3,133.8,38.6,34.0,32.3,1327.0,38.38,6.0,0.0,1.0,1.0,0.0,0.0,120.0,47.954495077168836,49.1962,51.586800000000004,21.048699999999997,27.2791,0,0
94935.0,2.0,41.0,77.2,163.6,28.8,100.0,110.3,33.3,36.6,41.0,2067.0,76.63000000000001,8.0,0.0,0.0,0.0,0.0,1.0,60.0,41.12467102591283,31.796,43.4736,17.8932,22.574099999999998,0,0
94936.0,2.0,25.0,87.0,156.5,35.5,105.5,114.4,40.7,37.2,41.7,1477.0,55.71000000000001,4.0,0.0,1.0,0.0,0.0,0.0,360.0,45.67544977667175,39.854099999999995,45.2481,22.0422,20.021900000000002,0,0
94939.0,1.0,31.0,71.6,185.5,20.8,82.1,88.6,32.4,40.6,48.6,2846.0,125.47999999999999,7.0,1.0,1.0,0.0,0.0,0.0,480.0,16.913597686631654,12.2127,56.8771,26.625400000000003,27.1289,0,0
94941.0,1.0,28.0,107.5,179.2,33.5,101.1,113.7,44.6,34.6,48.1,1806.0,47.709999999999994,9.0,0.0,0.0,0.0,1.0,1.0,180.0,29.109045314143273,31.7275,74.1456,37.35360000000001,32.7637,0,0
94945.0,1.0,29.0,127.3,181.3,38.7,131.4,128.3,42.8,40.5,39.4,3009.0,139.91,9.0,0.0,0.0,1.0,0.0,0.0,40.0,41.022565157033306,52.5816,72.919,29.21,40.20230000000001,1,0
94954.0,1.0,34.0,76.7,171.7,26.0,78.8,97.1,35.7,37.4,42.0,,,6.5,1.0,1.0,0.0,1.0,1.0,180.0,14.128605458029103,10.9135,62.924800000000005,31.375799999999995,28.0721,0,0
94957.0,1.0,43.0,101.3,175.3,33.0,112.4,119.0,36.0,38.5,39.3,932.0,59.58000000000001,5.0,0.0,0.0,1.0,0.0,1.0,600.0,37.45736918124806,38.202400000000004,61.0191,28.203800000000005,29.485799999999998,0,0
94958.0,2.0,58.0,50.9,155.1,21.2,83.7,90.4,26.9,34.5,38.0,2294.0,85.14999999999999,8.0,0.0,0.0,1.0,0.0,1.0,300.0,36.94316651097701,18.7536,30.5345,12.1815,15.7898,0,1
94959.0,1.0,48.0,94.4,174.0,31.2,107.1,105.7,36.7,38.8,45.6,1595.0,37.709999999999994,8.0,0.0,0.0,1.0,0.0,0.0,300.0,30.65456207067937,29.0684,63.4811,29.193800000000003,30.6495,0,0
94960.0,1.0,26.0,73.9,186.5,21.2,79.8,92.5,31.1,40.9,41.7,4036.0,107.96,8.0,1.0,1.0,1.0,1.0,1.0,720.0,15.790145437808384,11.5921,58.860099999999996,26.7245,29.0083,0,0
94962.0,2.0,57.0,49.2,157.2,19.9,73.4,87.1,25.7,32.0,33.4,1151.0,60.96,9.0,0.0,0.0,0.0,0.0,1.0,360.0,32.41795943533325,16.067899999999998,32.0262,13.167800000000002,16.0018,0,1
94964.0,1.0,48.0,76.6,161.3,29.4,101.6,99.8,32.6,33.0,34.6,1750.0,74.05,9.0,1.0,0.0,0.0,0.0,0.0,120.0,30.726470977777893,23.6635,51.2206,20.696,27.2748,1,0
94966.0,1.0,44.0,93.8,184.8,27.5,100.1,93.4,34.3,42.4,43.6,1472.0,58.77000000000001,10.0,0.0,0.0,0.0,0.0,1.0,60.0,26.742198983492482,25.356099999999998,66.8569,29.041799999999995,34.2021,0,0
94970.0,1.0,55.0,82.1,168.4,29.0,100.1,100.2,32.4,38.0,38.3,2048.0,71.55,9.0,0.0,0.0,0.0,0.0,0.0,300.0,26.89064810681631,22.1386,57.9863,24.151,30.487099999999998,0,0
94982.0,2.0,32.0,58.9,168.3,20.8,71.2,88.7,24.4,37.3,40.0,3935.0,149.57999999999998,7.0,1.0,1.0,1.0,1.0,0.0,180.0,29.325725718758928,17.359900000000003,39.5084,17.2913,19.3138,0,0
94983.0,2.0,18.0,48.3,165.6,17.6,66.1,88.0,23.0,37.3,38.4,3792.0,167.72000000000003,7.0,0.0,0.0,0.0,0.0,0.0,240.0,31.58882127340891,15.4674,31.6535,12.899400000000002,16.1426,0,1
94989.0,1.0,35.0,77.7,175.9,25.1,97.2,95.4,33.6,38.2,41.0,1661.0,63.599999999999994,8.0,1.0,1.0,0.0,0.0,1.0,600.0,29.74394910665475,23.3195,52.490300000000005,21.8045,27.5535,0,0
94994.0,2.0,18.0,59.3,147.0,27.4,98.7,105.2,28.6,34.3,37.1,1397.0,49.32,11.0,0.0,0.0,0.0,0.0,0.0,420.0,49.08562103501063,29.1466,28.9095,11.8883,14.4466,1,0
94995.0,1.0,58.0,84.2,170.0,29.1,99.3,100.0,32.9,38.3,40.4,2884.0,111.36,7.0,1.0,1.0,0.0,1.0,0.0,180.0,26.041622537099435,22.1294,60.26,27.0454,29.3696,0,0
94997.0,2.0,44.0,49.6,159.1,19.6,73.6,92.0,24.6,33.0,37.1,3097.0,139.49,4.0,0.0,1.0,0.0,0.0,0.0,120.0,31.03978901726431,15.55,32.8437,14.535599999999999,16.0713,0,0
94998.0,1.0,45.0,84.6,175.9,27.3,100.3,106.2,32.0,38.7,40.7,1871.0,69.55,8.0,0.0,0.0,0.0,0.0,0.0,900.0,39.05383173726299,33.4243,49.4662,21.5255,24.5746,1,1
95002.0,1.0,26.0,84.2,170.8,28.9,99.0,103.9,34.6,38.5,41.5,1484.0,80.26,4.0,1.0,1.0,0.0,0.0,0.0,120.0,30.858746130397662,26.0532,55.811699999999995,24.6723,27.711299999999998,0,0
95019.0,1.0,40.0,77.2,178.3,24.3,91.7,93.9,31.0,38.8,40.0,3733.0,60.239999999999995,6.5,1.0,1.0,0.0,0.0,0.0,60.0,21.4064349517273,16.719099999999997,58.9014,24.9855,30.528299999999998,0,0
95024.0,1.0,19.0,80.7,176.2,26.0,85.9,102.5,36.3,41.0,44.1,3480.0,248.54,8.5,1.0,1.0,0.0,1.0,0.0,300.0,19.363207442048427,15.6395,62.4829,29.4845,29.3795,0,0
95026.0,1.0,20.0,83.0,185.1,24.2,77.5,100.3,32.7,42.8,46.8,4428.0,185.87,8.0,0.0,0.0,1.0,1.0,1.0,600.0,17.87325244622518,14.9324,65.5343,33.786,27.8996,0,0
95033.0,2.0,49.0,57.5,154.7,24.0,84.8,90.7,26.1,34.0,36.9,,,9.0,0.0,0.0,0.0,0.0,0.0,300.0,31.323927223253424,18.2713,38.0507,14.9484,20.120099999999997,0,0
95039.0,2.0,23.0,56.8,160.3,22.1,79.9,95.6,26.9,36.0,37.8,164.0,1.87,5.0,1.0,1.0,1.0,1.0,1.0,300.0,34.68923384478931,19.9621,35.6899,14.7995,18.3717,0,0
95048.0,1.0,23.0,82.7,176.8,26.5,87.8,103.3,34.1,40.4,45.3,2507.0,88.15,7.0,0.0,0.0,0.0,0.0,0.0,720.0,25.687861224479015,21.393099999999997,59.4355,27.571099999999998,28.5427,0,0
95053.0,1.0,50.0,74.3,170.9,25.4,100.9,91.5,31.3,39.0,32.4,2323.0,54.660000000000004,5.0,1.0,1.0,1.0,0.0,0.0,120.0,32.325302602575505,24.2411,47.9651,18.767799999999998,26.3867,1,1
95056.0,2.0,34.0,120.7,171.3,41.1,127.1,129.4,44.2,39.4,45.6,1969.0,80.34,7.0,1.0,1.0,1.0,0.0,1.0,120.0,46.32973902450948,56.1065,62.1292,29.4815,29.3951,0,0
95060.0,2.0,44.0,51.0,144.9,24.3,82.4,87.3,29.1,31.5,30.6,1810.0,112.51,9.0,0.0,0.0,0.0,0.0,0.0,120.0,38.11359934584155,19.595200000000002,30.140400000000003,12.4694,15.2281,0,0
95061.0,1.0,45.0,75.2,172.4,25.3,101.8,96.1,32.4,35.5,42.9,3665.0,108.62999999999998,9.0,1.0,1.0,0.0,0.0,0.0,480.0,29.331368151879794,22.105700000000002,51.1905,22.2137,25.7576,0,0
95063.0,2.0,46.0,83.4,168.2,29.5,94.2,112.0,34.7,40.0,38.1,729.0,39.809999999999995,8.0,0.0,0.0,1.0,0.0,0.0,120.0,42.92929292929293,36.0315,45.2729,19.9426,22.5145,0,0
95064.0,1.0,27.0,70.3,167.5,25.1,78.5,93.4,31.6,36.0,39.9,5147.0,184.11,6.0,1.0,1.0,1.0,1.0,0.0,120.0,15.643731245027851,11.126,57.378800000000005,27.192199999999996,27.1599,0,0
95069.0,1.0,26.0,72.9,172.9,24.4,89.5,92.5,32.5,38.5,39.1,3107.0,130.51,3.5,1.0,0.0,1.0,1.0,0.0,480.0,22.25663029404307,16.317700000000002,54.4574,23.1015,28.1813,0,0
95074.0,2.0,37.0,72.6,163.0,27.3,93.6,101.9,28.9,36.0,38.0,1842.0,71.07000000000001,9.0,0.0,0.0,0.0,1.0,0.0,180.0,30.906364613559926,22.582099999999997,47.639300000000006,21.418400000000002,23.1524,0,0
95077.0,1.0,47.0,75.0,173.1,25.0,90.9,93.8,33.4,37.0,40.9,2392.0,148.56000000000003,7.0,0.0,0.0,0.0,1.0,1.0,480.0,25.418587133618043,19.150299999999998,53.6577,24.2515,26.0153,0,0
95080.0,1.0,28.0,83.7,164.3,31.0,97.0,95.0,36.6,34.3,40.4,2938.0,90.85,9.0,0.0,0.0,1.0,1.0,1.0,420.0,27.764204124712023,23.4147,58.0926,25.502,29.26,0,0
95088.0,2.0,50.0,73.3,148.9,33.1,100.6,110.2,37.9,35.4,32.6,1425.0,84.76000000000003,7.0,1.0,1.0,0.0,1.0,1.0,120.0,42.87557063055185,31.576400000000003,40.4168,16.2702,21.3669,1,0
95089.0,2.0,31.0,98.2,173.0,32.8,114.0,119.3,35.6,39.6,41.6,1775.0,36.77,10.0,1.0,1.0,1.0,0.0,0.0,60.0,45.510152327449354,44.6675,50.9285,23.268,24.462799999999998,0,0
95090.0,1.0,18.0,104.5,171.1,35.7,113.9,115.1,41.1,37.6,43.8,1758.0,42.71,8.0,0.0,0.0,1.0,1.0,0.0,480.0,38.581483165919835,40.108599999999996,61.3872,28.7217,29.3285,0,0
95093.0,2.0,51.0,77.6,163.9,28.9,100.5,108.4,32.0,38.5,34.0,1912.0,64.78999999999999,6.0,1.0,1.0,1.0,0.0,0.0,240.0,43.03288951213056,33.6826,42.3524,17.1324,22.471400000000003,0,0
95094.0,2.0,37.0,58.4,143.3,28.4,88.1,97.1,28.6,30.7,32.9,1277.0,83.60000000000001,6.0,0.0,0.0,0.0,0.0,0.0,300.0,37.70332017613593,21.8168,34.5731,14.070900000000002,17.6911,1,0
95096.0,1.0,21.0,119.5,179.9,36.9,119.4,119.0,38.2,39.4,41.5,,,8.5,1.0,1.0,1.0,0.0,1.0,360.0,36.611459839075785,43.7738,73.25319999999999,31.1935,37.890800000000006,0,0
95103.0,1.0,39.0,92.7,179.2,28.9,101.5,104.3,37.0,41.6,43.9,4138.0,151.91,8.0,0.0,0.0,0.0,1.0,1.0,600.0,25.68208968988806,23.9486,66.5985,31.0112,31.6485,0,0
95113.0,2.0,20.0,84.3,160.7,32.6,105.7,107.8,34.2,38.0,44.0,1247.0,99.44999999999999,9.0,1.0,0.0,0.0,1.0,1.0,240.0,41.18657079660804,35.124199999999995,47.8933,21.2197,23.821,0,0
95118.0,1.0,57.0,76.0,170.0,26.3,91.6,93.5,31.7,37.5,39.0,1135.0,44.19,8.0,0.0,0.0,0.0,0.0,0.0,480.0,30.316965518072653,23.140099999999997,50.9077,22.8141,24.782700000000002,0,0
95123.0,2.0,50.0,82.1,152.8,35.2,103.0,111.2,32.9,32.2,37.8,2686.0,131.23000000000002,6.5,0.0,0.0,0.0,1.0,1.0,480.0,42.812381586389996,35.0816,45.1826,20.0817,22.282700000000002,0,0
95124.0,1.0,58.0,52.5,176.6,16.8,72.0,84.6,25.5,39.2,43.2,3084.0,121.71000000000001,8.0,0.0,1.0,0.0,0.0,0.0,120.0,15.293170491326553,8.109300000000001,42.0971,18.949300000000004,19.9148,0,1
95137.0,2.0,53.0,63.2,169.1,22.1,87.8,99.6,27.6,36.0,39.7,1262.0,32.59,3.0,0.0,0.0,1.0,0.0,0.0,300.0,41.327137018877515,26.265900000000002,35.4126,13.7959,19.0476,0,1
95143.0,2.0,51.0,51.2,154.2,21.5,86.2,89.3,25.9,33.5,35.0,1407.0,77.27000000000001,8.0,0.0,1.0,0.0,0.0,1.0,420.0,33.89773441040528,17.517799999999998,32.7136,13.334,16.668,0,0
95153.0,2.0,23.0,108.8,158.4,43.4,121.7,134.9,42.2,35.1,38.5,1826.0,68.51,6.5,0.0,0.0,0.0,0.0,0.0,240.0,52.12274520587427,56.713800000000006,50.013,19.7702,27.2197,1,0
95168.0,2.0,59.0,73.8,172.8,24.7,90.5,100.4,29.6,37.0,40.9,2657.0,95.46999999999998,6.5,0.0,0.0,0.0,0.0,0.0,180.0,30.739887569783015,22.776400000000002,49.230599999999995,23.128400000000003,23.1786,0,0
95171.0,2.0,41.0,114.0,168.5,40.2,126.8,131.4,42.4,35.0,36.5,2550.0,86.79,8.5,0.0,0.0,1.0,0.0,0.0,360.0,45.30823279401782,52.193,60.369,24.926699999999997,32.0771,0,0
95174.0,2.0,25.0,73.7,158.2,29.4,91.4,106.4,35.2,34.1,36.0,,,8.0,0.0,1.0,0.0,0.0,1.0,120.0,42.20950887261105,31.262,40.8504,16.5366,21.6668,0,0
95181.0,1.0,39.0,68.0,178.7,21.3,78.8,91.2,39.0,40.5,41.5,2880.0,96.75,7.0,0.0,0.0,1.0,1.0,1.0,240.0,17.977785579012195,12.300799999999999,53.4662,24.410400000000003,25.9701,0,0
95182.0,1.0,56.0,103.6,172.8,34.7,117.2,115.6,35.8,41.0,42.5,1689.0,55.679999999999986,8.0,1.0,0.0,0.0,0.0,0.0,300.0,38.25248650172454,39.9074,61.4904,26.686100000000003,31.2088,1,0
95184.0,2.0,21.0,73.8,158.4,29.4,95.6,107.9,34.7,35.0,41.7,2071.0,100.77000000000001,9.5,0.0,0.0,1.0,1.0,1.0,360.0,41.515154064536155,30.594900000000003,40.938900000000004,17.048899999999996,20.8839,0,0
95186.0,2.0,28.0,68.3,158.4,27.2,95.8,102.7,31.3,33.8,37.2,2171.0,59.17999999999999,7.0,0.0,0.0,0.0,0.0,1.0,300.0,41.39280039209049,28.250400000000003,38.1836,15.962299999999999,19.1316,0,0
95190.0,2.0,28.0,46.1,155.9,19.0,70.2,88.3,23.6,33.8,40.5,3649.0,117.38000000000002,9.5,1.0,1.0,1.0,1.0,1.0,360.0,25.16921623642117,11.7129,33.2395,13.8726,16.901400000000002,0,0
95191.0,2.0,54.0,72.8,143.7,35.3,107.6,113.6,39.6,32.0,29.9,807.0,50.64,7.0,0.0,0.0,0.0,0.0,0.0,120.0,44.77443919616521,32.7335,38.694199999999995,15.2175,20.692,1,0
95194.0,1.0,19.0,80.3,173.8,26.6,91.4,98.1,33.6,39.1,41.1,1998.0,66.61999999999999,9.5,1.0,1.0,0.0,1.0,1.0,180.0,33.86600114231791,27.275,51.131699999999995,22.117099999999997,25.5974,0,0
95195.0,2.0,19.0,124.9,169.1,43.7,136.6,138.0,39.7,35.6,36.9,742.0,56.239999999999995,6.5,0.0,0.0,0.0,1.0,0.0,10.0,44.914298785704894,55.880300000000005,65.86439999999999,29.233900000000002,32.8909,0,0
95197.0,1.0,34.0,116.4,178.7,36.5,126.3,124.2,39.4,39.3,40.3,2346.0,51.38999999999999,9.5,1.0,1.0,0.0,0.0,0.0,360.0,36.963175006370506,43.067099999999996,70.7493,31.575699999999998,35.7365,0,0
95198.0,2.0,19.0,99.7,163.5,37.3,107.1,118.7,36.4,36.8,42.0,1597.0,63.1,7.0,0.0,1.0,0.0,1.0,1.0,360.0,37.57808312502818,37.508,59.8426,28.590799999999998,27.644599999999997,0,0
95200.0,2.0,23.0,58.9,153.3,25.1,88.1,94.3,30.5,35.5,34.5,3010.0,95.24999999999999,9.0,1.0,1.0,1.0,0.0,0.0,120.0,37.90724320561459,22.5005,35.09,14.9508,17.4692,0,0
95202.0,2.0,23.0,75.6,173.5,25.1,95.6,102.0,31.8,39.0,40.9,2873.0,84.17999999999999,10.0,0.0,0.0,0.0,1.0,0.0,300.0,34.10858809490432,25.9363,47.5201,20.7864,23.8182,0,0
95206.0,1.0,47.0,52.9,165.8,19.2,76.0,86.6,26.6,36.6,40.8,2431.0,81.86000000000003,7.0,0.0,0.0,0.0,0.0,0.0,60.0,25.496293317186225,13.617299999999998,37.7934,17.957300000000004,16.9388,0,1
95210.0,2.0,44.0,86.0,174.9,28.1,101.2,111.8,34.0,37.0,40.0,1458.0,83.83,8.0,0.0,0.0,0.0,0.0,0.0,360.0,39.72974407235004,34.2887,49.5793,21.243399999999998,25.265700000000002,0,0
95211.0,2.0,22.0,45.6,151.8,19.8,73.9,84.8,24.3,34.0,36.5,1256.0,79.47999999999999,9.0,0.0,1.0,0.0,1.0,1.0,420.0,27.856033767371756,12.7859,31.635900000000003,13.062899999999997,15.818,0,0
95213.0,1.0,25.0,69.4,170.8,23.8,80.4,94.9,29.2,36.6,42.1,2988.0,115.57,6.0,1.0,1.0,0.0,1.0,1.0,300.0,21.574489017376006,15.1225,52.5399,24.017599999999998,25.238,0,0
95215.0,2.0,52.0,99.5,163.8,37.1,122.9,123.1,36.0,37.2,33.0,2779.0,51.00999999999999,8.0,0.0,0.0,0.0,0.0,0.0,180.0,42.348020025540045,42.2551,55.276300000000006,22.776899999999998,29.728200000000015,0,0
95216.0,1.0,50.0,76.6,172.0,25.9,90.0,92.9,33.4,38.5,37.5,1555.0,58.60000000000001,7.0,0.0,0.0,1.0,1.0,1.0,360.0,24.83093553696939,19.0435,55.284699999999994,24.985,26.485400000000002,0,0
95221.0,2.0,35.0,59.5,156.8,24.2,82.9,95.6,29.7,33.9,37.1,918.0,17.150000000000002,9.0,1.0,1.0,0.0,0.0,0.0,180.0,33.8983473489658,20.391299999999998,37.851800000000004,15.0376,20.3628,0,0
95227.0,1.0,22.0,83.0,175.8,26.9,94.1,103.3,33.7,37.8,40.1,1855.0,50.52,7.5,0.0,1.0,1.0,0.0,1.0,360.0,30.384460611255577,25.422900000000002,55.4396,23.6795,27.719900000000003,0,0
95228.0,1.0,46.0,80.0,175.8,25.9,97.5,100.4,31.1,38.0,42.7,2115.0,54.37,8.0,0.0,0.0,0.0,1.0,1.0,240.0,27.108103200812977,21.8125,56.433,26.4013,26.7665,0,0
95231.0,1.0,32.0,93.3,180.4,28.7,97.3,106.0,35.5,42.9,44.5,926.0,38.400000000000006,3.5,1.0,1.0,1.0,0.0,0.0,,24.682746438520255,23.1315,67.3566,31.1023,32.9021,0,0
95233.0,2.0,21.0,94.8,157.5,38.2,108.0,125.2,41.7,34.0,37.2,1811.0,92.2,14.0,1.0,0.0,0.0,0.0,0.0,240.0,43.145615821715545,40.9816,51.496300000000005,21.5289,26.8771,0,0
95237.0,1.0,29.0,70.9,177.1,22.6,84.4,96.6,30.7,37.5,41.5,3886.0,143.31,8.5,0.0,0.0,0.0,1.0,1.0,660.0,22.80940691170371,16.2788,52.4889,23.241,26.2953,0,0
95239.0,2.0,23.0,74.6,155.9,30.7,102.8,109.2,32.0,34.0,37.8,3384.0,133.14999999999998,11.0,0.0,1.0,1.0,0.0,1.0,240.0,41.797210239801316,31.4375,41.6563,16.2622,22.1725,0,0
95242.0,2.0,58.0,65.6,152.8,28.1,93.1,103.2,29.6,35.5,34.3,2436.0,59.59,5.0,1.0,1.0,1.0,1.0,1.0,360.0,42.52045511084939,27.8429,36.0445,15.930200000000001,17.2437,0,0
95244.0,2.0,48.0,75.2,164.5,27.8,92.1,100.3,32.5,38.2,36.8,3027.0,94.39999999999999,7.5,0.0,0.0,0.0,0.0,0.0,120.0,39.73080051329273,30.1689,43.485099999999996,17.638900000000003,22.6114,0,0
95251.0,2.0,38.0,106.6,162.0,40.6,128.6,135.5,37.5,38.5,36.0,1482.0,76.50999999999999,6.0,1.0,1.0,0.0,0.0,0.0,240.0,51.39372468862031,54.4658,49.389,20.665399999999998,26.029400000000003,1,0
95255.0,2.0,24.0,69.1,161.7,26.4,83.6,99.4,29.6,35.8,38.0,,,7.0,0.0,0.0,0.0,1.0,1.0,420.0,27.649827006865728,19.3053,47.926300000000005,21.3586,23.7773,0,0
95257.0,2.0,39.0,66.7,157.5,26.9,78.6,102.6,30.8,35.8,42.0,1129.0,30.809999999999995,6.0,1.0,0.0,0.0,0.0,0.0,30.0,40.808891623997,27.3209,37.583,18.379099999999998,16.5257,0,0
95260.0,1.0,26.0,75.6,176.9,24.2,76.8,93.5,35.3,41.3,43.5,4084.0,179.4,7.0,1.0,1.0,0.0,1.0,1.0,240.0,12.14036571186978,9.188799999999999,63.5165,30.7628,29.6568,0,0
95262.0,2.0,24.0,79.9,165.8,29.1,95.5,113.0,32.5,38.0,41.8,4070.0,76.92999999999999,8.0,0.0,0.0,0.0,0.0,0.0,360.0,42.26060703437422,33.2726,43.0555,19.0512,20.8665,0,0
95269.0,1.0,18.0,55.4,177.0,17.7,68.3,86.4,23.9,39.0,43.2,,,10.0,0.0,0.0,0.0,0.0,0.0,120.0,12.159626047885256,6.844600000000001,46.9201,22.0884,21.9165,0,0
95275.0,2.0,41.0,55.4,160.9,21.4,80.7,93.0,28.8,33.7,38.3,1718.0,68.22000000000001,6.5,0.0,1.0,0.0,0.0,0.0,1020.0,33.29930821165109,18.5686,35.337199999999996,14.691400000000002,18.0031,0,0
95278.0,2.0,43.0,93.7,168.1,33.2,105.0,114.1,39.0,38.4,34.5,1390.0,40.919999999999995,7.0,0.0,0.0,0.0,0.0,0.0,480.0,38.698515998924705,36.2621,55.1447,22.8551,29.1135,0,0
95279.0,1.0,36.0,73.1,174.4,24.0,90.8,95.3,31.0,39.2,41.3,2197.0,61.910000000000004,10.0,0.0,1.0,1.0,0.0,0.0,180.0,22.419013197667844,16.4763,54.3645,24.092599999999997,27.038400000000003,0,0
95280.0,2.0,42.0,73.1,153.5,31.0,92.1,114.9,32.2,33.5,35.6,3114.0,61.28000000000001,7.0,1.0,1.0,1.0,0.0,1.0,30.0,41.7685755706628,30.862599999999997,41.384699999999995,17.1785,21.55259999999999,0,0
95283.0,1.0,18.0,74.7,175.9,24.1,88.3,98.2,33.2,37.8,44.2,2868.0,188.21000000000004,8.5,0.0,1.0,1.0,1.0,0.0,300.0,29.594364861208987,22.1519,50.673300000000005,23.0656,24.3929,0,0
95287.0,2.0,56.0,54.8,162.4,20.8,72.9,92.0,26.4,34.3,35.6,1372.0,55.44,,0.0,0.0,0.0,0.0,0.0,480.0,35.98778628506895,19.8017,33.575300000000006,14.6913,16.229,0,0
95288.0,1.0,34.0,83.8,168.4,29.6,102.8,100.6,36.8,36.1,40.9,1893.0,38.910000000000004,8.0,0.0,0.0,0.0,0.0,0.0,300.0,35.35510062169861,29.774099999999997,51.6783,23.1398,25.066599999999998,1,0
95289.0,2.0,56.0,70.8,147.6,32.5,102.1,107.1,37.2,34.3,35.5,1423.0,54.76,9.0,0.0,1.0,0.0,0.0,1.0,120.0,48.218300609750884,34.3589,35.3934,14.304599999999999,18.1052,1,0
95296.0,1.0,40.0,78.2,168.8,27.4,93.3,99.3,35.3,36.5,40.0,1725.0,86.95999999999998,9.0,0.0,1.0,0.0,1.0,1.0,300.0,28.24486278599797,22.1962,54.1155,24.4945,26.203799999999998,0,0
95302.0,2.0,45.0,62.8,146.5,29.3,94.6,102.3,32.6,32.6,32.7,1557.0,80.04000000000002,8.0,1.0,1.0,0.0,0.0,0.0,150.0,41.69008388053872,26.5119,35.54,14.3336,18.5323,1,0
95307.0,1.0,19.0,83.0,177.1,26.5,93.9,101.5,33.0,38.0,45.5,519.0,24.4,9.0,0.0,1.0,1.0,1.0,0.0,240.0,29.50101738603556,24.602400000000003,56.2684,25.7425,27.0568,0,0
95312.0,1.0,25.0,82.8,168.3,29.2,101.9,107.9,33.9,36.6,44.2,1892.0,57.97000000000002,9.0,0.0,1.0,1.0,1.0,1.0,480.0,35.87760685636177,29.9535,51.2775,23.8766,24.401400000000002,0,0
95313.0,2.0,54.0,60.1,159.6,23.6,80.5,97.7,28.9,35.0,36.8,1134.0,49.72,7.0,0.0,1.0,0.0,1.0,1.0,720.0,34.995414264813995,20.9252,37.078900000000004,15.9675,18.4663,0,0
95316.0,1.0,43.0,139.9,183.0,41.8,141.6,132.5,41.6,43.1,41.5,3905.0,115.17999999999999,8.5,0.0,1.0,0.0,0.0,0.0,600.0,34.645640328593906,48.4137,88.17389999999999,38.433099999999996,45.747600000000006,0,0
95319.0,2.0,55.0,68.5,152.7,29.4,98.8,109.1,33.7,32.5,32.5,2089.0,74.30000000000003,4.0,0.0,0.0,0.0,0.0,0.0,180.0,40.36185525501169,27.9679,39.542300000000004,15.557399999999998,20.9237,0,0
95323.0,1.0,21.0,64.6,177.8,20.4,76.4,94.9,28.8,41.6,43.5,2835.0,134.19,9.0,0.0,1.0,1.0,1.0,1.0,240.0,22.785134804275,14.852799999999998,48.0473,21.8435,23.383200000000002,0,1
95329.0,1.0,47.0,68.3,166.9,24.5,84.2,92.2,32.7,37.2,38.0,2054.0,90.17,7.0,0.0,0.0,0.0,1.0,1.0,360.0,28.100685686638716,19.3176,47.1618,21.2735,22.2595,0,0
95333.0,1.0,39.0,87.2,167.7,31.0,108.9,105.6,34.7,38.5,43.0,,,6.0,0.0,0.0,0.0,0.0,1.0,480.0,27.626046096216527,24.3617,61.0852,28.6873,29.0472,0,0
95342.0,2.0,31.0,57.9,163.7,21.6,75.0,97.0,26.9,33.7,36.8,1932.0,56.56999999999999,8.5,0.0,1.0,0.0,1.0,1.0,480.0,28.822811904260327,16.6236,39.078300000000006,15.3497,20.6799,0,0
95351.0,2.0,25.0,76.8,155.2,31.9,92.0,102.9,32.2,33.8,38.0,2245.0,108.55999999999999,7.0,0.0,1.0,0.0,0.0,1.0,420.0,41.41724391316245,32.330400000000004,43.685,18.8801,21.9733,0,0
95352.0,2.0,50.0,59.2,162.8,22.3,82.5,93.2,29.1,31.8,35.5,1817.0,64.00000000000001,5.5,1.0,1.0,0.0,0.0,1.0,120.0,34.37526675955781,20.4569,36.8857,15.1136,19.0812,0,0
95357.0,2.0,56.0,89.4,157.4,36.1,110.2,135.5,35.4,37.4,36.5,818.0,43.83,8.5,0.0,0.0,0.0,0.0,1.0,240.0,42.87712027386527,38.436800000000005,49.3648,23.118800000000004,23.560600000000004,0,0
95362.0,2.0,42.0,57.0,150.9,25.0,81.8,95.4,29.3,35.0,34.0,1527.0,68.11999999999998,8.5,0.0,1.0,0.0,0.0,0.0,120.0,34.882315834675104,19.918200000000002,35.4446,15.5983,17.1513,0,0
95364.0,1.0,41.0,89.8,170.7,30.8,108.8,107.6,36.1,37.6,39.6,3511.0,144.4,7.5,0.0,1.0,1.0,1.0,1.0,360.0,30.97688825430521,28.0,59.885400000000004,27.115299999999994,29.256,0,0
95366.0,2.0,44.0,123.3,158.4,49.1,135.2,144.3,47.0,39.5,38.1,1916.0,51.96000000000001,8.5,0.0,1.0,0.0,1.0,1.0,360.0,50.51140882331707,62.4779,58.727,24.2532,31.277500000000007,1,0
95375.0,1.0,56.0,75.4,169.4,26.3,86.5,93.8,37.1,38.4,42.0,4108.0,193.48999999999995,6.5,1.0,1.0,0.0,1.0,1.0,60.0,15.90856606249242,12.034799999999999,60.840300000000006,27.131400000000003,30.3285,0,0
95379.0,1.0,59.0,54.2,172.7,18.2,70.2,82.9,25.8,36.4,40.4,2182.0,87.95999999999998,4.0,0.0,0.0,0.0,0.0,0.0,30.0,13.224184601763273,7.1932,44.723,19.9445,21.7142,0,1
95385.0,2.0,28.0,68.9,168.3,24.3,97.0,104.2,27.4,38.0,39.8,1299.0,25.75,7.0,0.0,0.0,0.0,1.0,1.0,540.0,42.51800004586826,29.4773,37.8121,16.8154,18.579099999999997,0,0
95389.0,1.0,20.0,76.8,174.3,25.3,84.1,99.0,32.4,40.0,40.7,2065.0,104.38,7.5,1.0,1.0,0.0,1.0,1.0,20.0,19.798136897950016,15.25,58.682,27.3328,27.8695,0,0
95391.0,2.0,44.0,55.8,145.5,26.4,89.5,94.1,28.4,30.6,33.3,1901.0,78.24999999999999,10.0,0.0,0.0,1.0,1.0,1.0,30.0,40.12402066586224,22.665,32.0771,12.507299999999999,16.6878,1,0
95392.0,1.0,21.0,100.1,170.5,34.4,113.7,116.4,36.3,34.1,42.2,1672.0,43.72,7.5,1.0,1.0,1.0,1.0,0.0,240.0,36.3613747386608,36.656800000000004,61.2249,26.2185,31.697,1,0
95393.0,2.0,28.0,81.8,154.6,34.2,89.3,114.8,36.2,34.4,38.1,2328.0,146.44,7.5,0.0,0.0,1.0,1.0,1.0,720.0,45.42110764373565,37.4109,42.9965,18.760099999999998,21.0601,0,0
95394.0,1.0,47.0,84.5,170.8,29.0,100.4,97.9,34.7,42.8,40.5,3479.0,128.48,8.0,0.0,0.0,0.0,0.0,0.0,360.0,23.803911578454592,20.257900000000003,61.786699999999996,28.713300000000004,29.2688,0,0
95413.0,2.0,51.0,86.7,174.1,28.6,107.6,107.6,33.9,40.0,39.5,2405.0,94.32000000000001,7.0,0.0,1.0,0.0,0.0,1.0,300.0,43.29268215929814,37.832699999999996,47.4874,19.3981,25.1032,0,0
95414.0,1.0,27.0,91.0,175.9,29.4,101.0,107.4,34.2,39.8,44.4,6069.0,174.27000000000004,6.5,1.0,1.0,1.0,0.0,0.0,180.0,29.452668881070988,26.9867,62.2511,27.994799999999998,30.8808,0,0
95420.0,2.0,18.0,57.7,150.8,25.4,82.2,95.9,30.2,32.0,33.7,2977.0,129.98,9.0,0.0,1.0,0.0,0.0,1.0,720.0,30.788149444821865,17.8062,38.3322,15.98,19.7011,0,0
95423.0,2.0,33.0,72.1,165.5,26.3,87.6,99.3,32.2,37.0,38.0,865.0,28.620000000000005,7.5,0.0,1.0,0.0,0.0,0.0,300.0,36.204083402301066,26.3871,43.9175,19.9768,21.0946,0,0
95424.0,1.0,40.0,119.5,187.9,33.8,109.0,119.1,42.6,44.0,47.1,2600.0,188.95999999999998,7.5,0.0,1.0,0.0,1.0,0.0,780.0,29.63242893099176,35.379599999999996,80.4173,37.7677,39.351699999999994,0,0
95425.0,1.0,22.0,67.7,174.2,22.3,79.2,94.8,29.1,38.0,42.0,3579.0,89.06,12.0,0.0,0.0,0.0,1.0,1.0,360.0,19.36528380096359,13.1503,52.6525,23.9196,25.536,0,0
95436.0,2.0,43.0,58.8,156.5,24.0,80.7,90.3,29.6,36.4,33.8,2594.0,155.44,6.5,0.0,0.0,0.0,1.0,1.0,60.0,37.35834171097409,22.237,35.2352,15.1368,17.4244,0,0
95442.0,2.0,33.0,76.2,173.8,25.2,91.5,101.4,32.0,37.4,41.3,2722.0,91.46000000000001,8.5,0.0,0.0,0.0,0.0,0.0,240.0,38.27322121543454,29.3718,44.7731,19.523199999999996,22.1434,0,0
95444.0,2.0,37.0,59.4,154.1,25.0,79.2,97.0,30.8,35.5,36.6,1189.0,15.850000000000003,9.0,1.0,1.0,1.0,0.0,1.0,180.0,30.965401413525033,18.4317,38.9734,16.4548,19.8027,0,0
95445.0,2.0,24.0,65.1,162.1,24.8,87.2,97.9,28.6,34.3,37.7,2558.0,113.93,5.0,1.0,1.0,0.0,1.0,0.0,180.0,35.804344390533196,23.267599999999998,39.8204,16.8921,20.1654,0,0
95446.0,1.0,42.0,73.5,168.5,25.9,92.5,100.9,29.8,36.5,41.9,3157.0,87.55000000000001,8.0,0.0,0.0,0.0,0.0,1.0,600.0,31.788605632244543,23.7903,48.8663,21.7551,23.809,0,0
95449.0,1.0,55.0,86.4,166.9,31.0,100.0,107.7,34.8,36.5,42.0,1872.0,79.58000000000001,7.0,0.0,0.0,0.0,0.0,1.0,300.0,25.989204884493827,22.5698,61.569300000000005,27.896900000000002,30.4287,0,0
95450.0,1.0,38.0,65.8,176.4,21.1,77.6,87.8,31.1,38.2,41.8,2081.0,99.76999999999998,7.5,0.0,1.0,0.0,0.0,0.0,780.0,16.337993574907262,10.8025,52.4357,24.8627,24.509400000000003,0,0
95452.0,1.0,38.0,116.3,170.8,39.9,125.8,129.8,41.8,39.0,40.9,6492.0,147.35,7.0,1.0,1.0,0.0,0.0,0.0,240.0,34.757750497633936,40.7569,73.7755,30.8218,39.505900000000004,1,0
95453.0,1.0,39.0,79.1,167.2,28.3,100.8,95.6,32.0,36.8,41.6,1920.0,102.80000000000001,8.0,1.0,0.0,0.0,0.0,0.0,240.0,31.735847274491956,25.334400000000002,52.0984,23.187099999999997,25.3917,0,0
95455.0,1.0,47.0,88.8,162.7,33.5,108.6,104.2,34.0,36.5,42.6,3615.0,156.2,7.0,0.0,0.0,0.0,0.0,0.0,240.0,32.09012844096071,28.5611,58.0171,24.7252,29.654,1,0
95463.0,1.0,19.0,98.7,167.9,35.0,112.9,108.1,38.3,35.8,40.0,1571.0,29.029999999999998,10.0,0.0,1.0,1.0,0.0,1.0,240.0,36.24223740540209,36.035199999999996,60.8549,24.883699999999997,32.2645,1,0
95465.0,2.0,56.0,72.6,150.0,32.3,108.0,105.4,33.0,34.0,32.5,960.0,36.45000000000001,7.0,0.0,0.0,0.0,0.0,0.0,360.0,40.34191897889446,29.5925,42.1926,17.211599999999997,22.3206,0,0
95466.0,1.0,52.0,101.3,182.0,30.6,110.2,107.0,36.1,42.2,44.3,1841.0,66.96,7.0,0.0,1.0,0.0,1.0,0.0,480.0,31.26540639051612,32.172,68.1394,30.3259,34.202400000000004,0,0
95469.0,1.0,28.0,58.6,177.0,18.7,77.0,86.5,27.2,38.5,40.5,1818.0,48.49999999999999,7.0,0.0,1.0,0.0,1.0,0.0,540.0,20.413895829394356,12.0494,45.0615,19.6244,22.7018,0,1
95472.0,1.0,34.0,83.4,172.6,28.0,92.4,100.0,34.2,38.7,40.5,3137.0,136.45,7.0,0.0,0.0,0.0,1.0,1.0,720.0,20.735375624875562,17.3403,63.6629,28.818199999999997,31.6933,0,0
95479.0,2.0,57.0,60.2,163.5,22.5,77.4,94.5,27.9,33.5,36.8,1916.0,58.01000000000001,7.0,0.0,1.0,0.0,0.0,1.0,180.0,30.259539119062357,18.4103,40.337300000000006,17.3014,20.312600000000007,0,0
95481.0,1.0,19.0,66.8,172.4,22.5,78.4,93.7,28.8,36.2,42.0,962.0,34.0,10.0,1.0,1.0,0.0,1.0,1.0,240.0,19.696680499536566,13.1882,51.715300000000006,22.3216,26.336,0,0
95485.0,1.0,18.0,67.9,175.6,22.0,80.2,98.5,29.0,37.9,39.4,2131.0,58.699999999999996,8.5,1.0,0.0,1.0,1.0,1.0,300.0,21.903964354548314,15.0163,51.0451,23.1247,24.539900000000003,0,0
95493.0,1.0,25.0,87.1,164.6,32.1,108.0,111.4,34.7,36.0,43.4,3556.0,177.30999999999997,6.0,0.0,1.0,0.0,0.0,0.0,240.0,36.72019428193261,31.9932,52.643800000000006,21.9138,27.188599999999997,1,0
95501.0,2.0,25.0,98.3,159.8,38.5,128.7,131.5,40.0,36.5,38.9,3648.0,99.15,6.0,0.0,1.0,0.0,0.0,0.0,240.0,47.414943247825384,46.4139,49.5434,19.517,27.1253,1,0
95505.0,1.0,29.0,69.4,171.0,23.7,82.7,93.1,30.2,37.9,39.1,2088.0,52.660000000000004,7.0,1.0,1.0,0.0,1.0,1.0,120.0,19.110616995138887,13.3614,53.9631,24.8767,25.8247,0,0
95506.0,1.0,48.0,76.7,165.7,27.9,98.3,99.0,31.8,35.5,40.0,3111.0,122.24999999999999,7.0,0.0,0.0,1.0,0.0,1.0,420.0,25.02281357436965,19.222099999999998,55.360800000000005,23.9978,27.5958,0,0
95509.0,2.0,51.0,76.5,165.2,28.0,95.5,103.4,34.9,36.4,36.3,1432.0,63.989999999999995,10.0,0.0,1.0,0.0,0.0,0.0,300.0,38.86779739045452,29.752299999999998,44.5717,18.7125,22.8923,0,0
95510.0,2.0,51.0,56.7,154.2,23.8,87.0,95.0,28.8,33.5,35.7,1418.0,51.51,8.5,0.0,0.0,0.0,0.0,0.0,120.0,41.05199163899007,23.4518,32.1571,13.193700000000002,16.546200000000002,0,0
95514.0,1.0,35.0,87.8,175.5,28.5,95.6,106.4,32.7,38.5,44.0,2790.0,112.11,5.5,1.0,1.0,0.0,1.0,0.0,240.0,27.668545318697518,24.3815,61.1285,27.840300000000003,29.6102,0,0
95522.0,2.0,22.0,76.5,164.6,28.2,98.2,101.7,33.0,35.0,40.0,1848.0,62.65,8.0,1.0,1.0,0.0,1.0,1.0,360.0,39.92373643372145,30.542900000000003,43.6722,18.9595,21.6463,0,0
95525.0,2.0,51.0,76.2,168.1,27.0,98.5,102.1,29.9,36.0,36.8,1980.0,53.120000000000005,8.0,0.0,1.0,0.0,0.0,1.0,300.0,37.11065802601109,28.3142,45.8164,20.486800000000002,22.3688,0,0
95531.0,1.0,58.0,98.7,177.6,31.3,112.5,108.6,36.5,41.3,40.1,2068.0,98.22999999999998,8.0,1.0,1.0,1.0,0.0,1.0,480.0,33.320899746543006,32.936099999999996,63.963800000000006,27.758899999999997,32.61,0,0
95537.0,1.0,48.0,80.5,166.5,29.0,103.2,99.2,33.7,35.4,42.8,2120.0,104.88000000000001,8.0,0.0,0.0,0.0,0.0,0.0,600.0,34.50630286407773,27.9979,50.787800000000004,23.6305,24.0535,0,0
95542.0,2.0,56.0,69.6,158.0,27.9,89.8,106.0,32.0,35.0,42.9,2040.0,50.03,6.0,1.0,1.0,0.0,1.0,1.0,300.0,36.41077867244167,25.4415,42.3822,20.148799999999998,19.0355,0,0
95544.0,1.0,29.0,110.6,178.1,34.9,120.8,114.2,38.4,40.6,41.6,1312.0,87.64999999999999,6.5,1.0,1.0,0.0,1.0,1.0,240.0,32.09734398760345,35.6442,72.8668,32.3024,36.8551,0,0
95549.0,2.0,53.0,97.9,155.3,40.6,122.4,117.2,35.9,33.2,33.6,1492.0,68.29,7.0,0.0,0.0,0.0,1.0,0.0,240.0,45.839993263097455,44.962900000000005,50.9996,19.9109,27.6305,1,0
95551.0,2.0,57.0,50.4,138.3,26.4,89.0,96.5,27.2,31.0,31.2,,,6.0,0.0,0.0,1.0,0.0,0.0,120.0,40.887008092694806,20.7363,28.736,10.9006,15.124999999999998,1,0
95556.0,1.0,41.0,84.3,182.8,25.2,88.4,108.1,31.8,41.0,46.0,2388.0,78.36999999999999,6.0,0.0,1.0,1.0,1.0,1.0,600.0,22.20492896417805,18.8095,63.2525,29.2496,30.2895,0,0
95559.0,2.0,42.0,75.5,158.9,29.9,94.0,107.4,33.2,34.6,35.5,2095.0,59.57,10.0,0.0,1.0,0.0,0.0,0.0,180.0,40.626907801884,30.9445,43.033,17.3927,22.943900000000003,0,0
95563.0,2.0,46.0,70.1,173.0,23.4,85.6,107.8,27.5,40.7,43.2,1185.0,82.03,8.5,0.0,1.0,0.0,1.0,0.0,600.0,33.147673438478336,23.3042,45.0734,19.1247,23.0092,0,0
95565.0,1.0,29.0,78.9,171.3,26.9,91.1,97.5,38.3,39.3,39.6,2920.0,122.58,7.5,0.0,1.0,0.0,1.0,0.0,180.0,25.826615558296616,20.552799999999998,56.577400000000004,25.7461,27.3816,0,0
95569.0,2.0,23.0,78.2,160.6,30.3,100.2,107.5,31.7,36.0,41.0,498.0,25.549999999999997,8.0,1.0,0.0,0.0,0.0,0.0,240.0,39.69255799601672,31.2715,45.4769,21.0879,21.4399,0,0
95571.0,2.0,54.0,72.3,161.4,27.8,103.6,107.0,31.3,36.5,34.9,1100.0,32.8,6.0,0.0,1.0,0.0,0.0,0.0,300.0,41.30654633970859,29.8082,40.7939,15.7051,22.302599999999998,0,0
95573.0,1.0,23.0,98.3,176.1,31.7,100.3,107.5,36.7,40.4,42.8,1881.0,94.03999999999999,6.0,1.0,1.0,0.0,0.0,0.0,120.0,20.563073613447806,20.4956,76.0594,35.4574,37.0576,0,0
95574.0,2.0,36.0,97.2,176.5,31.2,105.8,116.0,34.6,38.2,39.5,1625.0,98.03999999999999,7.5,1.0,1.0,1.0,1.0,0.0,480.0,40.260997612722456,39.5598,55.686800000000005,23.390700000000002,29.107400000000002,0,0
95581.0,2.0,44.0,58.4,148.8,26.4,84.5,96.0,29.6,32.4,30.5,727.0,16.45,9.0,0.0,0.0,1.0,0.0,0.0,360.0,39.095557009113605,22.7544,33.894800000000004,14.5168,16.9724,0,0
95585.0,1.0,19.0,97.1,180.9,29.7,95.1,113.8,35.5,42.5,44.4,829.0,104.47,6.5,0.0,0.0,0.0,1.0,1.0,60.0,32.78791977573362,32.1092,62.8166,28.2662,30.969900000000003,0,0
95586.0,2.0,26.0,51.0,161.2,19.6,68.5,91.2,22.8,35.1,38.2,2011.0,65.6,7.0,0.0,1.0,0.0,1.0,1.0,480.0,27.220499682273207,14.0546,35.6159,15.4734,17.363799999999998,0,0
95587.0,2.0,29.0,104.4,170.6,35.9,125.8,123.3,34.5,36.2,33.4,3529.0,123.62,9.0,0.0,0.0,0.0,0.0,1.0,780.0,42.850416667383534,44.8314,57.4335,23.1369,30.954,0,0
95591.0,2.0,36.0,47.5,150.3,21.0,73.9,86.8,24.7,31.5,34.8,1735.0,73.49000000000001,5.5,1.0,1.0,0.0,0.0,0.0,120.0,35.8914278235833,17.140400000000003,28.8387,11.544,14.8729,0,1
95594.0,1.0,50.0,99.5,176.6,31.9,111.6,114.6,37.5,41.2,43.9,942.0,35.309999999999995,8.5,0.0,1.0,0.0,1.0,0.0,300.0,33.90593862336969,33.711800000000004,62.9003,28.1792,30.6663,0,0
95598.0,1.0,22.0,87.7,174.1,28.9,100.8,104.2,34.5,35.1,42.9,1681.0,64.45000000000002,5.5,0.0,0.0,0.0,1.0,1.0,60.0,31.9454297691622,28.265,57.5681,27.190199999999997,27.0333,0,0
95602.0,1.0,21.0,92.9,168.1,32.9,105.4,111.6,35.7,38.5,42.7,1585.0,40.53,7.5,1.0,0.0,0.0,0.0,0.0,480.0,30.703836989495002,28.6842,62.3933,27.1703,31.9666,0,0
95607.0,1.0,42.0,69.0,170.0,23.9,85.0,93.6,29.5,38.0,40.6,2772.0,124.63999999999999,6.0,1.0,0.0,1.0,0.0,1.0,180.0,22.66937030807965,15.7298,51.121199999999995,23.085900000000002,25.1241,0,0
95609.0,2.0,22.0,78.1,155.0,32.5,104.2,108.7,33.9,37.7,38.8,2353.0,91.14000000000001,8.0,0.0,0.0,0.0,1.0,0.0,540.0,41.93743817053812,32.8116,43.6594,19.4115,21.5858,0,0
95610.0,2.0,41.0,68.1,151.6,29.6,92.1,107.0,31.0,32.6,36.4,,,8.0,1.0,0.0,0.0,1.0,1.0,300.0,40.17452228964889,27.541700000000002,39.1475,17.2878,19.448900000000002,0,0
95611.0,1.0,53.0,58.3,177.2,18.6,76.1,87.7,25.7,37.5,40.8,1145.0,26.35,7.5,1.0,1.0,1.0,0.0,1.0,480.0,19.713619347544604,11.476799999999999,44.579699999999995,19.7777,21.879,0,1
95622.0,2.0,42.0,57.9,167.4,20.7,81.8,90.0,25.2,37.1,39.0,200.0,0.87,7.0,1.0,1.0,1.0,0.0,0.0,240.0,30.95961068008128,18.068099999999998,38.2551,15.9478,19.5048,0,0
95625.0,1.0,43.0,69.8,177.2,22.2,82.6,93.0,29.4,38.0,42.3,2718.0,101.79,6.5,0.0,0.0,0.0,1.0,1.0,240.0,24.43350188293167,17.170900000000003,50.799699999999994,22.5263,25.0613,0,0
95628.0,2.0,18.0,55.0,166.2,19.9,74.8,95.6,23.9,35.0,38.8,1934.0,68.05000000000001,5.5,0.0,0.0,1.0,1.0,1.0,720.0,29.65325009255993,16.2747,36.7374,15.0114,18.9354,0,1
95636.0,2.0,51.0,64.7,151.6,28.2,87.0,95.6,34.2,34.5,35.5,733.0,35.52,6.5,0.0,0.0,0.0,0.0,1.0,60.0,38.23683282520789,24.7111,38.2023,15.906600000000001,19.555,0,0
95640.0,1.0,19.0,68.5,176.8,21.9,76.7,90.6,31.5,39.7,45.0,2029.0,67.23,11.0,0.0,0.0,0.0,0.0,0.0,480.0,13.009434195074013,8.9619,57.014900000000004,28.0272,25.6986,0,0
95643.0,1.0,20.0,59.2,179.5,18.4,74.5,84.0,29.8,40.0,42.0,2386.0,83.32000000000001,7.0,1.0,1.0,0.0,1.0,0.0,90.0,14.790043681010765,8.8596,48.738,22.536699999999996,23.3921,0,1
95652.0,2.0,44.0,58.6,159.7,23.0,86.0,94.2,28.1,37.2,36.6,1240.0,49.86,8.0,0.0,1.0,0.0,1.0,1.0,240.0,41.47396568564969,24.3383,32.553200000000004,13.2207,16.6188,0,1
95659.0,1.0,46.0,86.2,180.0,26.6,102.3,106.9,35.8,39.6,44.9,1572.0,67.77,6.0,0.0,0.0,0.0,0.0,0.0,240.0,28.00049160287256,24.0133,58.537800000000004,26.871199999999998,28.4545,0,0
95662.0,2.0,44.0,65.2,151.2,28.5,93.0,103.1,30.4,33.5,33.4,1387.0,66.11999999999999,8.5,1.0,1.0,1.0,1.0,1.0,600.0,38.710639879384544,25.3519,38.3784,15.2409,20.5499,0,0
95664.0,1.0,47.0,105.5,188.0,29.8,115.2,110.5,35.9,41.0,44.6,2232.0,69.36,8.0,1.0,1.0,1.0,0.0,0.0,180.0,30.172154304458683,32.1261,71.40589999999999,31.5303,36.527300000000004,0,0
95665.0,1.0,23.0,84.9,175.7,27.5,93.5,101.0,36.2,38.7,42.0,1805.0,70.03,9.0,1.0,1.0,1.0,1.0,1.0,480.0,28.042880930106673,23.8307,58.845699999999994,27.4126,27.8184,0,0
95669.0,2.0,56.0,71.4,161.3,27.4,93.5,101.5,29.5,39.5,39.5,2473.0,90.4,7.0,0.0,0.0,0.0,0.0,1.0,660.0,41.73693338471409,29.968700000000002,39.880900000000004,16.8154,20.4061,0,0
95676.0,1.0,53.0,90.3,168.9,31.7,110.9,103.5,35.8,38.8,39.2,3056.0,101.64,6.0,1.0,1.0,1.0,0.0,0.0,180.0,28.223860249985677,25.7177,63.208800000000004,28.471499999999995,31.3521,0,0
95678.0,1.0,34.0,85.5,173.1,28.5,94.0,103.5,38.7,39.0,41.5,4232.0,102.36,9.0,0.0,0.0,0.0,1.0,1.0,240.0,24.431611978957317,21.0308,62.512699999999995,30.2345,28.5899,0,0
95680.0,2.0,45.0,72.5,151.0,31.8,102.2,99.4,35.3,34.9,33.6,2352.0,99.05,4.5,0.0,0.0,0.0,0.0,0.0,120.0,37.93401745975144,27.5736,43.1584,18.313,22.3462,0,0
95684.0,1.0,30.0,75.2,164.7,27.7,85.2,98.9,34.0,36.8,36.6,2487.0,116.67,6.5,0.0,0.0,0.0,1.0,1.0,720.0,21.090700097137212,16.0584,57.755300000000005,25.953400000000002,28.4516,0,0
95685.0,1.0,30.0,130.3,170.4,44.9,134.9,128.2,41.0,38.8,42.0,3690.0,97.04,6.0,1.0,1.0,0.0,0.0,0.0,960.0,36.841568700222105,48.2442,79.9693,36.538199999999996,39.56970000000001,0,0
95686.0,1.0,18.0,91.1,168.9,31.9,98.8,104.4,37.5,38.5,42.0,2205.0,76.89,9.0,1.0,1.0,0.0,0.0,0.0,300.0,30.560441287066936,28.0469,61.2918,26.997100000000003,30.633200000000002,0,0
95690.0,1.0,54.0,75.1,169.4,26.2,93.7,96.9,32.4,37.2,36.7,,,8.0,0.0,0.0,0.0,0.0,0.0,1020.0,24.675156133574223,18.6142,54.5895,23.6677,27.382,0,0
95694.0,2.0,50.0,69.6,153.5,29.5,97.6,110.6,31.5,33.7,36.8,1634.0,66.2,7.0,0.0,0.0,1.0,1.0,0.0,480.0,40.991374447736725,28.487299999999998,39.1948,17.079099999999997,19.6159,0,0
95696.0,1.0,26.0,60.5,159.1,23.9,77.8,96.1,28.0,36.6,41.1,1100.0,18.82,9.0,0.0,0.0,1.0,1.0,0.0,90.0,27.284484454293917,16.6455,42.0508,19.418599999999998,19.3368,0,0
95700.0,2.0,59.0,70.5,148.8,31.8,104.7,98.7,34.5,35.0,31.8,832.0,34.71,6.5,0.0,0.0,0.0,0.0,0.0,180.0,43.681917057161,30.864900000000002,38.0638,14.7453,20.6037,1,0
95704.0,1.0,50.0,70.1,163.1,26.4,95.3,88.4,32.2,37.2,38.4,,,7.0,0.0,0.0,1.0,0.0,0.0,120.0,29.454047044067273,20.7588,47.673199999999994,20.8128,23.6681,1,0
95705.0,1.0,18.0,65.1,179.8,20.1,74.2,94.3,26.5,40.5,43.7,1005.0,41.599999999999994,6.0,0.0,0.0,1.0,0.0,0.0,600.0,20.41826569147079,13.3353,49.479,22.380800000000004,24.140700000000002,0,1
95711.0,1.0,54.0,69.4,158.9,27.5,97.0,94.2,31.1,35.4,35.9,5983.0,299.3,7.0,0.0,0.0,0.0,0.0,1.0,60.0,27.9786628192847,19.563,48.1457,20.632199999999997,24.3765,1,0
95719.0,1.0,22.0,61.5,173.0,20.5,75.2,90.9,28.5,36.5,43.0,2213.0,48.84,9.0,1.0,1.0,0.0,0.0,0.0,240.0,18.387510449308824,11.2356,47.8918,21.8451,23.1154,0,0
95720.0,2.0,59.0,61.7,167.8,21.9,86.0,94.4,27.6,38.5,39.0,2337.0,114.89,8.0,1.0,1.0,0.0,1.0,1.0,240.0,33.973521522374995,21.0068,38.5207,15.4584,20.5381,0,1
95722.0,1.0,38.0,88.9,164.6,32.8,110.4,107.9,34.5,37.8,40.0,1672.0,138.8,8.0,1.0,1.0,1.0,0.0,1.0,10.0,34.01263254804317,30.5605,56.971199999999996,23.796899999999997,29.3852,1,0
95727.0,1.0,52.0,65.2,161.5,25.0,94.0,94.4,30.1,34.5,36.2,2201.0,90.55000000000001,4.0,0.0,0.0,0.0,0.0,1.0,480.0,28.03823433415839,18.1947,44.3991,18.593799999999998,22.9407,1,0
95731.0,2.0,47.0,64.7,153.5,27.5,89.4,106.8,28.9,32.5,35.0,791.0,29.570000000000004,9.5,0.0,0.0,0.0,0.0,1.0,120.0,45.20593905398631,29.4403,33.872099999999996,14.524,16.945,0,0
95741.0,2.0,19.0,64.3,163.2,24.1,64.5,95.9,29.5,34.6,38.0,2379.0,189.76999999999998,6.0,0.0,0.0,1.0,1.0,1.0,240.0,28.55879958486368,18.381700000000002,43.8121,18.9576,21.631700000000002,0,0
95744.0,2.0,57.0,66.7,160.1,26.0,84.9,112.2,26.4,34.7,37.5,1703.0,56.96000000000001,7.0,0.0,0.0,0.0,0.0,1.0,420.0,45.55237820222923,30.5401,34.439099999999996,13.7756,18.0108,0,1
95748.0,1.0,43.0,89.6,180.9,27.4,95.9,107.3,34.6,39.8,46.6,,,7.5,0.0,0.0,0.0,1.0,1.0,360.0,27.488846450014883,24.717299999999998,62.4545,30.128700000000002,29.1609,0,0
95756.0,1.0,26.0,60.7,175.6,19.7,76.1,88.6,28.4,38.5,41.0,4050.0,88.33999999999999,7.5,0.0,1.0,0.0,0.0,0.0,840.0,19.516759054014678,11.9215,46.9227,20.1159,24.0198,0,1
95761.0,1.0,51.0,63.1,162.1,24.0,82.0,95.0,34.8,36.5,42.4,2781.0,89.39999999999999,7.5,1.0,1.0,0.0,1.0,0.0,60.0,19.385938428905934,12.270700000000001,49.0565,22.7046,23.5489,0,0
95762.0,1.0,32.0,94.0,183.6,27.9,101.1,105.3,34.7,40.6,46.2,3133.0,71.44,7.0,1.0,1.0,1.0,1.0,0.0,300.0,28.038915656048324,26.6068,65.3322,30.9906,30.130200000000002,0,0
95765.0,1.0,51.0,62.4,157.7,25.1,90.1,89.5,29.8,36.0,36.8,1477.0,71.25,8.0,0.0,0.0,1.0,0.0,0.0,150.0,23.411907839223396,14.6941,46.113099999999996,20.044800000000002,22.8325,0,0
95766.0,2.0,19.0,92.6,163.9,34.5,99.8,115.3,37.4,36.5,40.9,1559.0,62.44000000000001,7.5,0.0,1.0,0.0,0.0,1.0,180.0,43.048073828981856,40.3075,51.2236,21.4642,26.6286,0,0
95768.0,1.0,23.0,66.9,163.5,25.0,81.6,96.3,31.3,35.0,35.2,942.0,32.589999999999996,6.5,1.0,1.0,1.0,0.0,0.0,45.0,24.803612314903013,16.8139,48.706300000000006,20.238599999999998,24.984099999999998,0,0
95775.0,2.0,37.0,68.5,155.3,28.4,84.8,104.7,31.1,35.0,38.0,,,8.5,0.0,0.0,0.0,0.0,0.0,540.0,43.049827240547735,29.5277,36.9581,16.1922,18.23,0,0
95782.0,1.0,18.0,41.2,162.6,15.6,66.2,80.0,22.7,34.3,39.1,1025.0,15.029999999999998,6.5,0.0,1.0,0.0,0.0,1.0,840.0,14.02292023465943,5.812600000000001,34.450300000000006,14.855,17.2144,0,1
95785.0,1.0,51.0,73.9,172.9,24.7,95.4,95.5,31.8,38.1,39.0,4127.0,103.72,8.0,1.0,1.0,1.0,0.0,0.0,120.0,24.558314364551062,18.262400000000003,53.7617,23.1648,27.5657,0,0
95787.0,1.0,27.0,119.4,180.1,36.8,123.8,112.3,37.3,41.2,41.4,,,8.0,1.0,0.0,1.0,1.0,1.0,120.0,33.75662644846169,40.8385,77.3904,33.448699999999995,40.0568,0,0
95788.0,2.0,28.0,72.9,163.9,27.1,91.2,104.2,28.8,36.6,36.6,1236.0,60.89999999999999,7.0,0.0,0.0,0.0,1.0,1.0,600.0,39.03297502698307,28.6313,42.4281,17.4859,22.0562,0,0
95789.0,2.0,48.0,78.6,166.0,28.5,101.1,115.0,32.6,36.2,38.2,4450.0,64.61,8.0,0.0,0.0,0.0,0.0,0.0,480.0,39.537698716939936,31.38,45.299099999999996,19.0134,23.4728,0,0
95792.0,1.0,23.0,85.3,172.5,28.7,92.5,100.3,34.4,37.4,43.0,1760.0,72.99000000000001,9.0,1.0,1.0,0.0,1.0,1.0,240.0,29.11232956261206,24.8056,58.061099999999996,26.4881,28.083299999999998,0,0
95799.0,2.0,25.0,69.9,168.0,24.8,88.5,100.8,29.8,36.2,39.6,1315.0,47.01,8.0,0.0,0.0,0.0,0.0,0.0,420.0,30.862216631179017,21.6676,46.2834,20.675,22.524099999999997,0,0
95803.0,1.0,38.0,100.8,180.0,31.1,102.8,103.7,37.9,40.4,43.4,2895.0,106.39,8.5,0.0,0.0,0.0,0.0,1.0,720.0,23.893019119152353,24.2105,74.12639999999999,32.942,37.2611,0,0
95807.0,2.0,34.0,118.4,161.4,45.5,131.6,136.2,42.4,37.6,38.2,2289.0,72.18999999999998,8.0,0.0,0.0,0.0,1.0,1.0,600.0,48.48742845239957,57.588800000000006,59.0324,25.84,30.1757,0,0
95808.0,2.0,19.0,69.3,163.9,25.8,87.9,102.2,32.0,35.5,37.5,3014.0,103.08999999999999,11.5,0.0,0.0,1.0,0.0,0.0,240.0,41.887937863004794,29.1113,38.6631,15.532200000000001,20.5105,0,0
95809.0,2.0,59.0,81.6,157.0,33.1,101.9,104.7,30.4,35.0,30.7,1002.0,25.74000000000001,8.0,0.0,0.0,1.0,0.0,0.0,180.0,38.477119065962576,31.4488,47.894800000000004,19.3873,25.421400000000002,0,0
95811.0,2.0,24.0,39.3,151.0,17.2,64.7,84.2,21.1,31.9,35.1,3617.0,209.42999999999998,4.0,1.0,1.0,0.0,1.0,1.0,90.0,29.588087946684986,11.74,26.388,10.0592,13.8016,0,1
95814.0,1.0,45.0,117.3,172.6,39.4,124.2,119.1,41.4,37.6,42.6,2730.0,58.91,8.0,0.0,0.0,0.0,0.0,1.0,420.0,33.09575344089081,39.2112,76.76960000000001,35.552899999999994,37.629400000000004,0,0
95825.0,2.0,45.0,76.1,152.5,32.7,109.5,114.2,34.7,36.0,30.8,1574.0,58.370000000000005,6.5,1.0,1.0,0.0,0.0,1.0,240.0,42.66837428369308,32.829699999999995,42.0058,16.1123,23.143700000000003,1,0
95839.0,1.0,44.0,93.8,179.8,29.0,97.7,101.6,34.7,42.8,45.3,2697.0,103.43,8.5,0.0,0.0,0.0,0.0,0.0,600.0,24.0239231802167,22.7498,68.8742,34.2435,31.1557,0,0
95848.0,2.0,52.0,57.1,156.5,23.3,80.6,93.5,29.9,34.4,31.1,2032.0,91.66000000000001,9.0,0.0,1.0,1.0,0.0,1.0,240.0,38.46458384782921,22.0547,33.4339,13.4845,17.0882,0,0
95849.0,2.0,40.0,65.1,163.2,24.4,88.5,99.4,29.1,37.5,37.5,1672.0,67.56,2.0,0.0,0.0,0.0,0.0,0.0,540.0,36.74290260562294,24.0612,39.746900000000004,16.483,20.297400000000003,0,0
95850.0,2.0,27.0,107.9,163.4,40.4,120.5,119.9,38.4,37.8,37.4,1487.0,58.36,7.0,1.0,1.0,0.0,1.0,0.0,180.0,38.1332185051622,41.356199999999994,64.5977,29.620099999999997,31.199900000000003,0,0
95851.0,1.0,28.0,85.0,165.5,31.0,97.3,101.3,35.2,33.6,41.2,2720.0,135.76,5.5,1.0,1.0,0.0,0.0,0.0,300.0,26.479111621880058,22.5661,60.1277,27.353300000000004,29.1196,0,0
95853.0,2.0,24.0,104.9,157.5,42.3,115.8,136.5,42.5,35.0,36.1,1001.0,29.4,7.0,0.0,1.0,1.0,1.0,1.0,300.0,46.412181158723,48.715199999999996,53.847300000000004,24.526100000000003,25.8992,0,0
95858.0,1.0,32.0,86.3,176.5,27.7,98.9,99.3,35.2,40.0,44.7,3401.0,97.39000000000001,7.0,0.0,0.0,0.0,1.0,1.0,600.0,27.698125875311717,24.0433,60.0335,28.526600000000002,27.8409,0,0
95860.0,2.0,51.0,53.8,162.4,20.4,79.8,88.2,23.5,36.7,37.0,1250.0,55.68,13.0,0.0,0.0,0.0,0.0,0.0,1320.0,36.50938512693456,20.0583,33.0844,14.150400000000001,16.5609,0,1
95870.0,2.0,20.0,104.6,168.7,36.8,107.8,129.6,36.9,39.0,45.0,3546.0,115.81,12.0,0.0,0.0,0.0,0.0,0.0,420.0,46.36133012968395,49.0851,54.186800000000005,23.606099999999998,27.0678,0,0
95874.0,2.0,18.0,84.9,160.4,33.0,97.7,114.2,37.2,36.8,42.0,2082.0,82.57999999999998,7.0,0.0,1.0,0.0,1.0,0.0,180.0,41.396691814623104,35.2633,47.579699999999995,20.5832,24.0135,0,0
95882.0,1.0,26.0,75.0,185.5,21.8,81.5,97.8,29.6,38.5,49.9,4071.0,174.95999999999995,4.0,1.0,1.0,1.0,1.0,1.0,480.0,22.312824893654305,16.8444,55.889900000000004,26.0039,26.9254,0,0
95886.0,2.0,57.0,63.3,164.9,23.3,91.0,97.3,28.4,35.3,39.0,,,8.0,0.0,0.0,0.0,0.0,0.0,,37.764850214984094,23.822599999999998,37.29,15.4634,18.8338,0,0
95891.0,1.0,56.0,69.9,175.2,22.8,94.5,92.5,30.4,38.2,40.4,3524.0,103.92,6.0,0.0,1.0,1.0,0.0,1.0,180.0,25.98122090076763,18.4351,49.9645,20.804299999999998,25.9458,0,1
95896.0,2.0,32.0,66.6,177.7,21.1,71.7,99.9,26.5,37.6,41.1,1511.0,89.95,10.5,0.0,0.0,0.0,0.0,0.0,600.0,27.587380852738708,18.5565,46.012,21.0043,21.868299999999998,0,0
95900.0,1.0,31.0,95.9,180.7,29.4,101.5,105.0,34.0,43.0,44.3,1401.0,61.36,7.0,0.0,0.0,0.0,1.0,0.0,720.0,30.00332600811016,28.983900000000002,64.9489,30.4591,30.583,0,0
95903.0,1.0,21.0,79.4,173.2,26.5,94.0,104.0,32.4,36.5,42.0,1738.0,75.24,7.0,1.0,1.0,0.0,1.0,0.0,180.0,27.070917515691363,21.6941,56.159800000000004,25.33,27.4768,0,0
95904.0,2.0,53.0,65.2,165.1,23.9,88.9,96.8,27.8,33.3,36.1,1954.0,88.44,7.0,0.0,0.0,0.0,1.0,1.0,600.0,35.686139778950256,23.5059,40.3996,15.1205,21.9775,0,0
95911.0,2.0,38.0,61.8,155.5,25.6,81.7,94.9,30.4,35.0,36.3,1747.0,96.98,7.0,0.0,1.0,0.0,0.0,0.0,180.0,35.2976042821806,22.141099999999998,38.5856,15.6875,20.0493,0,0
95912.0,1.0,50.0,89.8,182.2,27.1,102.2,107.1,33.4,39.5,45.6,1630.0,68.75,7.5,0.0,0.0,0.0,0.0,1.0,360.0,29.3594292309325,26.613799999999998,61.1745,26.5792,31.0484,0,0
95914.0,2.0,47.0,126.2,160.5,49.0,135.6,148.3,36.2,35.2,32.8,2653.0,73.88,9.0,0.0,1.0,0.0,0.0,0.0,180.0,46.97105112313273,58.9095,64.3989,28.0958,33.414300000000004,0,0
95915.0,1.0,57.0,101.5,169.8,35.2,123.4,108.0,39.6,36.5,38.2,1744.0,55.11,7.5,1.0,1.0,0.0,0.0,1.0,360.0,33.26695845694562,33.886,65.4299,28.4719,33.7928,0,0
95922.0,1.0,25.0,83.4,174.4,27.4,90.1,102.0,36.1,41.0,45.0,3346.0,121.67,7.0,1.0,0.0,0.0,1.0,1.0,150.0,21.186565597405956,17.750700000000002,63.321400000000004,29.0081,30.6737,0,0
95928.0,2.0,56.0,69.1,160.6,26.8,92.5,100.4,30.2,34.5,37.2,,,9.0,0.0,0.0,0.0,0.0,0.0,480.0,38.31528186306038,26.8079,41.085800000000006,17.153800000000004,20.883,0,0
95935.0,1.0,19.0,89.8,165.1,32.9,102.5,108.8,36.9,38.2,39.0,3377.0,121.46000000000001,9.0,1.0,1.0,0.0,0.0,0.0,300.0,33.83748268387017,30.5304,57.032199999999996,25.0447,28.4776,1,0
95944.0,1.0,54.0,127.6,172.6,42.8,132.8,132.3,41.5,41.5,39.0,2688.0,93.95000000000002,5.5,1.0,1.0,0.0,0.0,0.0,180.0,37.72237439050909,48.0511,76.6376,31.9972,40.4066,1,0
95948.0,2.0,18.0,67.6,170.8,23.2,84.9,102.0,28.2,39.0,41.0,1654.0,41.029999999999994,8.0,0.0,1.0,0.0,0.0,0.0,360.0,33.65581443978392,22.9193,42.906400000000005,18.4393,21.5503,0,0
95950.0,1.0,45.0,75.2,181.5,22.8,85.0,95.1,31.6,39.8,43.9,2900.0,61.26,6.0,0.0,1.0,0.0,0.0,0.0,180.0,19.397436374626288,14.8005,58.4982,26.5915,29.1963,0,0
95951.0,1.0,24.0,69.3,169.7,24.1,92.1,97.8,31.1,39.0,43.0,1578.0,50.39,7.5,1.0,1.0,1.0,0.0,1.0,360.0,27.34955655537452,18.9895,48.3579,22.0105,23.1821,0,0
95953.0,2.0,18.0,55.7,165.6,20.3,73.0,92.7,26.8,36.0,41.6,2886.0,105.7,9.0,0.0,0.0,0.0,0.0,0.0,240.0,29.61911358810665,16.745,37.6271,16.3734,18.5507,0,0
95955.0,2.0,22.0,102.1,164.0,38.0,125.1,133.0,39.9,37.8,36.5,1331.0,46.37,7.5,0.0,1.0,0.0,0.0,0.0,600.0,48.4313156427501,49.7126,50.9696,22.9197,25.3935,0,0
95968.0,2.0,49.0,50.1,157.5,20.2,71.0,90.5,25.4,34.0,35.9,475.0,14.96,7.5,0.0,0.0,1.0,0.0,1.0,480.0,20.463637376933217,10.3913,38.2699,15.896799999999999,19.520599999999998,0,0
95977.0,2.0,26.0,69.7,178.4,21.9,81.3,107.9,30.1,38.6,46.8,,,4.0,1.0,1.0,0.0,1.0,1.0,300.0,38.34939060210721,26.8368,40.678,18.5847,19.2645,0,0
95986.0,1.0,48.0,88.2,165.6,32.2,103.8,103.1,37.0,35.8,39.0,2089.0,79.84,12.0,1.0,1.0,0.0,1.0,1.0,240.0,27.110083787423385,24.041,62.2057,27.0093,31.883,0,0
95990.0,2.0,28.0,59.9,167.5,21.3,79.6,88.0,26.0,36.0,38.5,2529.0,90.83,7.0,0.0,0.0,1.0,1.0,1.0,240.0,24.81342615307594,14.893799999999999,42.6971,17.367300000000004,22.5912,0,0
95991.0,1.0,43.0,83.0,174.4,27.3,95.5,101.5,34.3,40.5,44.0,1450.0,69.38,6.0,0.0,0.0,0.0,0.0,0.0,30.0,23.51677268417027,19.698700000000002,61.44,29.8382,28.2253,0,0
95996.0,2.0,42.0,108.0,166.0,39.2,111.6,127.3,42.4,41.3,38.8,2272.0,62.239999999999995,8.0,0.0,0.0,0.0,0.0,0.0,180.0,45.474132684001745,49.123400000000004,56.2741,26.0349,26.615599999999997,0,0
95998.0,1.0,29.0,78.8,161.9,30.1,101.2,98.6,35.5,36.2,36.9,,,7.0,0.0,0.0,0.0,1.0,0.0,180.0,31.995471964304766,25.5453,52.169599999999996,22.1997,26.920900000000003,1,0
96003.0,2.0,49.0,73.5,152.6,31.6,98.8,104.0,33.5,32.5,33.0,1402.0,48.34,8.0,1.0,1.0,0.0,0.0,0.0,600.0,42.3967785856187,31.363,40.5608,15.533399999999999,21.895799999999998,1,0
96008.0,1.0,52.0,94.3,178.8,29.5,99.3,105.3,35.7,37.8,44.6,2040.0,78.06,6.0,1.0,0.0,1.0,1.0,1.0,60.0,28.29057615583147,26.8293,65.4511,30.8689,30.879,0,0
96011.0,2.0,32.0,64.0,162.6,24.2,90.6,103.0,29.7,36.6,37.6,2075.0,102.60999999999999,8.0,1.0,1.0,0.0,1.0,0.0,60.0,41.024699261742,26.5167,36.0193,15.167200000000001,18.0984,0,0
96014.0,2.0,36.0,46.9,162.0,17.9,74.5,87.7,23.8,35.5,36.2,3030.0,129.76000000000002,8.0,0.0,0.0,0.0,0.0,0.0,480.0,26.593513563593003,12.5724,32.3255,13.472900000000001,16.1402,0,1
96022.0,1.0,56.0,78.7,165.2,28.8,101.8,101.5,33.6,36.2,38.5,1349.0,33.67,7.0,0.0,0.0,1.0,0.0,0.0,180.0,27.79387223442169,21.788,54.5458,22.7595,28.3588,0,0
96029.0,1.0,31.0,80.8,165.2,29.6,98.2,101.3,33.4,38.2,38.8,1838.0,56.34,8.0,0.0,0.0,1.0,1.0,1.0,480.0,30.84467692676135,25.2437,54.5346,23.4765,27.8183,0,0
96030.0,1.0,59.0,87.6,183.2,26.1,102.5,106.2,30.5,42.7,43.1,1134.0,52.52,5.0,0.0,0.0,0.0,0.0,0.0,720.0,30.13329901042015,26.619,58.195,26.659200000000002,28.1983,0,0
96031.0,2.0,24.0,68.2,170.9,23.4,79.8,106.3,30.8,38.0,44.5,1700.0,105.73,6.0,0.0,1.0,1.0,1.0,1.0,120.0,40.30966798065591,27.7732,39.212300000000006,17.402,19.0254,0,0
96034.0,1.0,57.0,81.2,178.9,25.4,90.3,93.8,33.0,40.8,39.2,4402.0,172.43999999999997,7.0,1.0,1.0,1.0,1.0,1.0,360.0,23.12399994729823,18.954900000000002,60.362,26.723599999999998,29.9223,0,0
96035.0,2.0,20.0,55.7,157.0,22.6,81.6,95.1,26.0,32.5,35.3,863.0,49.38,8.0,0.0,1.0,0.0,0.0,0.0,300.0,35.159447975617546,19.476200000000002,33.9501,13.123599999999998,18.2007,0,1
96038.0,2.0,55.0,56.9,159.4,22.4,86.1,91.3,26.1,33.5,35.0,1340.0,61.86999999999999,8.0,0.0,0.0,0.0,0.0,1.0,180.0,35.23781006812521,20.1945,35.2918,15.1782,17.516599999999997,0,0
96048.0,1.0,47.0,70.9,160.7,27.5,94.5,97.2,31.4,35.0,39.0,1907.0,66.22999999999999,9.0,1.0,1.0,0.0,0.0,0.0,180.0,25.494321499614763,18.040200000000002,50.511300000000006,22.158900000000003,25.4088,0,0
96050.0,2.0,46.0,84.7,164.8,31.2,98.5,114.8,35.9,37.7,38.1,2056.0,200.88000000000002,6.5,0.0,1.0,0.0,1.0,1.0,300.0,40.137825117673245,34.2315,48.8851,20.281200000000002,25.8017,0,0
96056.0,1.0,20.0,76.2,176.9,24.4,91.3,98.8,29.9,38.1,41.1,3680.0,166.27000000000007,9.0,0.0,0.0,1.0,1.0,1.0,360.0,29.938495403422472,23.695400000000003,53.144400000000005,22.0368,27.910700000000002,0,0
96063.0,2.0,27.0,52.1,161.6,20.0,74.3,92.2,28.3,34.2,39.2,2847.0,122.00000000000001,8.0,0.0,1.0,1.0,1.0,1.0,720.0,27.073909336424617,14.1812,36.253699999999995,15.128,18.5944,0,0
96064.0,1.0,49.0,75.3,174.4,24.8,87.8,95.3,31.7,38.3,41.2,1897.0,60.339999999999996,10.0,0.0,0.0,0.0,0.0,1.0,540.0,22.40630176495462,16.993299999999998,56.062,25.914199999999997,26.4426,0,0
96066.0,1.0,52.0,61.4,169.0,21.5,78.8,86.8,26.7,35.6,39.4,8241.0,238.22000000000003,4.0,1.0,0.0,1.0,0.0,0.0,720.0,19.6683468407733,12.2095,46.7586,21.3699,22.298299999999998,0,0
96070.0,1.0,45.0,69.4,167.4,24.8,90.6,96.0,31.4,35.5,38.1,2322.0,69.99,7.0,0.0,0.0,0.0,1.0,1.0,300.0,31.684512420101374,22.1726,45.637800000000006,20.697599999999998,22.2321,0,0
96074.0,2.0,34.0,111.9,171.4,38.1,120.7,130.0,36.9,38.4,41.5,1233.0,40.78,6.5,0.0,1.0,0.0,1.0,1.0,420.0,48.23087925802002,54.4267,56.1706,22.408099999999997,30.854400000000002,0,0
96078.0,1.0,19.0,137.3,174.1,45.3,136.8,138.4,41.2,38.5,41.1,1286.0,41.67,5.0,1.0,1.0,0.0,1.0,0.0,120.0,40.27695027306319,55.3112,78.7725,33.5241,41.0872,1,0
96079.0,1.0,52.0,80.6,156.1,33.1,100.2,103.9,35.7,35.6,34.8,1704.0,106.50000000000001,7.0,1.0,1.0,1.0,0.0,0.0,300.0,29.77938689927468,24.0405,54.7355,24.299799999999998,27.161099999999998,1,0
96088.0,1.0,20.0,61.0,173.1,20.4,69.6,87.8,28.4,37.5,43.0,2548.0,96.41000000000001,7.0,0.0,1.0,0.0,1.0,1.0,240.0,13.855493413058403,8.4949,50.2259,24.5894,22.655099999999997,0,0
96091.0,2.0,54.0,77.4,152.6,33.2,112.8,111.9,30.5,35.2,36.6,1224.0,22.779999999999994,6.0,0.0,0.0,0.0,0.0,1.0,180.0,37.99149197487643,29.3491,46.4462,18.567700000000002,24.846799999999995,0,0
96092.0,1.0,22.0,56.1,171.9,19.0,71.6,85.2,28.4,34.3,42.1,11710.0,440.72999999999996,10.0,0.0,0.0,1.0,1.0,1.0,120.0,15.760385202977242,8.879100000000001,44.793699999999994,19.944599999999998,21.5815,0,1
96093.0,2.0,20.0,95.9,156.8,39.0,101.1,126.0,39.4,35.0,36.6,493.0,8.84,8.5,1.0,1.0,1.0,1.0,1.0,300.0,46.67173443083533,44.832,49.07,23.919400000000003,22.1045,0,0
96097.0,1.0,58.0,84.5,179.6,26.2,100.5,102.5,34.0,40.5,46.0,3028.0,73.35000000000001,9.0,1.0,1.0,1.0,0.0,1.0,480.0,31.896831008397196,26.977,55.4153,24.425399999999996,27.986600000000003,0,0
96103.0,2.0,23.0,109.4,159.2,43.2,108.0,125.6,43.0,36.0,38.0,2241.0,64.19,8.0,0.0,1.0,1.0,1.0,1.0,300.0,44.28742678693685,48.7226,59.009,26.840700000000002,28.618599999999997,0,0
96108.0,2.0,47.0,98.3,161.6,37.6,108.2,127.0,41.8,40.2,38.1,871.0,32.76,8.0,0.0,1.0,0.0,0.0,1.0,180.0,44.65240224936137,44.1156,52.2708,22.1857,26.715799999999998,0,0
96116.0,2.0,54.0,71.0,161.7,27.2,88.2,110.8,32.9,37.0,37.3,2272.0,71.64000000000001,9.0,1.0,1.0,0.0,1.0,1.0,120.0,37.68142534001375,26.738599999999998,42.150800000000004,17.673099999999998,21.914900000000003,0,0
96123.0,2.0,35.0,86.6,155.1,36.0,105.0,120.2,37.8,38.0,34.7,1188.0,58.81999999999999,8.5,0.0,1.0,0.0,1.0,1.0,360.0,46.07228880242229,40.1188,44.5747,19.0616,22.5849,0,0
96124.0,2.0,52.0,67.3,156.5,27.5,101.2,106.3,30.0,35.0,32.0,1032.0,46.64,10.0,0.0,0.0,0.0,0.0,0.0,180.0,42.3583020445523,28.617900000000002,37.292199999999994,13.8246,20.6229,1,0
96125.0,2.0,28.0,61.1,165.9,22.2,74.3,99.5,26.5,33.2,36.0,1944.0,84.63000000000001,7.0,0.0,0.0,0.0,1.0,1.0,600.0,30.829976975204136,18.936,40.479800000000004,16.6295,21.173299999999998,0,0
96133.0,1.0,32.0,154.3,185.2,45.0,132.6,136.4,47.4,43.7,49.8,1651.0,48.68,9.0,0.0,0.0,1.0,1.0,1.0,840.0,31.862135049585966,49.438199999999995,102.0776,52.197,45.540099999999995,0,0
96137.0,2.0,48.0,93.4,159.8,36.6,101.0,111.1,38.3,36.0,36.5,1391.0,51.83,3.5,0.0,0.0,0.0,0.0,0.0,60.0,40.24740056843911,37.9945,53.4736,22.5647,27.816599999999998,0,0
96138.0,1.0,34.0,92.7,172.6,31.1,105.0,106.1,37.4,39.0,37.3,2395.0,102.16,10.0,0.0,1.0,1.0,0.0,1.0,120.0,27.55245565325673,25.6398,64.43130000000001,28.5104,32.4084,0,0
96139.0,1.0,27.0,62.3,162.9,23.5,80.4,92.4,31.0,36.3,40.1,4007.0,91.03999999999999,6.0,0.0,0.0,1.0,0.0,0.0,120.0,17.322543565367287,10.9182,50.0414,22.458,24.4898,0,0
96140.0,1.0,54.0,77.2,161.8,29.5,94.6,100.3,33.5,38.0,36.4,2068.0,62.739999999999995,8.5,0.0,0.0,0.0,0.0,0.0,180.0,24.22317926362977,18.813,56.4922,25.6023,27.839,0,0
96143.0,1.0,55.0,87.8,169.9,30.4,106.5,108.6,32.5,39.0,41.5,3410.0,80.38999999999999,7.0,0.0,0.0,0.0,0.0,0.0,480.0,29.335554458881784,25.7212,59.9505,27.464199999999998,29.6147,0,0
96150.0,1.0,23.0,53.9,174.5,17.7,74.0,84.2,25.0,38.0,42.5,1810.0,66.60000000000001,10.0,0.0,1.0,0.0,0.0,0.0,720.0,24.782963706839105,13.203,38.0982,15.7286,19.488400000000002,0,1
96151.0,1.0,57.0,86.3,172.3,29.1,103.5,102.1,36.5,38.0,40.7,1738.0,49.34,6.5,0.0,0.0,0.0,1.0,0.0,720.0,29.603004697178747,25.6245,58.1503,26.730199999999996,28.422099999999997,0,0
96160.0,2.0,58.0,63.4,163.6,23.7,92.7,97.0,28.4,36.3,38.5,1299.0,47.559999999999995,8.5,0.0,1.0,0.0,1.0,1.0,480.0,32.327272141032964,20.453200000000002,40.776300000000006,16.9193,21.0336,0,0
96163.0,2.0,35.0,70.4,145.6,33.2,95.0,103.0,33.6,33.4,32.4,1428.0,27.75,7.0,0.0,0.0,1.0,0.0,1.0,180.0,39.13883392132985,27.462799999999998,40.938900000000004,17.8398,20.2177,0,0
96175.0,1.0,39.0,97.2,170.7,33.4,107.2,106.5,39.4,39.0,42.0,2174.0,83.34,9.0,1.0,1.0,0.0,1.0,0.0,240.0,26.86163837566127,26.1212,68.522,32.1979,32.3462,0,0
96186.0,1.0,45.0,123.8,176.0,40.0,134.7,121.9,43.5,40.3,44.0,2718.0,68.66,6.5,1.0,1.0,1.0,1.0,0.0,720.0,36.214797540748734,45.232800000000005,76.4085,34.1936,38.73979999999999,0,0
96188.0,2.0,55.0,79.7,157.4,32.2,99.0,114.4,33.0,34.8,41.0,3058.0,98.12,7.0,0.0,0.0,0.0,1.0,1.0,420.0,42.28539676275802,33.924800000000005,43.879599999999996,19.0981,21.5991,0,0
96190.0,1.0,54.0,59.5,161.7,22.8,85.8,93.4,28.4,34.8,38.6,3017.0,125.28000000000002,7.0,0.0,0.0,0.0,0.0,0.0,300.0,22.095649067878114,13.157399999999999,44.4704,19.876,21.3008,0,0
96191.0,2.0,39.0,76.1,152.0,32.9,107.2,111.3,33.6,36.0,33.0,1812.0,70.50999999999999,8.0,1.0,1.0,0.0,0.0,0.0,30.0,37.23455169131284,28.3583,45.6728,18.286300000000004,24.4574,0,0
96196.0,2.0,34.0,157.4,163.2,59.1,154.9,168.5,43.1,33.8,38.0,1110.0,83.54,7.0,1.0,1.0,0.0,0.0,0.0,120.0,52.46330514771894,82.894,72.60910000000001,31.888199999999998,37.4235,0,0
96198.0,2.0,29.0,51.4,161.5,19.7,69.5,87.7,24.2,36.6,38.3,3587.0,102.86999999999999,4.0,0.0,0.0,1.0,0.0,0.0,60.0,24.22773866350517,12.580200000000001,37.348,16.2437,18.382099999999998,0,0
96205.0,1.0,52.0,83.0,178.3,26.1,98.0,103.0,31.5,39.0,43.0,2151.0,71.44,6.5,0.0,0.0,0.0,0.0,0.0,120.0,30.716303163943813,25.5111,55.127900000000004,25.345,26.598,0,0
96216.0,2.0,56.0,75.8,168.2,26.8,90.3,105.9,29.8,38.2,43.7,1140.0,21.86,6.0,0.0,1.0,0.0,1.0,1.0,240.0,40.33094316188303,30.5627,42.710800000000006,19.5278,19.9428,0,0
96219.0,2.0,41.0,106.2,158.7,42.2,120.9,132.5,38.4,35.5,34.5,2172.0,63.34,6.0,0.0,0.0,0.0,1.0,1.0,120.0,46.10660045194177,49.1323,54.7806,23.8855,27.8945,0,0
96222.0,2.0,40.0,68.4,161.4,26.3,88.9,103.0,30.6,35.0,37.5,1266.0,27.1,8.5,0.0,0.0,0.0,0.0,0.0,360.0,37.03498616679951,25.4821,41.1787,16.3777,22.008599999999998,0,0
96224.0,2.0,59.0,65.0,166.5,23.4,88.0,104.5,29.5,36.0,38.0,2412.0,83.64,6.0,0.0,1.0,1.0,1.0,1.0,480.0,36.557675014710654,23.900599999999997,39.3246,16.6657,20.242099999999997,0,0
96226.0,1.0,31.0,95.9,175.3,31.2,99.7,103.6,36.4,38.0,43.6,4041.0,186.38,5.5,1.0,0.0,0.0,1.0,1.0,180.0,24.72035824278577,23.8888,69.7073,33.5089,32.5935,0,0
96233.0,1.0,18.0,72.8,172.5,24.5,80.0,95.2,31.6,38.5,43.6,1667.0,93.50000000000001,8.0,0.0,1.0,1.0,1.0,1.0,600.0,13.054534041550797,9.5957,60.5963,29.672099999999997,27.6827,0,0
96237.0,2.0,58.0,56.3,160.8,21.8,89.3,91.0,25.6,36.0,36.8,864.0,29.950000000000003,12.0,0.0,0.0,0.0,0.0,0.0,420.0,36.31006875805227,20.548299999999998,34.3628,13.4272,18.303000000000008,0,1
96238.0,1.0,18.0,72.6,177.0,23.2,76.7,97.4,30.5,40.9,45.6,1917.0,48.26,10.0,0.0,0.0,0.0,0.0,0.0,180.0,17.281808540664574,12.5459,56.8468,27.741600000000002,26.211,0,0
96240.0,2.0,42.0,69.2,157.4,27.9,92.1,97.6,31.7,32.4,34.7,1814.0,109.8,6.0,0.0,0.0,0.0,1.0,0.0,600.0,41.20753277876851,28.5261,39.081199999999995,16.285400000000003,19.8346,0,0
96241.0,2.0,18.0,47.3,161.0,18.2,75.1,87.6,23.1,31.4,38.4,1921.0,67.22,8.0,0.0,1.0,0.0,0.0,1.0,360.0,33.681487625445186,15.9426,29.5657,11.9095,15.3632,0,1
96249.0,2.0,58.0,69.9,155.6,28.9,102.4,103.5,30.0,34.5,31.5,,,6.0,0.0,0.0,1.0,0.0,0.0,30.0,42.273985553210764,29.5574,38.530199999999994,14.1396,21.4997,1,0
96250.0,1.0,42.0,97.1,172.6,32.6,106.1,115.5,39.6,39.8,43.4,2829.0,128.18,9.0,0.0,0.0,0.0,0.0,0.0,180.0,31.623992664520856,30.819200000000002,64.05590000000001,30.324,30.4662,0,0
96253.0,2.0,47.0,97.0,176.7,31.1,114.3,116.1,33.5,36.2,40.3,1223.0,48.519999999999996,7.0,0.0,0.0,0.0,0.0,1.0,480.0,45.30181193768807,44.3643,50.9531,19.750899999999998,28.1204,0,0
96257.0,2.0,32.0,68.4,155.1,28.4,94.6,98.6,31.0,33.5,34.7,2612.0,93.42,7.5,0.0,0.0,0.0,0.0,0.0,300.0,36.36130315195579,24.963099999999997,41.8767,17.9968,20.8059,0,0
96270.0,1.0,25.0,86.9,180.0,26.8,88.8,102.2,35.5,42.0,47.0,2323.0,88.14,7.5,1.0,0.0,0.0,1.0,0.0,240.0,19.4258222654057,16.990099999999998,67.85610000000001,35.41289999999999,28.8995,0,0
96272.0,1.0,29.0,76.9,173.8,25.5,91.8,94.4,32.5,40.4,39.3,3087.0,119.45,9.0,0.0,0.0,1.0,1.0,1.0,180.0,28.360849239914316,21.8936,52.6708,23.557399999999998,25.5795,0,0
96275.0,2.0,31.0,70.4,163.1,26.5,85.2,107.1,31.0,34.7,37.4,1489.0,73.06,7.0,0.0,1.0,1.0,1.0,1.0,780.0,39.46005629597376,27.9114,40.7155,18.0409,19.8781,0,0
96279.0,2.0,54.0,81.4,156.2,33.4,108.4,114.8,35.7,34.0,32.0,1873.0,66.78999999999999,8.0,0.0,0.0,0.0,0.0,0.0,720.0,46.268978075247915,37.6065,41.912,13.943200000000001,25.2368,1,0
96282.0,1.0,49.0,108.1,173.8,35.8,117.5,115.5,38.5,41.7,40.0,1428.0,89.2,7.0,0.0,0.0,0.0,0.0,0.0,300.0,31.118051353903635,33.7494,72.10430000000001,33.662,35.2528,0,0
96283.0,1.0,46.0,86.8,182.1,26.2,98.9,99.6,31.5,38.8,42.6,3683.0,163.25,7.0,1.0,1.0,1.0,0.0,1.0,480.0,28.53390623502815,24.895,59.9611,26.013699999999996,30.2563,0,0
96288.0,1.0,19.0,86.2,178.8,27.0,84.7,103.7,35.1,39.4,40.8,2616.0,161.45,8.5,0.0,0.0,1.0,1.0,0.0,360.0,22.17873201675568,19.1681,64.341,29.605100000000004,31.179,0,0
96297.0,2.0,32.0,74.7,166.8,26.8,97.5,100.0,31.3,38.0,43.0,1597.0,49.14999999999999,9.0,0.0,1.0,0.0,1.0,1.0,180.0,36.82044194644812,27.5212,45.0523,18.5428,23.7486,0,0
96299.0,1.0,29.0,62.1,172.2,20.9,75.4,90.9,27.3,37.7,39.7,4907.0,178.14,5.0,1.0,1.0,0.0,1.0,1.0,30.0,15.107524770242057,9.463,50.828300000000006,22.7878,24.9133,0,0
96308.0,1.0,53.0,84.2,165.2,30.9,106.5,100.5,33.5,36.0,40.0,2595.0,73.49000000000001,9.0,0.0,0.0,0.0,0.0,0.0,60.0,33.79893681738951,28.618299999999998,53.7615,23.2338,27.2852,1,0
96310.0,1.0,54.0,64.4,154.0,27.2,95.6,91.8,30.8,34.3,34.3,2316.0,105.85999999999999,9.0,0.0,1.0,0.0,0.0,1.0,240.0,26.751345884645506,17.3521,45.6899,19.998099999999997,22.2763,1,0
96311.0,2.0,19.0,54.6,170.9,18.7,66.0,88.4,23.8,36.8,40.5,375.0,4.07,6.0,0.0,0.0,1.0,1.0,0.0,514.0,25.37541701709804,14.0449,38.8061,16.9389,18.8417,0,0
96320.0,1.0,46.0,87.4,170.0,30.2,102.6,104.5,34.5,37.5,39.0,1013.0,3.24,8.0,1.0,1.0,1.0,0.0,0.0,180.0,27.209214978285022,24.138099999999998,61.9297,28.2262,30.2943,0,0
96322.0,2.0,34.0,52.2,147.5,24.0,81.0,92.0,27.6,34.0,31.5,2396.0,142.40000000000003,9.0,0.0,1.0,0.0,0.0,0.0,20.0,37.67214545952531,19.8063,31.0515,11.7455,16.605,1,1
96325.0,2.0,26.0,73.1,148.2,33.3,94.2,100.1,35.2,31.5,34.0,949.0,53.699999999999996,7.5,0.0,1.0,0.0,1.0,1.0,240.0,38.60528634111582,28.6112,43.6319,18.4649,21.8062,0,0
96329.0,2.0,42.0,64.5,166.1,23.4,77.2,102.1,27.9,36.2,41.1,1690.0,93.42,8.5,0.0,0.0,0.0,0.0,0.0,15.0,38.72320204175796,25.2531,38.025800000000004,16.6449,18.8161,0,0
96337.0,1.0,20.0,93.1,178.1,29.4,98.4,112.6,36.1,41.4,45.1,1687.0,67.9,9.0,1.0,1.0,0.0,1.0,0.0,240.0,36.861286723689105,34.444199999999995,56.6664,25.652399999999997,27.92,0,0
96340.0,1.0,49.0,89.0,171.6,30.2,100.6,100.4,37.5,40.0,39.0,1776.0,90.02000000000001,6.5,0.0,1.0,0.0,0.0,0.0,840.0,27.735566036053704,24.887900000000002,62.0518,28.3137,30.564400000000003,0,0
96344.0,2.0,42.0,88.7,156.2,36.4,114.8,116.4,35.1,35.1,35.4,2034.0,51.199999999999996,11.0,0.0,0.0,0.0,0.0,0.0,720.0,44.250910795730945,39.1327,47.6731,19.381600000000002,25.034,0,0
96346.0,1.0,29.0,94.6,159.7,37.1,120.2,111.5,36.7,37.2,39.4,1296.0,58.010000000000005,5.5,1.0,1.0,0.0,0.0,0.0,480.0,36.67578629013083,34.7067,57.4089,26.158699999999996,27.433,1,0
96348.0,1.0,54.0,71.8,187.7,20.4,81.2,92.6,32.4,39.8,48.0,1872.0,159.26000000000002,6.0,0.0,0.0,0.0,0.0,0.0,180.0,17.949223183456496,12.9444,56.1734,25.3677,27.7817,0,0
96350.0,1.0,19.0,49.8,170.0,17.2,68.0,81.5,26.0,36.2,41.0,2483.0,64.41,8.5,1.0,1.0,0.0,1.0,1.0,180.0,15.930984080022542,7.9607,39.795,18.308699999999998,18.240299999999998,0,1
96355.0,2.0,20.0,39.1,149.5,17.5,71.2,80.8,20.7,34.0,35.2,3078.0,172.68,11.0,0.0,0.0,1.0,0.0,0.0,360.0,30.635814954136247,11.9858,25.637700000000002,10.4209,12.7994,0,1
96358.0,2.0,48.0,66.4,151.1,29.1,106.0,105.0,32.0,32.5,34.0,3049.0,94.38,7.0,0.0,0.0,0.0,0.0,0.0,360.0,46.61545677796049,30.887700000000002,33.6089,13.5853,17.4234,1,0
96365.0,2.0,39.0,71.7,165.6,26.1,90.6,106.2,31.9,35.3,42.1,1326.0,65.57,7.5,0.0,1.0,0.0,1.0,1.0,360.0,37.74763559534598,27.796200000000002,43.282300000000006,17.9853,22.439799999999998,0,0
96368.0,2.0,31.0,103.9,157.9,41.7,124.4,141.0,37.6,36.5,35.5,788.0,62.0,9.0,0.0,1.0,0.0,1.0,0.0,480.0,42.60246263310879,44.0035,56.924,23.797,30.1094,0,0
96372.0,1.0,50.0,84.9,180.9,25.9,94.2,97.4,30.6,38.3,41.2,2421.0,175.24999999999997,7.0,1.0,1.0,0.0,0.0,1.0,480.0,25.63812230252514,22.1217,61.402,25.2414,32.269,0,0
96373.0,1.0,53.0,109.5,177.6,34.7,117.0,116.1,41.5,39.5,44.9,1543.0,45.35,7.0,1.0,1.0,1.0,0.0,1.0,120.0,36.06019600903367,39.8984,68.0292,32.0637,32.291399999999996,0,0
96377.0,2.0,52.0,51.2,154.3,21.5,77.9,88.2,26.7,31.4,32.0,669.0,28.97,10.5,0.0,0.0,0.0,1.0,1.0,480.0,36.08411365665178,18.549799999999998,31.2926,13.4363,15.1478,0,0
96382.0,1.0,29.0,62.8,169.0,22.0,80.8,89.6,30.0,37.0,41.6,2068.0,50.809999999999995,6.0,1.0,1.0,0.0,0.0,1.0,180.0,21.283360244566584,13.442200000000001,47.0369,21.754099999999998,21.9666,0,0
96385.0,2.0,59.0,79.2,159.9,31.0,104.6,117.3,33.9,36.1,33.5,697.0,29.04,9.0,0.0,0.0,0.0,0.0,1.0,180.0,51.396664464056244,40.570800000000006,36.3677,16.4289,17.075699999999998,0,0
96392.0,2.0,28.0,81.6,164.1,30.3,97.5,105.3,37.4,38.6,37.5,2246.0,62.800000000000004,6.5,0.0,0.0,1.0,0.0,0.0,480.0,40.722437966840694,33.429199999999994,46.487300000000005,20.0029,23.3823,0,0
96398.0,1.0,32.0,97.8,190.2,27.0,92.6,102.2,37.6,41.5,45.9,5106.0,145.65,7.0,0.0,1.0,0.0,1.0,1.0,180.0,23.865413715233142,23.4539,71.28089999999999,34.2591,33.042699999999996,0,0
96399.0,1.0,42.0,107.6,166.2,39.0,132.0,120.3,39.8,35.0,40.0,4583.0,150.52,7.5,1.0,0.0,0.0,0.0,0.0,300.0,42.278919862911955,45.4555,59.6648,26.5129,29.837400000000002,1,0
96402.0,1.0,18.0,101.6,180.2,31.3,96.2,109.8,37.4,40.9,46.1,1025.0,36.35,8.5,0.0,1.0,0.0,1.0,0.0,480.0,25.531078585515615,26.0465,72.77789999999999,34.0513,34.6475,0,0
96403.0,1.0,23.0,60.0,168.6,21.1,82.1,93.8,26.6,36.0,41.7,1593.0,49.21,11.0,1.0,0.0,1.0,0.0,0.0,120.0,27.835362708905535,16.8122,41.6024,19.1755,19.6034,0,1
96408.0,2.0,44.0,90.8,142.7,44.6,127.8,129.8,39.2,33.7,36.0,1734.0,49.669999999999995,7.0,1.0,1.0,0.0,0.0,0.0,240.0,47.49931540068032,43.1907,46.0811,18.5671,25.0096,1,0
96415.0,1.0,36.0,89.0,176.4,28.6,99.2,107.0,35.8,40.5,42.5,1765.0,45.53999999999999,7.0,1.0,1.0,1.0,1.0,1.0,180.0,29.752453194856326,26.502200000000002,59.5661,27.421200000000002,28.6773,0,0
96416.0,2.0,42.0,69.8,172.4,23.5,92.2,105.7,27.9,34.3,40.6,1508.0,46.82000000000001,9.0,0.0,0.0,0.0,0.0,0.0,60.0,35.543474198126916,25.009700000000002,42.941199999999995,17.847800000000003,22.4267,0,0
96417.0,2.0,33.0,54.2,156.1,22.2,82.1,92.7,28.7,34.1,36.1,999.0,43.53,10.0,0.0,1.0,0.0,0.0,1.0,180.0,42.20869777052327,22.8361,29.4835,11.6716,15.2247,0,1
96431.0,1.0,47.0,115.1,172.3,38.8,127.3,122.0,40.2,38.8,42.3,2884.0,115.28,6.5,1.0,1.0,0.0,0.0,0.0,360.0,35.10508875574779,40.822300000000006,72.9112,33.816100000000006,35.5265,0,0
96432.0,2.0,47.0,56.4,160.7,21.8,78.1,98.4,25.6,34.2,38.7,2307.0,127.57000000000001,8.0,0.0,0.0,1.0,0.0,1.0,180.0,37.57606804391411,21.272,33.7495,13.509,17.2111,0,1
96433.0,2.0,35.0,89.9,160.7,34.8,119.3,115.6,36.0,37.5,37.5,1898.0,99.98000000000002,9.0,0.0,1.0,0.0,0.0,0.0,180.0,47.17221516015621,42.8389,45.7449,18.758,23.9848,0,0
96443.0,2.0,24.0,54.0,165.3,19.8,71.2,92.4,26.9,34.6,36.2,1469.0,49.71,9.5,0.0,0.0,0.0,1.0,1.0,240.0,23.598387404574883,12.8233,39.156800000000004,17.5115,19.1955,0,0
96448.0,2.0,50.0,72.2,164.2,26.8,89.6,105.3,29.5,34.6,39.5,2029.0,98.15,8.0,0.0,1.0,1.0,1.0,1.0,75.0,34.180391680742375,24.999599999999997,45.671,19.729400000000002,23.1022,0,0
96450.0,2.0,53.0,83.3,160.6,32.3,109.8,113.2,32.4,36.0,35.2,2618.0,122.42000000000003,7.0,0.0,0.0,0.0,0.0,0.0,600.0,43.756281768309016,36.8219,45.832300000000004,17.1281,25.847100000000008,0,0
96452.0,1.0,38.0,73.2,159.5,28.8,92.8,96.1,33.1,35.0,38.1,2731.0,111.64999999999998,6.5,0.0,1.0,0.0,1.0,1.0,40.0,28.35447737226754,20.8358,50.3525,20.860400000000002,26.110599999999998,1,0
96453.0,2.0,24.0,51.5,150.8,22.6,77.7,88.1,26.2,33.8,35.8,1317.0,39.29,6.5,1.0,1.0,1.0,0.0,0.0,120.0,30.290556116678502,15.621799999999999,34.0131,14.9044,16.2863,0,0
96463.0,1.0,26.0,62.3,176.9,19.9,77.1,83.0,29.7,38.1,44.2,7658.0,173.21999999999997,8.0,0.0,0.0,0.0,0.0,1.0,180.0,17.59650596870591,11.0997,49.5091,22.547,24.0292,0,0
96469.0,2.0,42.0,61.5,152.7,26.4,91.0,101.6,29.5,31.9,37.6,,,8.0,0.0,0.0,0.0,0.0,0.0,360.0,40.57160683666708,24.944,34.6326,13.429200000000002,18.281599999999997,1,0
96470.0,1.0,47.0,77.7,166.0,28.2,101.3,97.9,35.0,38.7,37.8,2939.0,63.370000000000005,8.5,1.0,1.0,1.0,0.0,0.0,120.0,31.221777539098923,24.493599999999997,51.7594,22.202,26.656599999999997,1,0
96478.0,1.0,18.0,59.6,168.6,21.0,71.5,89.5,26.7,34.4,41.6,2097.0,106.75999999999999,7.5,0.0,0.0,1.0,1.0,0.0,720.0,23.301930341271856,13.9776,43.8197,19.231800000000003,21.363400000000002,0,1
96479.0,2.0,56.0,87.6,164.4,32.4,99.5,113.5,33.7,39.0,37.6,1784.0,88.47,6.0,1.0,1.0,0.0,1.0,0.0,780.0,32.35243399780054,28.9302,57.9153,27.403599999999997,27.544799999999995,0,0
96481.0,1.0,29.0,88.9,185.9,25.7,95.2,105.2,33.5,42.2,43.2,2285.0,68.01,7.0,1.0,1.0,0.0,0.0,0.0,360.0,26.770862500492438,23.9882,62.4728,28.069699999999997,30.4389,0,0
96485.0,2.0,21.0,75.3,154.8,31.4,93.5,105.2,33.0,33.6,36.2,965.0,31.410000000000004,6.0,1.0,1.0,1.0,1.0,1.0,240.0,38.39757922466255,29.165200000000002,44.3137,19.540599999999998,21.923599999999997,0,0
96487.0,1.0,19.0,82.5,186.2,23.8,87.2,98.1,30.8,41.6,44.2,4316.0,248.84,8.0,0.0,1.0,1.0,1.0,0.0,240.0,16.406332102302308,13.6445,66.57119999999999,31.6881,30.8123,0,0
96490.0,2.0,39.0,54.3,157.0,22.0,74.0,89.2,28.4,34.0,35.0,1500.0,30.220000000000002,8.0,0.0,0.0,1.0,0.0,1.0,240.0,33.584135639243485,18.3247,34.009699999999995,14.6159,17.12,0,0
96491.0,2.0,53.0,75.5,154.8,31.5,108.2,110.1,34.0,37.5,34.1,1366.0,51.34,6.0,0.0,1.0,1.0,0.0,0.0,240.0,40.562706279562974,30.7114,43.0882,17.455099999999998,22.730900000000002,0,0
96500.0,1.0,24.0,54.4,163.9,20.3,71.4,88.8,27.4,36.7,41.7,2608.0,71.49,6.5,0.0,1.0,0.0,1.0,0.0,420.0,20.062852627129548,10.916799999999999,41.1941,18.623300000000004,19.7213,0,1
96501.0,1.0,50.0,124.1,171.1,42.4,137.3,120.9,46.9,42.9,33.1,1196.0,48.47,11.0,0.0,1.0,0.0,0.0,0.0,240.0,41.19112939152807,51.6675,70.61789999999999,28.7766,38.1574,1,0
96507.0,2.0,37.0,55.3,150.1,24.5,79.4,90.8,27.5,31.3,34.5,,,4.0,0.0,0.0,1.0,0.0,0.0,120.0,36.65095534365219,20.5043,33.634800000000006,13.943599999999998,17.197400000000002,0,0
96511.0,1.0,41.0,89.7,177.4,28.5,96.3,103.8,35.4,37.6,46.4,4465.0,111.73999999999998,4.5,0.0,1.0,0.0,0.0,0.0,240.0,23.672934560868562,21.5063,66.233,32.2184,30.0819,0,0
96513.0,1.0,24.0,56.3,180.9,17.2,70.1,88.9,25.4,38.5,42.5,2860.0,123.87000000000003,10.0,0.0,0.0,1.0,1.0,1.0,480.0,17.600511467551204,9.9161,44.2285,20.5882,20.7192,0,1
96516.0,2.0,18.0,64.9,160.5,25.2,87.0,99.2,28.5,36.0,40.5,1651.0,55.370000000000005,9.0,0.0,1.0,1.0,0.0,1.0,240.0,41.03063868515198,26.6803,36.436,15.1959,18.594,0,0
96519.0,2.0,33.0,53.6,154.0,22.6,78.2,95.8,27.2,32.0,38.8,917.0,23.73,7.5,0.0,1.0,0.0,0.0,0.0,480.0,34.41550289293405,18.4763,33.4925,14.663,15.9354,0,0
96523.0,2.0,21.0,106.4,166.8,38.2,115.7,132.5,37.5,35.1,41.1,2773.0,74.77999999999999,7.0,0.0,1.0,0.0,1.0,0.0,420.0,44.34083639549058,47.3227,57.3063,24.6725,29.3273,0,0
96532.0,2.0,45.0,105.1,161.8,40.1,125.3,126.7,40.2,37.8,36.4,1289.0,51.3,6.0,1.0,1.0,0.0,1.0,1.0,180.0,44.93845745210727,47.3218,55.4354,22.123,30.027099999999997,0,0
96534.0,2.0,48.0,60.8,159.2,24.0,81.8,95.7,29.3,35.4,34.2,3704.0,162.46,8.0,1.0,1.0,0.0,0.0,0.0,300.0,35.97262029178495,22.0221,36.8645,14.7797,19.2186,0,0
96538.0,2.0,51.0,83.0,154.8,34.6,104.5,118.0,36.2,36.2,35.1,1183.0,53.4,8.0,0.0,0.0,0.0,0.0,1.0,30.0,44.21298075075883,36.8234,44.483,18.6387,23.0817,0,0
96543.0,2.0,46.0,63.4,159.6,24.9,88.7,98.4,28.5,34.5,39.0,1222.0,29.6,6.0,0.0,0.0,0.0,1.0,0.0,720.0,33.44008127844322,21.3415,40.601,17.062900000000003,20.7893,0,0
96546.0,1.0,44.0,92.0,176.6,29.5,104.7,104.0,34.0,40.5,43.0,4211.0,156.85999999999999,9.5,1.0,1.0,1.0,0.0,0.0,240.0,32.07301266796576,29.550900000000002,60.3476,26.6031,30.5291,0,0
96548.0,2.0,28.0,70.8,171.5,24.1,94.3,106.7,28.1,37.0,41.3,1944.0,85.63000000000001,8.0,1.0,1.0,0.0,0.0,0.0,240.0,38.45797209610646,27.290599999999998,41.4267,16.956199999999995,21.763099999999998,0,0
96551.0,2.0,36.0,99.1,163.0,37.3,115.3,142.2,36.4,37.6,38.5,2017.0,62.55000000000001,9.0,0.0,0.0,0.0,0.0,1.0,300.0,41.38564119509021,40.9315,55.706900000000005,22.940300000000004,29.832600000000003,0,0
96552.0,1.0,43.0,80.0,171.1,27.3,94.6,104.4,33.8,38.0,43.1,2117.0,107.26000000000002,6.0,0.0,0.0,0.0,1.0,0.0,480.0,26.392771458064168,21.339299999999998,56.6768,26.697,26.4938,0,0
96553.0,1.0,58.0,88.0,177.2,28.0,102.8,102.9,34.0,40.0,41.7,2289.0,118.01999999999998,8.0,0.0,1.0,0.0,0.0,1.0,420.0,31.52223727294451,27.9393,58.0876,25.750799999999995,28.4913,0,0
96557.0,1.0,38.0,90.4,182.8,27.1,98.2,101.4,36.7,41.0,47.0,2488.0,159.67,3.0,0.0,0.0,0.0,0.0,0.0,180.0,26.968691752426544,24.543400000000002,63.761900000000004,31.2171,29.429,0,0
96558.0,1.0,29.0,95.3,167.5,34.0,114.2,115.0,36.0,35.7,39.2,,,10.5,0.0,0.0,0.0,0.0,0.0,120.0,29.154831766545712,28.0147,65.7831,27.680100000000003,34.5268,0,0
96561.0,1.0,53.0,124.8,184.9,36.5,118.9,113.9,41.6,43.4,41.4,,,10.5,0.0,1.0,1.0,0.0,1.0,480.0,31.273668137047917,39.1571,82.68469999999999,36.4325,42.209900000000005,0,0
96565.0,2.0,18.0,110.9,168.8,38.9,114.5,120.4,37.1,36.0,37.7,1845.0,60.379999999999995,8.0,0.0,0.0,0.0,1.0,0.0,120.0,42.75925680119631,47.2578,60.96,25.6642,31.872200000000003,0,0
96566.0,1.0,23.0,94.0,183.7,27.9,96.5,107.9,38.1,42.1,44.0,1634.0,64.59,8.0,0.0,1.0,1.0,1.0,0.0,600.0,22.792703476774857,21.4361,69.6207,33.769400000000005,32.5251,0,0
96571.0,2.0,58.0,119.0,161.4,45.7,134.4,132.3,46.5,40.0,33.4,1239.0,35.220000000000006,5.0,0.0,0.0,1.0,0.0,0.0,120.0,45.791799742212646,54.8143,62.469199999999994,24.9755,34.473099999999995,0,0
96574.0,2.0,39.0,58.1,155.3,24.1,86.0,99.1,26.3,35.1,37.5,2226.0,45.059999999999995,8.5,0.0,1.0,0.0,0.0,1.0,180.0,41.87999991074462,24.3992,32.1935,13.0194,16.755200000000002,0,1
96576.0,1.0,56.0,90.0,170.1,31.1,102.5,102.8,37.9,41.3,39.0,4067.0,128.65,7.5,1.0,1.0,0.0,0.0,1.0,300.0,29.311594279331104,26.4001,61.4514,28.671799999999998,29.470200000000002,0,0
96582.0,1.0,47.0,81.1,174.4,26.7,92.4,95.1,35.0,38.0,44.2,2752.0,127.96,6.0,1.0,0.0,1.0,0.0,1.0,29.0,19.3979748155567,15.854700000000001,63.003800000000005,29.453899999999997,29.886599999999998,0,0
96588.0,1.0,40.0,73.2,157.5,29.5,90.9,97.9,33.9,35.0,37.1,656.0,44.220000000000006,8.0,0.0,0.0,0.0,0.0,0.0,120.0,30.912734871090226,22.8123,48.9302,21.46,24.1464,1,0
96590.0,2.0,27.0,96.4,153.6,40.9,115.2,125.3,41.5,36.0,35.2,2108.0,92.10000000000001,9.0,1.0,1.0,0.0,1.0,0.0,300.0,46.695579710710675,45.4557,49.8128,20.104599999999998,26.6405,1,0
96593.0,1.0,30.0,77.5,177.4,24.6,94.0,97.8,31.2,38.5,40.6,2415.0,88.50999999999999,9.0,1.0,1.0,0.0,0.0,0.0,240.0,27.703999569412264,21.669700000000002,53.6742,23.2159,27.1157,0,0
96594.0,1.0,39.0,155.6,180.3,47.9,149.1,137.5,46.7,42.0,48.0,1538.0,95.72999999999999,7.0,1.0,1.0,1.0,0.0,1.0,180.0,41.519110417178254,64.9585,88.5232,39.4852,44.64029999999999,0,0
96596.0,1.0,35.0,83.1,170.2,28.7,104.1,102.7,33.8,37.4,40.9,3104.0,123.41000000000003,6.5,1.0,1.0,0.0,0.0,0.0,360.0,31.0478943331455,25.8738,55.1016,24.7703,26.9288,0,0
96600.0,2.0,25.0,103.1,155.8,42.5,111.1,128.4,39.9,35.8,42.6,1345.0,38.41000000000001,6.0,0.0,1.0,0.0,1.0,1.0,240.0,52.341103282793846,54.2631,46.9063,21.5031,22.389800000000005,1,0
96608.0,1.0,30.0,73.2,172.4,24.6,84.8,95.6,33.4,37.0,41.5,,,2.0,1.0,1.0,0.0,1.0,1.0,120.0,18.534804754509707,13.6884,57.367,26.0288,28.09,0,0
96609.0,2.0,36.0,65.1,160.8,25.2,87.0,103.6,30.3,34.5,42.5,1526.0,85.96000000000001,7.5,0.0,0.0,0.0,0.0,0.0,840.0,42.73159433882625,27.9926,35.4788,14.3611,18.125400000000003,0,0
96610.0,2.0,34.0,51.9,157.4,20.9,70.0,96.6,24.4,34.4,39.0,1289.0,72.5,8.0,0.0,1.0,0.0,0.0,0.0,240.0,37.14500538243685,19.499200000000002,31.149900000000002,13.130799999999999,15.516399999999999,0,1
96616.0,1.0,51.0,69.2,165.9,25.1,91.2,92.7,30.5,36.0,40.0,1670.0,106.03999999999999,5.0,0.0,0.0,0.0,0.0,0.0,60.0,27.330457901833434,19.0635,48.2079,21.413,23.2392,0,0
96623.0,1.0,53.0,78.7,167.3,28.1,101.0,97.0,32.5,37.0,39.0,1413.0,89.22,5.5,1.0,1.0,0.0,0.0,0.0,300.0,27.59606723490478,21.9572,55.2891,23.6436,28.540599999999998,0,0
96624.0,1.0,36.0,81.8,169.0,28.6,96.7,100.7,36.8,38.0,39.6,2416.0,162.13000000000002,7.5,0.0,0.0,0.0,1.0,0.0,600.0,28.123717369827066,22.927,56.1991,26.5083,26.416400000000003,0,0
96625.0,1.0,26.0,66.9,166.9,24.0,86.9,94.8,29.0,35.0,38.5,1357.0,44.01,9.0,0.0,0.0,0.0,1.0,1.0,360.0,31.498338838538352,21.327099999999998,44.3039,19.5847,21.201,0,0
96626.0,1.0,23.0,69.2,179.5,21.5,83.1,93.0,29.0,37.3,39.5,1959.0,70.35999999999999,8.0,0.0,1.0,1.0,1.0,1.0,600.0,23.304387133339528,16.25,50.6887,21.9433,25.3655,0,1
96628.0,1.0,32.0,104.4,171.0,35.7,110.1,111.6,38.1,39.0,43.2,3159.0,109.33,4.5,0.0,0.0,0.0,0.0,0.0,180.0,31.861585527264985,33.5449,68.9967,30.792900000000003,34.7059,0,0
96630.0,1.0,41.0,111.6,175.6,36.2,119.9,116.0,39.4,38.0,42.4,3364.0,130.45,8.0,0.0,0.0,0.0,1.0,1.0,15.0,30.834703360168874,34.3095,74.2663,32.790699999999994,37.902,0,0
96631.0,1.0,37.0,104.7,177.5,33.2,112.7,110.8,36.6,39.5,40.4,1885.0,88.29,7.0,0.0,1.0,0.0,0.0,1.0,300.0,31.09653621191694,32.854099999999995,70.05969999999999,31.795,34.407199999999996,0,0
96634.0,1.0,59.0,57.8,161.3,22.2,86.6,88.8,28.7,36.7,38.7,1184.0,80.97999999999999,9.0,0.0,0.0,0.0,0.0,0.0,600.0,25.16693468093128,14.6455,41.543800000000005,18.2031,20.5108,0,1
96636.0,2.0,40.0,76.3,164.2,28.3,100.6,107.6,35.3,36.5,37.5,2331.0,93.23,8.0,0.0,1.0,0.0,1.0,1.0,360.0,43.70946373217042,33.579,41.1653,17.3096,21.1097,0,0
96638.0,1.0,58.0,79.8,175.3,26.0,96.5,99.1,31.9,40.5,44.7,2962.0,156.83999999999997,7.5,1.0,1.0,1.0,0.0,1.0,300.0,22.430025503693923,18.0795,59.5907,25.6367,30.4585,0,0
96646.0,1.0,44.0,73.3,165.9,26.6,91.4,94.4,35.0,39.0,39.6,2001.0,98.32000000000001,8.0,0.0,0.0,0.0,0.0,0.0,60.0,23.03676430778841,16.9348,53.9416,25.208,25.5706,0,0
96649.0,1.0,51.0,132.3,181.9,40.0,136.6,130.5,41.4,41.8,43.8,1529.0,54.64000000000001,5.5,1.0,0.0,0.0,0.0,0.0,600.0,39.24861898152891,51.954699999999995,77.4791,34.7395,38.9617,0,0
96651.0,2.0,49.0,110.4,163.9,41.1,121.4,133.8,41.0,36.9,40.5,1649.0,76.58999999999999,5.5,1.0,0.0,0.0,0.0,0.0,180.0,46.92370786879675,52.168,56.1608,24.3815,28.5292,0,0
96653.0,1.0,28.0,86.2,169.0,30.2,94.2,103.9,39.0,38.0,38.5,,,8.0,0.0,0.0,0.0,1.0,1.0,120.0,26.98325196929768,23.421799999999998,60.5265,28.583700000000004,28.3451,0,0
96656.0,1.0,24.0,62.2,157.6,25.0,87.4,89.8,29.0,38.2,35.2,,,7.0,1.0,1.0,1.0,1.0,1.0,120.0,21.219164247932213,13.209700000000002,47.012800000000006,20.559,23.2724,0,0
96659.0,2.0,58.0,68.8,174.8,22.5,86.6,104.7,28.2,36.6,40.9,2782.0,74.29000000000002,8.5,0.0,1.0,0.0,0.0,1.0,480.0,37.11056974668831,25.6621,41.059599999999996,16.6614,21.417,0,1
96661.0,2.0,24.0,53.9,164.9,19.8,73.8,93.8,26.8,36.1,41.0,2297.0,55.17000000000001,8.0,0.0,0.0,0.0,1.0,0.0,840.0,33.00027659330112,17.8726,34.3619,14.488,17.1612,0,1
96663.0,2.0,20.0,57.4,163.4,21.5,71.8,96.6,25.8,36.4,38.2,3060.0,132.21,8.0,0.0,0.0,1.0,1.0,1.0,600.0,26.525849297476206,15.3301,40.1278,17.648799999999998,19.8236,0,0
96669.0,2.0,55.0,42.5,159.7,16.7,65.8,82.1,21.9,32.8,36.9,2319.0,99.24000000000001,6.0,0.0,1.0,0.0,0.0,0.0,60.0,21.594366247306912,9.2232,31.5811,13.9702,14.8171,0,1
96671.0,2.0,37.0,65.0,162.8,24.5,85.5,100.1,27.0,35.6,35.5,,,6.0,0.0,0.0,0.0,0.0,0.0,480.0,34.183773573203084,22.266099999999998,40.712900000000005,16.6644,21.0028,0,0
96672.0,1.0,32.0,78.2,173.0,26.1,89.9,97.5,34.0,34.1,40.2,1854.0,39.260000000000005,6.5,1.0,1.0,1.0,1.0,1.0,180.0,26.302405454324507,20.5623,55.3004,26.358800000000002,25.6542,0,0
96674.0,1.0,30.0,96.6,180.4,29.7,105.1,109.5,34.8,39.6,46.5,4453.0,147.91000000000005,6.0,0.0,1.0,0.0,0.0,0.0,600.0,33.36739338162371,32.4334,62.4531,30.023,28.7487,0,0
96675.0,2.0,18.0,87.2,168.1,30.9,85.4,110.8,37.3,39.3,42.1,1424.0,51.84,3.0,0.0,0.0,1.0,1.0,1.0,480.0,40.07647158292706,35.337,50.071400000000004,22.113199999999996,24.7603,0,0
96679.0,2.0,30.0,51.2,163.6,19.1,77.0,88.0,25.0,34.0,39.0,909.0,42.56999999999999,6.0,0.0,1.0,1.0,1.0,1.0,120.0,29.111779646245562,15.048399999999999,34.6268,14.1785,17.9552,0,1
96681.0,2.0,33.0,91.5,167.7,32.5,106.2,115.1,35.5,36.6,37.4,1963.0,55.31999999999999,7.0,1.0,1.0,0.0,0.0,0.0,360.0,43.5389889077429,40.1274,49.8218,20.9226,25.438599999999997,0,0
96688.0,1.0,58.0,106.5,179.0,33.2,110.2,111.8,35.6,44.2,43.0,1793.0,75.65,8.0,0.0,1.0,1.0,0.0,1.0,480.0,28.03899503788844,29.962400000000002,73.4233,33.15989999999999,36.0282,0,0
96692.0,1.0,29.0,79.3,174.1,26.2,89.4,99.7,35.3,39.3,38.4,1198.0,103.83000000000001,7.5,0.0,0.0,1.0,1.0,1.0,600.0,24.46353604640341,19.4513,57.3059,25.3575,28.1494,0,0
96693.0,2.0,18.0,47.2,153.8,20.0,66.9,89.4,25.4,31.4,36.0,1532.0,63.46,7.0,0.0,0.0,1.0,0.0,0.0,420.0,35.57265045998827,16.858,28.944200000000002,12.3076,14.129299999999999,0,1
96694.0,1.0,39.0,75.3,181.0,23.0,91.0,96.6,30.2,40.0,46.5,3186.0,193.77999999999997,9.0,1.0,1.0,0.0,0.0,0.0,360.0,24.231751226632316,18.369400000000002,54.6614,24.270300000000002,27.3309,0,0
96696.0,1.0,18.0,117.0,179.8,36.2,120.0,119.0,39.2,40.2,44.3,2939.0,67.23,10.0,1.0,1.0,1.0,0.0,0.0,360.0,36.466011749709025,42.109199999999994,70.954,32.4794,34.5691,0,0
96697.0,1.0,25.0,74.3,180.5,22.8,85.4,97.0,29.8,40.0,43.6,2682.0,114.89000000000001,7.0,0.0,1.0,0.0,1.0,1.0,120.0,21.176076907213478,15.7826,56.145900000000005,24.3049,28.546400000000002,0,0
96698.0,1.0,40.0,119.6,173.6,39.7,122.5,123.0,41.0,39.4,41.0,2540.0,90.23000000000002,7.0,0.0,0.0,0.0,0.0,0.0,300.0,37.14743895693717,44.6751,72.9298,32.907599999999995,36.2517,0,0
96699.0,2.0,59.0,87.0,156.3,35.6,128.0,127.2,33.5,38.0,35.0,948.0,39.24999999999999,8.0,0.0,0.0,0.0,0.0,0.0,480.0,49.46228193816471,43.2332,42.5368,18.4754,21.636599999999998,0,0
96705.0,1.0,40.0,75.7,166.0,27.5,91.7,98.9,36.4,37.9,43.0,1645.0,124.07999999999998,6.0,0.0,0.0,1.0,1.0,1.0,600.0,24.245439768898812,18.5217,55.7563,25.6408,26.9592,0,0
96706.0,1.0,40.0,86.2,174.2,28.4,107.1,103.2,32.7,40.4,41.2,2586.0,114.13999999999999,7.5,1.0,1.0,0.0,0.0,0.0,180.0,25.738558985622305,22.207099999999997,61.1835,26.8075,31.0605,0,0
96708.0,2.0,52.0,77.0,162.4,29.2,99.8,112.3,34.9,36.7,39.6,2968.0,118.89999999999999,8.0,0.0,0.0,0.0,0.0,1.0,480.0,45.85178376396531,35.5167,39.601699999999994,16.9679,19.9373,0,0
96711.0,2.0,36.0,66.4,160.7,25.7,88.8,96.0,31.7,35.6,34.2,2151.0,51.650000000000006,6.0,1.0,0.0,0.0,0.0,0.0,120.0,32.87339606323131,22.0987,42.809599999999996,17.797900000000002,22.2395,0,0
96719.0,2.0,50.0,124.8,169.7,43.3,128.3,136.3,44.5,38.6,43.0,,,8.0,0.0,0.0,0.0,0.0,0.0,240.0,45.68386413556325,57.03,65.087,27.114900000000002,34.4296,0,0
96723.0,2.0,38.0,51.9,163.2,19.5,73.8,89.6,25.3,34.2,37.8,869.0,41.8,7.5,0.0,1.0,0.0,0.0,0.0,180.0,25.530395075004016,13.252799999999999,36.5591,13.5867,20.2379,0,1
96725.0,2.0,33.0,79.3,156.4,32.4,102.8,110.2,34.2,37.0,37.6,2282.0,50.3,6.0,1.0,1.0,0.0,0.0,0.0,240.0,38.480447236842025,30.565,47.0582,19.910700000000002,23.9343,0,0
96730.0,2.0,53.0,64.7,151.5,28.2,79.9,106.6,32.5,32.1,34.7,1975.0,135.82,6.0,1.0,0.0,0.0,1.0,0.0,145.0,39.799943351559016,25.7003,36.9754,15.248299999999999,19.3223,0,0
96731.0,1.0,41.0,103.1,169.8,35.8,111.0,110.0,39.0,39.0,41.2,2104.0,71.92999999999999,,1.0,1.0,0.0,0.0,0.0,180.0,27.732507699774246,28.731,72.17280000000001,34.3062,34.397,0,0
96734.0,2.0,19.0,62.5,154.7,26.1,84.1,97.0,29.4,35.5,34.5,1195.0,43.41000000000001,5.0,0.0,0.0,0.0,0.0,0.0,480.0,33.490353074415495,21.0074,39.907599999999995,17.303099999999997,19.6049,0,0
96737.0,2.0,34.0,52.6,160.3,20.5,75.9,89.6,24.8,33.2,35.1,4023.0,145.43000000000004,5.0,0.0,1.0,1.0,0.0,0.0,540.0,34.156982781603,18.091,32.8903,13.244099999999998,16.8082,0,1
96739.0,1.0,20.0,95.1,174.4,31.3,103.3,104.7,34.5,35.3,38.2,1537.0,45.949999999999996,8.0,0.0,0.0,1.0,1.0,0.0,720.0,28.475585461789194,27.351599999999998,66.5094,28.890400000000003,32.901199999999996,0,0
96740.0,1.0,27.0,105.8,176.2,34.1,121.1,110.4,36.4,40.0,40.2,,,6.0,0.0,0.0,0.0,0.0,1.0,600.0,35.67529339835352,37.904300000000006,66.38239999999999,28.2272,34.309,0,0
96744.0,1.0,33.0,133.7,167.1,47.9,134.7,125.8,43.1,36.8,37.6,,,6.5,1.0,1.0,0.0,1.0,1.0,420.0,32.68452371888358,43.3574,86.6512,39.06229999999999,42.951800000000006,0,0
96748.0,2.0,37.0,97.7,150.3,43.2,112.8,130.4,42.6,34.0,34.3,1140.0,39.980000000000004,7.0,0.0,0.0,1.0,1.0,1.0,60.0,44.20739580651635,44.079800000000006,53.597699999999996,20.8633,29.450899999999997,1,0
96750.0,2.0,53.0,80.2,146.1,37.6,116.0,118.6,37.8,34.5,31.4,1609.0,50.95,9.0,0.0,0.0,1.0,0.0,0.0,480.0,46.7750284552242,37.174800000000005,41.2545,15.812,22.6725,1,0
96756.0,2.0,23.0,88.1,163.2,33.1,99.4,108.7,35.2,37.5,38.0,1337.0,64.47999999999999,7.0,0.0,1.0,0.0,0.0,1.0,120.0,38.32612724951447,33.8891,52.228199999999994,22.1285,26.647,0,0
96758.0,1.0,47.0,131.3,178.9,41.0,132.0,133.0,42.0,40.7,40.0,2502.0,88.86000000000001,6.5,0.0,0.0,0.0,0.0,0.0,300.0,33.93834320081517,44.5146,83.313,38.5805,41.16389999999999,0,0
96760.0,1.0,48.0,118.1,178.3,37.1,125.9,111.0,44.1,41.8,44.6,2030.0,65.02999999999999,7.0,0.0,1.0,0.0,0.0,1.0,,36.15083301538853,42.6381,72.6134,34.4199,34.746199999999995,0,0
96764.0,1.0,27.0,54.8,161.8,20.9,69.0,84.6,28.9,35.0,39.5,4587.0,318.99,7.0,0.0,1.0,0.0,0.0,0.0,240.0,21.53776322401803,11.9574,41.6097,19.5935,19.1225,0,0
96766.0,2.0,52.0,91.6,161.4,35.2,107.8,121.8,35.8,37.2,39.6,1767.0,59.010000000000005,8.5,0.0,0.0,0.0,0.0,0.0,600.0,46.24869281761062,42.469800000000006,47.0871,20.974,23.1967,0,0
96800.0,1.0,53.0,90.1,171.5,30.6,103.3,105.5,36.2,36.5,40.3,3460.0,103.54,6.5,0.0,1.0,0.0,0.0,1.0,240.0,26.3095557643642,23.6905,63.3992,30.259600000000002,29.2561,0,0
96810.0,2.0,39.0,65.1,153.1,27.8,85.4,103.5,30.8,35.2,36.4,1730.0,40.280000000000015,7.0,1.0,1.0,0.0,0.0,1.0,120.0,36.592325619539324,23.9161,39.5064,16.282000000000004,20.4098,0,0
96821.0,1.0,21.0,78.0,178.7,24.4,88.1,97.5,33.5,39.0,43.0,,,10.0,1.0,1.0,1.0,1.0,1.0,360.0,21.52093066294407,16.7222,58.5054,27.825200000000002,27.194200000000002,0,0
96822.0,1.0,19.0,60.7,170.4,20.9,82.9,91.4,27.0,36.6,40.4,4685.0,126.57999999999998,7.0,0.0,1.0,1.0,1.0,1.0,300.0,25.653663989062604,15.5516,42.8463,19.010900000000003,20.9452,0,1
96823.0,1.0,18.0,58.6,173.5,19.5,67.4,89.1,25.5,35.3,41.5,1968.0,53.6,11.0,0.0,0.0,1.0,1.0,0.0,300.0,15.94407364896464,9.3959,47.231199999999994,22.4105,21.6442,0,0
96826.0,1.0,29.0,85.9,176.8,27.5,96.8,101.1,33.2,35.2,42.5,1626.0,84.51,8.5,0.0,0.0,0.0,1.0,0.0,120.0,31.33431630824631,27.1486,57.3344,26.6686,27.1846,0,0
96829.0,2.0,38.0,88.8,165.3,32.5,108.6,114.0,35.1,37.5,35.5,1403.0,56.14,8.0,1.0,0.0,0.0,0.0,0.0,600.0,43.87565725823413,39.114599999999996,47.534099999999995,19.8482,25.0886,0,0
96844.0,1.0,55.0,73.6,176.7,23.6,89.7,94.3,30.3,38.2,37.5,2245.0,145.26000000000005,5.5,1.0,1.0,0.0,0.0,0.0,240.0,25.1289614718763,18.5664,53.3945,23.4801,26.6666,0,0
96847.0,2.0,44.0,53.4,161.0,20.6,74.2,93.8,28.8,37.0,42.9,1053.0,41.92999999999999,6.0,0.0,0.0,0.0,0.0,0.0,240.0,25.101740057709897,13.4952,37.9377,17.812800000000003,17.3365,0,0
96852.0,1.0,35.0,107.5,169.2,37.5,110.5,109.0,38.3,37.0,40.0,1516.0,105.55,6.0,1.0,1.0,1.0,0.0,1.0,30.0,32.18720317279631,34.5814,70.0422,31.664300000000004,33.9465,0,0
96854.0,2.0,38.0,52.3,162.2,19.9,78.0,89.0,26.8,37.5,41.0,2039.0,49.679999999999986,6.0,1.0,1.0,0.0,1.0,1.0,240.0,29.395697193080206,15.3948,34.889,14.3779,17.9836,0,1
96860.0,2.0,22.0,74.2,163.3,27.8,92.5,109.8,32.4,36.5,42.0,2372.0,78.87,8.0,0.0,0.0,0.0,1.0,1.0,600.0,35.66109806356785,26.634700000000002,45.505,20.1114,22.299599999999998,0,0
96863.0,1.0,56.0,103.7,183.2,30.9,101.0,106.0,37.4,42.0,45.0,3183.0,106.17,7.5,1.0,1.0,0.0,0.0,1.0,420.0,23.56620568376096,24.6725,76.6152,35.345,37.442,0,0
96865.0,2.0,28.0,67.4,172.5,22.7,78.5,103.5,26.4,38.0,44.2,2359.0,136.89,6.0,1.0,0.0,0.0,1.0,1.0,240.0,30.327210535642422,20.417099999999998,44.3198,18.942,22.4753,0,0
96868.0,2.0,42.0,62.4,162.1,23.7,77.3,100.1,26.5,34.8,39.6,1829.0,68.11999999999999,8.0,0.0,0.0,0.0,0.0,0.0,480.0,39.78841592879744,24.8843,35.6457,15.2549,17.851200000000002,0,0
96874.0,2.0,55.0,67.3,161.8,25.7,96.3,97.2,28.7,35.6,38.2,2003.0,41.65,8.5,0.0,1.0,0.0,0.0,1.0,480.0,37.008338971705854,25.013,40.776300000000006,16.879600000000003,20.8771,0,0
96875.0,2.0,56.0,135.0,164.6,49.8,146.5,154.6,44.3,37.8,36.7,,,6.5,0.0,0.0,0.0,0.0,1.0,360.0,48.49834888084396,64.6691,65.8966,25.880300000000002,36.421099999999996,0,0
96885.0,1.0,24.0,85.0,168.2,30.0,105.0,105.6,35.4,38.1,45.9,4188.0,125.85,9.0,1.0,1.0,0.0,0.0,0.0,120.0,29.749193823524294,25.4704,57.8336,26.242300000000004,28.3856,0,0
96890.0,1.0,20.0,66.8,175.9,21.6,75.0,92.2,28.0,35.2,43.5,4166.0,236.06,11.0,0.0,1.0,0.0,1.0,0.0,180.0,16.02236016801159,10.7392,53.286199999999994,24.8384,25.0759,0,0
96891.0,1.0,41.0,86.9,179.2,27.1,94.5,105.6,34.3,40.6,44.9,1373.0,34.64,7.0,1.0,1.0,0.0,0.0,1.0,240.0,29.552512878096447,25.9816,58.6719,26.4723,28.568099999999998,0,0
96893.0,1.0,42.0,86.7,170.7,29.8,103.3,106.2,35.0,39.0,42.2,4613.0,168.25999999999996,6.5,0.0,0.0,0.0,0.0,0.0,120.0,28.022182113535948,24.412599999999998,60.0914,26.7122,30.1833,0,0
96894.0,1.0,48.0,122.4,176.2,39.4,132.3,120.3,39.2,41.6,44.3,14.0,1.45,8.0,0.0,1.0,1.0,0.0,0.0,360.0,42.02289694784383,51.8316,68.81160000000001,30.7984,33.955600000000004,1,0
96898.0,1.0,56.0,88.0,169.3,30.7,101.4,103.5,33.5,35.8,39.5,2981.0,141.32,6.0,0.0,0.0,0.0,1.0,1.0,180.0,26.545142099450718,23.454900000000002,62.2305,26.093799999999998,32.6699,0,0
96899.0,1.0,21.0,82.3,179.6,25.5,85.8,105.3,32.9,39.0,44.0,2426.0,76.98,9.0,0.0,0.0,0.0,1.0,0.0,300.0,20.64574929992156,17.061799999999998,62.527800000000006,30.864300000000004,28.4314,0,0
96901.0,2.0,33.0,64.1,156.5,26.2,82.7,96.1,30.0,38.0,35.2,1828.0,124.35,9.0,1.0,1.0,1.0,1.0,1.0,240.0,30.907485527453428,19.8685,42.176,17.8018,21.4881,0,0
96903.0,1.0,51.0,70.2,170.3,24.2,99.4,96.2,28.4,38.5,39.3,2545.0,100.81,9.0,0.0,0.0,1.0,0.0,0.0,180.0,27.67731826104326,19.3429,48.511199999999995,20.989600000000003,24.302599999999998,0,0
96907.0,2.0,35.0,105.6,171.6,35.9,117.0,116.0,38.2,39.0,34.8,1184.0,39.080000000000005,5.0,0.0,1.0,0.0,1.0,1.0,600.0,37.684909167807454,39.8999,63.2029,25.6799,34.087,0,0
96913.0,2.0,25.0,58.5,149.8,26.1,84.2,96.1,30.2,33.2,33.2,2191.0,72.8,9.5,0.0,1.0,1.0,1.0,1.0,300.0,36.36202134636746,21.450599999999998,35.7068,14.8884,18.1251,0,0
96922.0,1.0,57.0,97.6,178.3,30.7,112.2,104.8,37.9,40.5,42.6,851.0,71.85000000000001,6.0,1.0,1.0,0.0,1.0,1.0,180.0,28.419046177664924,27.7909,67.19319999999999,27.8648,35.9491,0,0
96925.0,1.0,27.0,108.1,170.4,37.2,124.4,116.1,38.2,38.5,39.0,,,11.0,1.0,1.0,1.0,0.0,1.0,300.0,33.14027335813927,35.862199999999994,69.774,28.942899999999998,36.7798,1,0
96926.0,1.0,59.0,77.2,185.6,22.4,84.8,96.6,31.1,39.3,46.6,3858.0,151.20000000000002,8.0,1.0,1.0,0.0,1.0,1.0,300.0,22.184630498480573,17.2572,57.618199999999995,28.086699999999997,26.215400000000002,0,0
96940.0,2.0,59.0,56.1,159.2,22.1,78.5,98.0,26.7,35.0,38.0,1459.0,52.46000000000001,5.5,0.0,1.0,0.0,1.0,1.0,480.0,38.82098258853787,22.0251,32.8,13.7295,16.3552,0,1
96941.0,2.0,39.0,89.6,155.4,37.1,108.6,121.3,34.7,34.2,39.2,,,7.0,0.0,0.0,0.0,0.0,0.0,900.0,45.62020526064662,41.285199999999996,47.008900000000004,20.5108,23.350099999999998,0,0
96948.0,1.0,33.0,176.5,176.8,56.5,142.7,146.4,47.3,44.3,49.2,,,8.0,0.0,0.0,0.0,0.0,0.0,960.0,40.06786700071297,72.4784,105.57839999999999,55.380799999999994,45.46679999999999,0,0
96951.0,2.0,36.0,92.0,165.1,33.8,116.1,113.0,34.3,36.2,42.9,1150.0,57.970000000000006,9.0,0.0,0.0,0.0,0.0,0.0,540.0,45.036557682401586,41.389199999999995,48.4632,20.130599999999998,25.242299999999997,0,0
96954.0,1.0,55.0,76.7,160.3,29.8,103.1,98.3,32.1,36.7,36.0,1539.0,65.41,6.0,1.0,1.0,1.0,1.0,1.0,60.0,32.036125428715714,24.809900000000003,50.3594,21.665899999999997,25.1398,1,0
96958.0,2.0,24.0,104.5,163.5,39.1,120.6,122.7,41.7,40.3,42.9,2001.0,97.93,9.0,0.0,0.0,1.0,1.0,1.0,600.0,46.80300806615318,50.1472,54.554199999999994,24.755,26.6754,0,0
96959.0,1.0,33.0,75.4,174.0,24.9,95.8,98.2,29.0,38.0,42.5,2495.0,60.61000000000001,8.0,0.0,0.0,0.0,0.0,0.0,840.0,27.68259571791811,20.9339,52.4185,24.504099999999998,24.6947,0,0
96965.0,1.0,52.0,82.8,164.5,30.6,99.0,100.6,35.0,37.0,35.0,1863.0,82.38999999999999,9.0,0.0,0.0,0.0,0.0,0.0,240.0,32.17605230118185,26.8811,54.2835,22.288400000000003,28.4531,1,0
96967.0,2.0,21.0,48.1,157.7,19.3,72.8,87.7,23.0,34.9,36.1,2734.0,130.25,8.0,0.0,0.0,1.0,0.0,0.0,300.0,34.93772930680804,16.7132,29.5246,12.040299999999998,14.8222,0,1
96969.0,1.0,38.0,73.1,164.9,26.9,95.8,96.3,31.1,36.8,39.2,2966.0,141.57999999999998,9.0,1.0,1.0,0.0,0.0,0.0,120.0,24.44156399047185,17.9851,53.4669,23.435200000000002,26.801,0,0
96970.0,2.0,49.0,51.1,153.2,21.8,77.4,89.6,28.2,33.2,36.6,485.0,37.77,8.0,0.0,0.0,0.0,0.0,0.0,480.0,35.66751402915243,18.4056,30.8786,11.8548,16.176299999999998,0,1
96975.0,2.0,30.0,58.9,154.5,24.7,83.5,99.6,27.1,34.8,38.9,3002.0,85.48,7.0,0.0,0.0,0.0,0.0,0.0,360.0,33.8143961350535,20.0149,37.2746,16.2162,18.026,0,0
96979.0,2.0,34.0,82.8,157.1,33.5,109.0,114.5,34.8,34.1,32.9,3084.0,145.72000000000003,7.0,0.0,0.0,0.0,0.0,0.0,420.0,41.894776470044526,34.8098,46.2566,18.033699999999996,24.7198,0,0
96990.0,1.0,30.0,92.6,175.5,30.1,109.0,106.0,35.2,40.8,43.0,3261.0,124.35000000000001,6.5,0.0,0.0,0.0,0.0,0.0,240.0,25.854647565275368,24.1343,66.3562,30.860599999999998,31.957900000000002,0,0
96992.0,1.0,28.0,73.0,161.5,28.0,86.0,101.2,34.8,36.0,43.3,2375.0,64.75,7.0,1.0,1.0,0.0,0.0,1.0,120.0,24.980028798819195,18.352400000000003,52.730599999999995,25.224199999999996,23.799599999999998,0,0
96996.0,2.0,38.0,79.0,161.3,30.4,98.5,115.4,32.4,38.2,44.3,1271.0,58.89,8.5,0.0,1.0,0.0,0.0,1.0,180.0,45.9546763629894,36.368199999999995,40.471199999999996,17.954,19.8377,0,0
97000.0,1.0,33.0,84.7,181.5,25.7,98.4,104.7,36.2,42.2,44.3,1238.0,34.86999999999999,7.0,0.0,0.0,0.0,1.0,1.0,660.0,30.54824221318912,25.943,56.532199999999996,27.656200000000002,25.6958,0,0
97003.0,1.0,20.0,66.1,181.6,20.0,73.9,94.0,26.7,41.0,43.2,2631.0,100.78,8.0,1.0,1.0,0.0,0.0,0.0,480.0,16.462401619949542,10.889100000000001,52.4381,25.1845,24.233,0,0
97009.0,1.0,30.0,67.5,167.9,23.9,79.5,91.3,33.9,37.0,42.3,2330.0,69.22,5.0,0.0,0.0,0.0,0.0,0.0,240.0,15.291343383767078,10.4427,55.1569,26.691800000000004,25.271099999999997,0,0
97011.0,2.0,26.0,71.1,157.7,28.6,90.2,111.5,30.8,34.5,37.6,1082.0,36.92,8.5,0.0,1.0,0.0,0.0,0.0,240.0,38.32587310172618,27.394099999999998,42.2266,18.2715,21.115299999999998,0,0
97018.0,1.0,27.0,63.3,165.6,23.1,81.6,92.5,29.2,36.8,41.3,5796.0,175.92999999999998,7.0,0.0,0.0,0.0,1.0,0.0,480.0,25.72368902950218,16.400299999999998,45.5245,22.488400000000002,20.2035,0,0
97021.0,1.0,27.0,91.1,184.4,26.8,92.0,104.0,33.5,43.0,46.2,4273.0,147.28,6.0,1.0,1.0,0.0,1.0,1.0,120.0,23.763573963548623,21.9425,67.32469999999999,30.985400000000002,32.3986,0,0
97022.0,1.0,46.0,66.2,158.8,26.3,90.4,90.6,31.3,33.9,34.4,1249.0,42.709999999999994,7.5,0.0,1.0,1.0,0.0,0.0,300.0,30.029415591462644,20.0335,44.4605,19.2381,22.1678,1,0
97027.0,2.0,26.0,59.7,154.4,25.0,82.5,92.5,29.5,33.0,34.5,1283.0,39.31,7.0,0.0,0.0,1.0,0.0,0.0,600.0,35.92996443035321,21.4592,36.3604,16.369300000000003,17.0571,0,0
97029.0,1.0,55.0,73.4,168.7,25.8,89.4,96.0,32.6,39.0,43.4,2902.0,122.21000000000001,4.5,0.0,0.0,0.0,1.0,1.0,420.0,27.938689313516573,20.664099999999998,50.9679,22.9882,24.3768,0,0
97030.0,2.0,57.0,84.8,160.6,32.9,112.5,111.2,35.2,40.0,39.4,1962.0,109.35,6.5,0.0,1.0,0.0,1.0,0.0,60.0,47.289474133882656,40.1285,42.765,18.0367,21.587799999999998,0,0
97032.0,1.0,50.0,88.0,182.3,26.5,96.4,102.3,33.4,38.4,43.0,7284.0,545.2,6.5,0.0,0.0,1.0,1.0,1.0,480.0,22.867860568766247,20.2514,65.3995,29.3305,32.6517,0,0
97036.0,2.0,28.0,71.4,177.1,22.8,83.9,106.0,28.2,38.0,41.6,2873.0,85.82999999999998,7.0,0.0,1.0,0.0,0.0,0.0,360.0,34.2028510299026,24.533900000000003,44.665,20.051099999999998,21.451,0,0
97038.0,2.0,53.0,46.4,163.8,17.3,74.5,87.0,21.2,37.5,37.3,2074.0,67.64,10.0,0.0,0.0,0.0,0.0,0.0,480.0,24.921538595660515,11.6633,33.5993,13.404,17.594900000000003,0,1
97040.0,2.0,58.0,69.3,157.0,28.1,90.6,108.1,32.1,35.6,40.4,1337.0,27.96,8.5,0.0,1.0,0.0,1.0,0.0,540.0,45.310286309734835,31.607400000000002,36.4141,15.118799999999998,18.2321,0,0
97041.0,2.0,26.0,84.7,160.9,32.7,93.9,113.7,33.4,37.0,42.5,711.0,54.11,7.0,0.0,1.0,0.0,0.0,0.0,240.0,43.15373991798158,36.7461,46.0728,20.7253,22.1062,0,0
97042.0,2.0,33.0,65.5,170.2,22.6,81.8,97.1,29.4,35.0,38.6,2364.0,124.97000000000004,7.0,0.0,0.0,0.0,1.0,0.0,180.0,25.553423574550678,16.84,46.475699999999996,19.406399999999998,24.104400000000002,0,0
97044.0,2.0,30.0,39.6,155.0,16.5,70.5,81.6,22.6,32.8,38.0,1971.0,76.59,9.5,0.0,0.0,0.0,0.0,1.0,240.0,30.398779772592615,12.1134,26.274099999999997,10.5115,13.5086,0,1
97048.0,2.0,34.0,85.1,159.0,33.7,96.6,117.1,37.0,36.3,45.2,3133.0,108.89000000000001,7.5,1.0,1.0,0.0,0.0,0.0,120.0,43.74797448461709,37.405800000000006,45.9856,21.8545,21.3027,0,0
97049.0,1.0,52.0,83.9,176.9,26.8,95.0,103.6,32.1,36.6,42.4,2388.0,63.300000000000004,7.0,0.0,0.0,0.0,0.0,0.0,480.0,32.4854795141614,27.2851,54.6255,25.166900000000002,26.015,0,0
97055.0,1.0,53.0,103.1,175.1,33.6,114.0,112.4,37.8,40.1,41.2,4665.0,127.15999999999998,10.0,1.0,1.0,0.0,0.0,0.0,420.0,31.87635168089352,32.8095,67.7285,30.4345,33.9188,0,0
97057.0,2.0,26.0,57.2,160.2,22.3,80.1,96.4,26.6,35.8,38.1,1521.0,100.76,8.5,0.0,0.0,1.0,0.0,1.0,360.0,33.64758062597025,19.2297,36.247099999999996,15.1564,17.975900000000003,0,0
97060.0,1.0,20.0,85.3,170.2,29.4,88.0,109.2,39.0,38.2,45.0,126.0,1.72,9.0,0.0,1.0,1.0,1.0,1.0,180.0,27.572946465250688,23.5453,59.0867,30.6068,25.1862,0,0
97063.0,1.0,51.0,53.4,171.3,18.2,71.3,84.5,24.8,37.2,39.9,2244.0,53.13999999999999,3.0,1.0,1.0,0.0,0.0,0.0,600.0,15.38372569155877,8.2465,43.1133,20.7837,19.7312,0,0
97064.0,1.0,24.0,87.5,165.1,32.1,106.0,109.8,35.7,36.0,42.8,3006.0,95.71999999999998,8.0,0.0,1.0,0.0,1.0,1.0,480.0,32.70669180300684,28.8756,57.095,25.4842,28.1642,0,0
97065.0,1.0,42.0,115.2,186.8,33.0,113.8,112.5,38.7,45.2,47.0,1752.0,64.22000000000001,7.5,1.0,0.0,0.0,0.0,0.0,180.0,29.191395507553793,34.0597,79.4352,37.9283,37.3731,0,0
97067.0,1.0,59.0,69.8,168.1,24.7,96.8,95.3,29.5,38.0,39.6,1897.0,49.540000000000006,8.0,0.0,0.0,0.0,1.0,0.0,540.0,34.19050256510262,23.9144,44.0096,18.8169,22.081400000000002,1,1
97075.0,2.0,18.0,96.3,162.4,36.5,110.0,118.7,35.7,37.0,42.1,1271.0,40.08,10.0,0.0,0.0,0.0,1.0,0.0,360.0,38.96657710997059,37.6656,56.3437,26.6863,26.262700000000002,0,0
97077.0,2.0,52.0,131.6,163.9,49.0,142.3,149.0,44.4,40.5,39.4,2222.0,65.06,6.5,0.0,0.0,0.0,0.0,1.0,720.0,49.77432759828152,64.9748,62.962900000000005,28.970200000000002,30.732,0,0
97094.0,2.0,30.0,55.4,154.6,23.2,73.2,92.5,28.3,34.6,34.0,1088.0,43.4,8.0,1.0,0.0,0.0,0.0,0.0,600.0,39.21225012472376,21.7717,32.1392,13.270299999999999,16.2645,0,0
97095.0,2.0,44.0,76.0,161.3,29.2,101.8,106.2,33.0,34.0,36.0,3041.0,76.82999999999998,8.0,0.0,0.0,0.0,0.0,1.0,480.0,39.98224514884365,30.3737,43.417199999999994,17.253700000000002,23.3092,0,0
97097.0,1.0,53.0,118.9,167.7,42.3,136.0,127.3,42.0,38.5,37.4,3154.0,114.02,6.5,0.0,0.0,0.0,0.0,0.0,960.0,38.73351745693236,46.4378,70.7125,30.237,36.6705,1,0
97098.0,1.0,19.0,64.3,172.9,21.5,77.3,86.9,31.3,37.5,44.4,4010.0,232.07000000000002,10.0,1.0,1.0,1.0,0.0,0.0,180.0,17.24467540901727,11.131200000000002,51.049,23.0901,24.9787,0,0
97100.0,2.0,22.0,115.8,171.0,39.6,123.0,129.4,42.2,39.5,41.3,3011.0,65.53999999999999,7.5,0.0,1.0,0.0,0.0,1.0,480.0,46.839059335764766,54.86,59.6187,25.504300000000004,30.8803,0,0
97104.0,1.0,38.0,93.3,169.5,32.5,110.2,107.2,37.8,36.2,41.5,1586.0,63.21999999999999,9.0,0.0,1.0,0.0,0.0,0.0,180.0,29.113234723529935,27.2224,63.7791,28.585199999999997,31.514,0,0
97105.0,1.0,56.0,96.1,182.7,28.8,105.1,105.3,33.9,40.7,45.3,2475.0,105.44999999999999,7.0,1.0,1.0,0.0,0.0,1.0,120.0,30.1870645868763,29.320400000000003,64.2932,29.3015,31.576,0,0
97106.0,2.0,20.0,48.4,160.3,18.8,72.2,85.0,25.2,35.0,39.0,1399.0,70.55999999999999,9.0,0.0,1.0,0.0,0.0,0.0,480.0,30.68572754180192,14.9208,31.7834,13.3652,15.981200000000001,0,1
97107.0,1.0,49.0,107.8,183.9,31.9,110.6,112.6,40.4,39.8,47.0,4332.0,168.14000000000001,6.5,1.0,0.0,0.0,0.0,1.0,240.0,27.815733352410867,30.4438,75.9199,35.0149,37.3074,0,0
97108.0,1.0,51.0,83.6,164.9,30.7,102.7,105.8,35.5,38.5,44.0,1071.0,42.36,6.0,0.0,0.0,1.0,0.0,1.0,720.0,30.222146114503584,25.5201,56.8994,26.743699999999997,26.9163,0,0
97116.0,2.0,23.0,76.9,159.2,30.3,95.4,108.0,33.1,36.4,38.6,2059.0,47.91,9.0,1.0,1.0,0.0,1.0,1.0,300.0,42.880763081496916,33.139300000000006,42.061699999999995,18.196099999999998,21.046200000000002,0,0
97121.0,2.0,44.0,101.8,170.5,35.0,107.6,125.3,38.2,36.9,37.9,810.0,83.75,9.0,1.0,1.0,1.0,0.0,0.0,120.0,45.04028884043427,45.6939,53.74,21.873900000000003,28.9444,0,0
97123.0,2.0,45.0,55.8,161.4,21.4,75.5,87.9,26.6,33.7,33.6,981.0,55.43,9.0,0.0,0.0,0.0,0.0,1.0,300.0,29.855187285657287,16.7162,36.9734,15.196100000000003,18.749599999999997,0,0
97127.0,1.0,19.0,91.6,178.0,28.9,96.2,105.0,36.1,42.6,46.3,2861.0,125.28000000000002,8.0,1.0,1.0,0.0,1.0,0.0,120.0,23.823810908047914,22.1937,68.17439999999999,31.231099999999998,33.460800000000006,0,0
97130.0,1.0,19.0,80.2,175.5,26.0,89.3,96.1,35.4,39.2,43.1,1101.0,54.94,13.0,1.0,1.0,0.0,1.0,1.0,60.0,27.326705385075055,21.931900000000002,55.9311,26.7585,26.0183,0,0
97131.0,2.0,53.0,79.7,167.0,28.6,99.5,112.0,33.0,37.0,41.3,1252.0,54.24999999999999,8.0,0.0,0.0,0.0,0.0,1.0,660.0,48.56515275663846,38.6503,38.9756,18.030099999999997,17.8845,0,0
97137.0,2.0,39.0,57.5,160.5,22.3,78.0,93.1,27.0,33.0,42.0,1246.0,41.410000000000004,13.0,0.0,0.0,1.0,0.0,0.0,180.0,30.032443471531668,17.2233,38.010400000000004,16.916,18.391299999999998,0,0
97138.0,2.0,47.0,67.7,172.5,22.8,81.0,102.1,30.0,35.8,41.5,2926.0,111.75,9.5,0.0,0.0,1.0,1.0,1.0,180.0,29.844938760317653,20.326,45.128099999999996,20.088,22.2883,0,0
97139.0,1.0,29.0,64.9,167.3,23.2,81.7,91.0,31.3,36.8,40.4,3285.0,109.02000000000001,9.0,0.0,0.0,0.0,0.0,1.0,240.0,20.856930774305994,13.5489,48.7861,23.1518,22.436799999999998,0,0
97142.0,2.0,44.0,79.6,156.4,32.5,103.8,109.6,34.0,35.4,36.2,7463.0,316.90999999999997,7.0,1.0,1.0,0.0,1.0,1.0,120.0,40.864803024636004,32.5477,44.9272,19.000400000000003,22.7339,0,0
97146.0,2.0,19.0,50.3,154.2,21.2,73.2,89.3,25.0,32.5,38.3,939.0,38.44,7.0,0.0,0.0,1.0,1.0,1.0,240.0,35.06609417403787,17.7744,31.252599999999997,12.9792,15.617,0,1
97147.0,2.0,37.0,54.5,152.2,23.5,87.3,94.4,27.2,32.6,36.1,1323.0,25.830000000000002,8.0,0.0,0.0,1.0,0.0,0.0,60.0,38.79929836784625,21.183799999999998,31.5646,11.8446,17.206799999999998,1,1
97150.0,1.0,58.0,84.1,173.4,28.0,104.4,97.2,34.2,39.8,44.1,2099.0,83.0,7.0,0.0,1.0,0.0,0.0,0.0,180.0,31.504075686049593,26.767,55.577400000000004,26.266099999999998,25.3885,0,0
97153.0,1.0,30.0,102.6,171.9,34.7,105.9,110.2,39.8,39.5,40.7,4232.0,147.25,8.0,0.0,1.0,1.0,0.0,1.0,300.0,27.50304243225581,28.2517,71.7853,33.0598,35.1825,0,0
97155.0,1.0,52.0,112.2,180.6,34.4,119.8,113.6,39.6,41.0,38.7,1922.0,79.99,7.0,1.0,1.0,0.0,0.0,0.0,180.0,31.479863659627444,35.219300000000004,73.9587,32.2447,37.9178,0,0
97156.0,2.0,45.0,84.7,158.6,33.7,111.0,115.5,34.8,37.0,36.0,2283.0,56.24,7.5,0.0,1.0,0.0,1.0,1.0,420.0,43.543012148532995,37.131800000000005,46.029,19.6116,23.529799999999998,0,0
97163.0,1.0,55.0,58.8,155.5,24.3,90.0,88.4,28.9,35.1,39.8,1443.0,64.31,7.0,0.0,0.0,0.0,0.0,0.0,30.0,27.78756684487462,16.4483,41.0577,18.6151,19.4095,1,0
97166.0,2.0,40.0,68.6,156.6,28.0,92.0,107.8,31.4,35.7,37.0,1930.0,72.76,6.0,0.0,0.0,1.0,0.0,0.0,180.0,40.155156783510904,27.8566,39.463,16.4662,20.3655,0,0
97168.0,1.0,54.0,63.7,167.2,22.8,81.0,90.2,30.0,38.2,37.5,2849.0,87.74,7.5,0.0,1.0,0.0,0.0,0.0,360.0,18.5333895814191,11.8442,49.5139,22.9627,23.682299999999998,0,0
97173.0,2.0,18.0,64.6,166.5,23.3,81.8,97.2,29.2,36.0,40.0,634.0,36.150000000000006,7.0,1.0,0.0,1.0,1.0,1.0,120.0,35.31401750600224,22.9882,39.9074,17.654,19.6007,0,0
97174.0,2.0,26.0,49.8,150.7,21.9,77.7,88.1,26.3,32.3,34.4,3460.0,116.86,8.0,0.0,0.0,0.0,0.0,1.0,180.0,33.72843623829054,16.9082,31.5515,12.6686,16.2905,0,0
97176.0,2.0,58.0,86.0,152.3,37.1,108.0,124.3,35.2,33.5,33.7,2755.0,95.86999999999998,8.0,0.0,1.0,1.0,0.0,1.0,90.0,50.4584094287016,43.394,40.716,15.2395,22.623800000000003,1,0
97177.0,1.0,41.0,108.3,164.3,40.1,122.7,116.8,35.7,33.2,38.0,,,7.0,0.0,0.0,0.0,0.0,1.0,60.0,35.653406851494054,38.6714,67.58789999999999,27.951,35.1955,1,0
97182.0,1.0,19.0,66.5,176.0,21.5,80.8,96.5,27.4,38.0,43.3,2942.0,109.11,7.0,0.0,1.0,0.0,1.0,0.0,300.0,21.18794499403655,14.2101,50.4928,23.774099999999997,23.5624,0,0
97183.0,2.0,27.0,66.8,163.0,25.1,79.0,99.8,31.4,35.6,38.0,3561.0,101.19000000000001,9.0,0.0,0.0,0.0,1.0,1.0,480.0,31.627922891308163,21.260099999999998,43.7849,19.2225,21.948,0,0
97184.0,2.0,19.0,79.2,166.3,28.6,96.5,107.0,30.8,37.0,42.0,,,9.0,1.0,1.0,0.0,0.0,0.0,840.0,38.4440375047741,30.3987,46.447,21.651,21.9004,0,0
97186.0,1.0,46.0,116.9,182.1,35.3,120.1,114.1,38.5,40.6,41.7,2241.0,106.34999999999998,5.0,0.0,1.0,1.0,0.0,0.0,600.0,29.76475321519432,34.8377,79.2329,33.155,42.1082,0,0
97191.0,2.0,44.0,80.8,157.0,32.8,94.7,115.6,32.2,32.8,38.2,1351.0,43.71999999999999,10.0,0.0,0.0,1.0,0.0,1.0,,45.58617982661539,36.688300000000005,41.6592,17.0731,21.542,0,0
97193.0,1.0,28.0,107.5,181.3,32.7,113.4,111.7,36.7,41.0,46.5,673.0,14.54,7.0,0.0,0.0,1.0,1.0,1.0,600.0,34.039295271038064,36.7731,68.493,29.8074,34.6395,0,0
97200.0,1.0,56.0,71.1,179.0,22.2,78.5,94.2,29.2,38.5,45.0,2303.0,58.77,8.0,1.0,1.0,1.0,0.0,1.0,180.0,19.45489332293665,13.9571,55.026300000000006,26.5004,25.449,0,0
97208.0,1.0,30.0,79.6,182.4,23.9,82.7,94.3,33.2,41.0,45.5,,,10.0,0.0,0.0,1.0,1.0,1.0,180.0,19.13339376668087,15.363700000000001,61.7057,31.369699999999998,26.6717,0,0
97210.0,1.0,47.0,93.2,176.7,29.8,108.4,99.6,33.0,41.8,39.7,1079.0,26.639999999999997,6.5,0.0,0.0,0.0,0.0,0.0,360.0,30.767349369403856,28.933,62.3762,25.689100000000003,32.7428,0,0
97223.0,1.0,26.0,83.0,181.7,25.1,80.8,97.7,31.9,40.9,45.4,5179.0,280.45,7.0,1.0,0.0,1.0,1.0,1.0,180.0,13.126473274715469,10.9133,69.03160000000001,31.268900000000002,33.7056,0,0
97228.0,1.0,49.0,98.8,182.3,29.7,120.4,108.2,38.2,42.0,40.1,2310.0,110.62,10.0,0.0,1.0,0.0,0.0,0.0,60.0,36.42870665566099,36.078900000000004,60.2766,24.8865,32.64490000000001,0,0
97231.0,2.0,27.0,75.0,155.5,31.0,98.0,98.8,34.2,33.5,34.4,1137.0,35.419999999999995,4.5,0.0,0.0,0.0,1.0,0.0,600.0,34.43857493450621,25.9957,47.220099999999995,21.7118,22.2084,0,0
97234.0,2.0,32.0,90.8,161.1,35.0,110.9,120.9,37.8,33.0,31.4,1243.0,32.85,6.0,1.0,1.0,0.0,0.0,0.0,180.0,39.28018937318592,35.746300000000005,53.404900000000005,21.780099999999997,28.4095,0,0
97235.0,2.0,35.0,83.0,168.1,29.4,103.5,106.9,37.6,36.5,39.6,2227.0,67.23,6.5,1.0,1.0,1.0,0.0,0.0,120.0,41.00001765016721,34.147,47.0964,19.1615,25.130599999999998,0,0
97236.0,1.0,45.0,73.8,171.2,25.2,82.2,93.1,31.9,36.6,40.8,3418.0,141.02,7.0,0.0,1.0,0.0,1.0,0.0,360.0,20.679086239083507,15.4004,56.7697,26.6766,27.2003,0,0
97245.0,1.0,39.0,81.0,177.6,25.7,93.1,94.5,34.4,36.2,41.2,2049.0,103.03,6.5,1.0,1.0,1.0,0.0,1.0,180.0,23.533066126137697,19.2434,59.6722,27.426599999999997,29.0281,0,0
97247.0,1.0,45.0,87.3,179.1,27.2,103.5,103.9,31.7,38.5,39.7,1661.0,69.35000000000001,8.5,0.0,1.0,0.0,1.0,1.0,300.0,30.35194849211394,26.5972,58.4024,24.621599999999997,30.2253,0,0
97251.0,1.0,41.0,83.0,171.6,28.2,99.5,101.0,33.6,40.5,40.5,1333.0,68.73,6.0,0.0,0.0,0.0,1.0,1.0,900.0,26.732717331892303,22.404799999999998,58.7518,28.8407,26.7713,0,0
97253.0,2.0,57.0,83.8,162.8,31.6,116.0,116.3,37.7,38.7,34.9,2090.0,59.11,11.0,0.0,1.0,0.0,0.0,1.0,120.0,42.94562392920482,35.657,45.6765,20.178900000000002,23.1345,0,0
97256.0,1.0,57.0,65.1,173.2,21.7,89.5,88.5,30.2,36.8,40.8,4435.0,77.55999999999999,10.0,1.0,0.0,1.0,0.0,1.0,1020.0,22.58323657901757,14.9245,49.0585,20.3902,25.688999999999993,0,1
97257.0,2.0,26.0,95.2,152.4,41.0,106.4,120.9,38.5,34.4,34.5,1820.0,78.18999999999998,7.0,0.0,0.0,0.0,1.0,1.0,180.0,44.12970130892882,41.1531,50.045300000000005,20.736099999999997,26.2271,1,0
97259.0,1.0,57.0,63.9,161.4,24.5,91.3,89.9,31.6,37.6,39.4,1524.0,43.99,6.0,0.0,0.0,1.0,0.0,0.0,180.0,22.863858114028982,14.940100000000001,47.8161,20.796,24.0093,0,0
97260.0,2.0,45.0,71.6,153.1,30.5,96.4,109.9,33.2,33.7,32.6,1062.0,41.19,8.0,0.0,0.0,1.0,0.0,1.0,60.0,44.47390327580502,31.9217,38.0507,14.8585,20.4207,1,0
97261.0,1.0,19.0,87.2,184.1,25.7,94.0,107.9,32.5,40.6,44.6,953.0,38.019999999999996,10.0,0.0,0.0,1.0,1.0,1.0,360.0,26.57835402480005,23.2588,61.4159,28.0502,29.9725,0,0
97266.0,1.0,43.0,86.6,180.2,26.7,88.8,98.2,34.4,39.4,44.8,3644.0,70.65,10.5,1.0,0.0,1.0,1.0,1.0,120.0,22.09481754029715,19.4418,65.14059999999999,31.274800000000003,30.295,0,0
97270.0,2.0,36.0,72.1,156.3,29.5,96.6,99.7,33.0,38.2,36.5,3605.0,119.29,4.5,1.0,1.0,0.0,0.0,0.0,360.0,34.63223820089569,25.1874,45.2427,19.8045,22.6155,0,0
97275.0,2.0,39.0,62.2,172.6,20.9,78.8,96.7,26.2,36.0,41.4,2428.0,105.34999999999998,7.0,0.0,0.0,0.0,0.0,0.0,300.0,26.597056647208746,16.6926,43.3554,18.701900000000002,21.851500000000005,0,0
97280.0,1.0,48.0,88.2,167.9,31.3,103.5,98.2,37.3,37.5,41.6,1443.0,51.25000000000001,9.0,1.0,1.0,0.0,0.0,0.0,180.0,30.0100525420658,26.7007,59.5147,25.9748,30.2871,0,0
97289.0,2.0,48.0,75.0,161.7,28.7,92.0,111.2,33.3,35.9,40.0,1049.0,56.62,5.0,0.0,1.0,0.0,0.0,1.0,120.0,40.64155905930047,31.0497,43.1397,19.1828,20.9456,0,0
97293.0,2.0,27.0,66.2,153.0,28.3,91.7,103.8,29.3,33.7,33.2,2922.0,148.72000000000003,6.0,0.0,0.0,0.0,0.0,0.0,240.0,40.79998349282488,27.089299999999998,37.3634,14.818900000000001,19.5438,0,0
97299.0,1.0,59.0,93.3,183.1,27.8,110.1,101.7,32.9,40.4,42.7,4019.0,135.98999999999998,8.0,1.0,1.0,1.0,0.0,0.0,240.0,28.50809182437914,26.713,64.2714,29.323,31.826400000000003,0,0
97304.0,2.0,26.0,95.6,161.1,36.8,114.7,120.5,37.4,35.1,36.5,2069.0,62.33,7.0,0.0,0.0,1.0,0.0,0.0,300.0,45.825060978772584,43.9078,49.7596,19.436400000000003,27.2348,0,0
97308.0,2.0,51.0,94.6,169.5,32.9,112.9,123.5,33.5,39.6,37.0,1618.0,53.32000000000001,7.0,0.0,1.0,0.0,0.0,0.0,360.0,42.382181737750116,39.932,51.7659,20.0551,28.8019,0,0
97313.0,2.0,18.0,57.1,166.9,20.5,68.0,93.1,26.1,34.4,39.0,1352.0,69.63000000000001,9.5,0.0,0.0,1.0,1.0,1.0,360.0,27.572194434752934,15.9003,39.4299,16.5998,20.079,0,0
97316.0,1.0,27.0,95.7,163.2,35.9,107.2,112.7,40.6,34.5,38.5,3492.0,91.17999999999999,4.0,1.0,1.0,0.0,0.0,0.0,240.0,30.074922591684484,28.9712,64.7279,29.8556,31.3579,0,0
97319.0,1.0,32.0,99.2,173.2,33.1,108.6,107.2,36.6,38.0,39.7,2174.0,118.57,5.0,0.0,0.0,0.0,0.0,1.0,840.0,28.41180394872994,28.3169,68.5888,29.050199999999997,35.9206,0,0
97321.0,1.0,37.0,68.6,164.1,25.5,96.2,96.0,30.9,36.0,39.0,,,9.0,0.0,1.0,0.0,1.0,1.0,240.0,34.22013599208634,23.572,43.4197,19.6994,20.9094,1,0
97322.0,2.0,32.0,110.6,174.7,36.2,118.4,122.8,39.8,38.8,44.2,1587.0,50.790000000000006,8.0,0.0,1.0,1.0,1.0,1.0,600.0,42.74180350226393,47.4801,60.734300000000005,27.3971,30.019,0,0
97325.0,2.0,27.0,60.8,157.9,24.4,79.8,99.3,30.8,35.0,36.4,1800.0,60.69999999999999,8.0,1.0,0.0,1.0,0.0,0.0,60.0,36.064819712094085,21.9223,37.0429,15.7873,18.416900000000002,0,0
97336.0,2.0,58.0,43.0,152.7,18.4,70.0,82.4,21.8,32.0,34.6,2170.0,65.96,7.0,0.0,0.0,0.0,1.0,1.0,180.0,30.56047690383502,13.2458,28.3801,11.4795,14.022299999999998,0,1
97338.0,2.0,37.0,98.1,170.7,33.7,115.2,119.7,40.0,36.5,41.9,1594.0,44.7,8.0,1.0,1.0,1.0,0.0,1.0,60.0,45.985238174403705,45.142199999999995,50.6635,22.0031,25.10899999999999,0,0
97343.0,2.0,57.0,73.0,160.6,28.3,96.3,102.7,30.6,34.5,36.8,1215.0,34.339999999999996,6.5,0.0,0.0,0.0,0.0,1.0,240.0,45.36488013022787,32.9985,38.0732,15.2288,20.1572,0,0
97345.0,1.0,18.0,62.0,163.8,23.1,76.5,90.7,29.1,35.5,40.9,1421.0,51.21000000000001,6.5,0.0,0.0,1.0,1.0,1.0,120.0,21.153440197255605,13.167200000000001,46.7609,21.4999,22.0735,0,0
97349.0,2.0,31.0,71.5,155.7,29.5,96.0,103.4,32.0,32.2,35.3,3670.0,149.32000000000002,7.5,0.0,0.0,0.0,0.0,0.0,600.0,39.17779943252081,28.1552,41.8873,18.277,20.8466,0,0
97356.0,2.0,29.0,81.5,151.1,35.7,108.5,115.4,32.4,34.0,36.0,2057.0,60.4,9.0,1.0,1.0,0.0,0.0,0.0,240.0,49.787816437690495,40.4704,38.9387,14.4973,21.740499999999997,1,0
97364.0,2.0,33.0,58.1,164.3,21.5,78.7,96.3,26.6,36.0,37.6,1523.0,62.64999999999999,6.5,0.0,1.0,0.0,0.0,0.0,180.0,31.070064254620895,18.1528,38.334,16.6327,19.177599999999998,0,0
97365.0,2.0,49.0,52.4,154.0,22.1,77.2,87.9,26.0,30.7,36.5,1335.0,25.52,6.5,0.0,0.0,0.0,0.0,0.0,120.0,29.534207942647416,15.687700000000001,35.4426,13.9293,18.583,0,0
97373.0,2.0,41.0,86.7,159.3,34.2,116.6,122.1,37.1,36.0,37.0,1428.0,27.900000000000002,8.0,0.0,0.0,0.0,1.0,1.0,60.0,44.53902369952315,38.877900000000004,46.5916,18.5702,25.3145,0,0
97379.0,1.0,38.0,74.4,166.9,26.7,89.6,96.8,36.0,37.2,39.5,1239.0,46.980000000000004,8.0,0.0,0.0,0.0,1.0,1.0,120.0,23.079403512474865,17.342299999999998,55.5236,25.1374,27.405099999999997,0,0
97382.0,1.0,36.0,84.5,177.8,26.7,93.8,102.5,33.0,40.0,44.0,3062.0,172.34000000000003,6.0,0.0,0.0,1.0,0.0,1.0,300.0,31.332854484909824,26.7057,56.188,25.9353,26.856900000000003,0,0
97383.0,1.0,54.0,73.6,167.6,26.2,91.2,96.0,32.5,38.0,40.2,3434.0,75.26999999999998,6.5,0.0,0.0,0.0,1.0,1.0,600.0,23.416287145314307,17.317,54.1525,24.156200000000002,26.9316,0,0
97384.0,1.0,31.0,91.3,185.5,26.5,88.9,96.5,38.6,41.5,45.0,3525.0,220.81,4.0,1.0,1.0,0.0,0.0,1.0,180.0,17.88093657206963,16.2847,71.36410000000001,33.7898,33.9446,0,0
97396.0,1.0,47.0,67.1,166.4,24.2,88.8,95.0,29.4,36.9,40.0,,,5.0,1.0,0.0,1.0,0.0,0.0,420.0,24.836604609832897,16.711599999999997,47.862199999999994,22.027900000000002,22.418400000000002,0,0
97400.0,1.0,19.0,60.0,159.5,23.6,89.2,91.6,27.5,34.0,37.0,1434.0,78.08000000000001,10.0,1.0,1.0,0.0,0.0,0.0,120.0,33.78955256527086,20.4531,38.4557,16.6584,19.1801,1,1
97402.0,2.0,23.0,50.7,160.7,19.6,69.2,91.1,26.4,32.4,37.2,1147.0,51.330000000000005,10.0,0.0,0.0,1.0,0.0,1.0,480.0,34.30208020118101,17.5796,31.8365,13.4134,15.7784,0,1
97407.0,1.0,55.0,107.2,162.0,40.8,117.0,121.1,39.5,38.7,41.4,4000.0,130.57999999999998,6.0,0.0,1.0,0.0,0.0,0.0,180.0,32.113724492031665,34.4438,70.63539999999999,32.8838,34.4726,0,0
97409.0,1.0,32.0,81.5,173.1,27.2,97.0,100.8,33.0,37.0,40.2,1882.0,130.95,7.5,0.0,0.0,1.0,1.0,0.0,660.0,34.08707174631454,27.6281,50.9303,22.7517,24.9287,0,0
97410.0,2.0,46.0,46.0,151.8,20.0,71.1,87.3,24.7,32.6,31.8,,,8.5,0.0,1.0,0.0,0.0,1.0,120.0,28.87124051870305,13.3378,31.1555,12.461799999999998,16.233700000000002,0,1
97415.0,1.0,54.0,68.1,162.6,25.8,89.9,96.5,38.0,37.0,37.3,2384.0,171.61,7.5,1.0,0.0,0.0,1.0,1.0,480.0,27.21065047135223,18.5991,47.730599999999995,22.4385,22.1367,0,0
97418.0,2.0,47.0,75.1,157.0,30.5,102.2,105.7,34.9,36.0,35.7,1824.0,54.39000000000001,8.0,0.0,0.0,0.0,0.0,0.0,720.0,43.349204636135845,32.6153,40.718199999999996,16.204,21.6252,0,0
97423.0,2.0,32.0,97.9,157.9,39.3,110.1,126.3,38.5,32.5,39.0,889.0,38.62,4.5,0.0,0.0,0.0,0.0,0.0,120.0,43.471310351665856,42.965,53.6779,23.128199999999996,26.730700000000002,0,0
97424.0,2.0,38.0,99.8,161.9,38.1,106.3,124.9,38.2,37.5,38.0,2134.0,75.13000000000001,5.0,0.0,0.0,0.0,0.0,0.0,1080.0,40.83865264140264,40.6789,56.8046,24.282700000000002,29.539,0,0
97429.0,1.0,51.0,74.1,172.4,24.9,94.0,93.4,32.0,39.5,41.0,1528.0,14.010000000000002,10.0,1.0,1.0,0.0,0.0,0.0,60.0,20.9891614992262,15.992700000000001,57.4867,23.341900000000003,30.5141,0,0
97430.0,1.0,32.0,101.6,174.5,33.4,106.6,106.5,39.8,39.5,44.0,4364.0,169.92,7.0,0.0,0.0,0.0,0.0,0.0,840.0,31.93128679167912,32.3155,65.79339999999999,30.3112,31.9176,0,0
97432.0,1.0,19.0,74.5,185.3,21.7,79.2,94.6,29.0,39.8,46.3,1704.0,85.46,6.0,0.0,1.0,1.0,1.0,1.0,300.0,17.74542935046852,13.2669,58.266,27.2151,27.516099999999998,0,0
97436.0,1.0,45.0,81.4,173.6,27.0,94.2,99.6,34.8,40.8,42.1,2215.0,51.75,7.5,1.0,1.0,0.0,0.0,0.0,180.0,33.28565505145858,27.2457,52.246300000000005,23.9464,25.4007,0,0
97437.0,1.0,48.0,72.8,165.8,26.5,91.0,97.4,31.0,33.5,39.0,2921.0,163.51,8.0,0.0,0.0,0.0,1.0,1.0,600.0,25.135163480843698,18.3818,52.6797,23.080199999999998,25.8229,0,0
97444.0,1.0,58.0,60.7,166.5,21.9,85.8,89.3,27.6,37.8,38.7,2993.0,116.97,9.0,1.0,1.0,0.0,0.0,1.0,120.0,24.17884288933958,14.7448,44.4005,19.6541,22.1786,0,0
97445.0,1.0,51.0,96.9,178.6,30.4,99.3,100.6,38.6,43.0,40.5,2669.0,62.97,2.0,1.0,1.0,0.0,1.0,1.0,,29.316374488400676,28.608,65.9576,31.587699999999998,30.682,0,0
97446.0,1.0,52.0,70.5,164.3,26.1,97.2,95.5,30.3,37.0,38.0,2776.0,111.32,6.0,1.0,1.0,0.0,0.0,0.0,240.0,28.590924387558786,20.2882,48.4574,19.4764,25.578400000000002,1,0
97452.0,2.0,47.0,71.2,155.0,29.6,94.5,102.5,33.8,34.0,32.8,,,5.0,0.0,0.0,0.0,1.0,1.0,240.0,43.39912974500887,31.0158,38.5712,15.1871,20.473,0,0
97456.0,2.0,38.0,76.3,169.7,26.5,82.7,97.4,33.7,40.0,42.4,3009.0,143.58,4.5,0.0,0.0,0.0,1.0,1.0,300.0,26.098652278033796,20.1278,54.4912,27.8443,23.7721,0,0
97464.0,1.0,55.0,122.1,175.1,39.8,131.7,128.4,38.0,39.4,35.0,2088.0,78.49,5.0,0.0,1.0,0.0,0.0,0.0,15.0,36.422834398976875,43.9214,73.5384,28.4306,41.0268,1,0
97465.0,1.0,38.0,94.4,183.2,28.1,102.7,107.2,35.1,41.6,40.6,2098.0,77.68000000000002,5.5,1.0,0.0,0.0,0.0,0.0,240.0,31.767201721181387,30.0592,61.674,27.2154,30.6598,0,0
97468.0,1.0,46.0,69.6,175.0,22.7,86.8,92.8,32.5,37.6,40.5,3940.0,120.52000000000001,7.5,1.0,1.0,0.0,0.0,0.0,120.0,18.004650140313366,12.5719,54.990300000000005,23.275299999999998,28.2355,0,0
97469.0,2.0,28.0,62.0,156.3,25.4,81.2,99.8,31.4,34.0,41.6,2769.0,127.74,8.5,0.0,0.0,1.0,1.0,0.0,180.0,33.462100764913295,20.7961,39.3994,17.8277,18.3261,0,0
97472.0,1.0,57.0,62.7,170.1,21.7,86.4,90.7,28.5,36.4,38.8,,,7.0,0.0,1.0,1.0,0.0,0.0,120.0,24.4329469516501,15.4176,45.5489,20.6318,21.9535,0,0
97473.0,1.0,53.0,58.1,166.0,21.1,81.7,90.0,27.5,34.6,38.1,1466.0,65.72,7.5,0.0,0.0,1.0,0.0,1.0,300.0,21.236636096678392,12.469899999999999,43.7776,19.7047,20.8186,0,0
97474.0,1.0,20.0,98.3,171.4,33.5,110.1,109.9,37.7,36.9,42.4,3047.0,135.43999999999997,6.0,0.0,0.0,0.0,0.0,0.0,540.0,31.047644146357804,30.4896,65.5197,29.3944,32.7122,0,0
97483.0,1.0,19.0,112.0,179.0,35.0,107.3,120.2,41.0,43.0,45.6,412.0,13.77,4.0,1.0,1.0,0.0,0.0,0.0,420.0,32.04907117757399,36.0916,73.4688,32.9946,36.622,0,0
97485.0,2.0,33.0,66.5,168.2,23.5,86.6,96.0,28.5,36.6,38.9,1359.0,61.03,6.5,0.0,0.0,0.0,0.0,0.0,600.0,36.114094470859925,24.089299999999998,40.3196,16.957,20.4087,0,0
97487.0,2.0,53.0,59.7,145.3,28.3,85.5,97.3,31.3,32.0,35.5,1900.0,67.82,6.0,0.0,0.0,0.0,0.0,1.0,300.0,38.14112994150812,22.9022,35.3478,14.986400000000001,17.6038,0,0
97492.0,1.0,45.0,70.2,179.3,21.8,83.8,89.8,29.1,38.2,40.6,5748.0,246.93,4.5,1.0,0.0,0.0,1.0,1.0,60.0,24.87669047090079,17.523799999999998,50.0328,22.5685,24.580099999999998,0,0
97497.0,1.0,24.0,84.6,178.2,26.6,81.9,105.8,34.5,40.7,46.0,2055.0,55.9,9.0,0.0,1.0,1.0,1.0,1.0,240.0,18.774972163914125,15.9549,65.6298,33.3875,29.1575,0,0
97501.0,2.0,54.0,95.6,163.8,35.6,112.1,124.8,36.6,37.5,39.8,591.0,40.17000000000001,6.5,0.0,0.0,1.0,0.0,0.0,20.0,48.05419146513682,46.6458,48.2898,20.599300000000003,24.7399,0,0
97507.0,2.0,20.0,51.9,154.9,21.6,70.0,93.0,25.5,33.5,37.1,2051.0,70.41000000000001,8.0,0.0,1.0,0.0,1.0,0.0,240.0,28.9983816190462,15.1695,35.0154,13.954300000000002,18.495,0,0
97509.0,2.0,47.0,101.0,160.7,39.1,104.6,128.5,41.0,38.2,37.0,988.0,52.71,8.0,1.0,1.0,0.0,0.0,1.0,180.0,45.61690597882222,46.514300000000006,52.945,22.0053,27.931500000000003,0,0
97522.0,2.0,20.0,57.1,161.6,21.9,75.7,89.1,28.0,36.0,38.5,2676.0,70.82,6.5,0.0,1.0,0.0,0.0,0.0,300.0,34.14596502938954,19.602,35.870599999999996,14.1825,18.8156,0,1
97524.0,2.0,44.0,61.1,173.8,20.2,83.8,97.0,26.5,38.4,38.6,3081.0,96.68,7.0,0.0,0.0,0.0,1.0,1.0,120.0,33.54533787412447,20.6753,38.6186,15.8801,19.9187,0,1
97531.0,2.0,23.0,86.2,166.1,31.2,101.0,114.0,34.6,40.0,40.6,3794.0,117.94000000000001,8.0,0.0,1.0,0.0,0.0,0.0,840.0,41.455538213573995,35.7721,48.1356,21.218700000000002,23.778200000000002,0,0
97532.0,1.0,28.0,68.6,176.4,22.0,79.5,92.4,29.4,38.3,42.1,3903.0,146.98999999999998,7.0,1.0,1.0,0.0,0.0,0.0,240.0,17.30874197108381,11.879,54.2442,26.245,24.8253,0,0
97533.0,1.0,30.0,73.3,176.8,23.4,84.0,95.4,33.4,38.0,37.6,2106.0,125.38000000000001,8.0,0.0,0.0,0.0,1.0,1.0,600.0,26.190897550183358,19.121,51.3702,22.697800000000004,25.0508,0,0
97538.0,2.0,54.0,79.7,154.1,33.6,103.1,110.8,34.2,34.9,35.7,2446.0,106.16999999999999,5.0,0.0,0.0,0.0,0.0,0.0,720.0,37.77915522089327,30.072200000000002,47.407,19.549,25.153299999999998,0,0
97539.0,1.0,41.0,118.3,180.1,36.5,121.7,115.7,40.0,40.5,44.5,259.0,2.43,7.5,0.0,1.0,0.0,0.0,0.0,360.0,33.605120110740174,39.775,75.5771,34.2042,37.7256,0,0
97544.0,1.0,19.0,94.9,174.7,31.1,100.8,109.9,37.4,36.8,41.9,5858.0,168.57999999999998,9.0,0.0,1.0,0.0,0.0,0.0,120.0,32.67298581367374,31.2793,61.948,27.5774,30.1666,0,0
97548.0,2.0,50.0,56.3,151.9,24.4,77.2,95.6,28.6,33.4,34.2,601.0,12.94,6.5,0.0,0.0,0.0,0.0,0.0,480.0,35.01830113410493,19.881700000000002,34.8915,14.1213,18.0175,0,0
97550.0,2.0,47.0,63.1,163.5,23.6,80.2,98.0,28.1,36.0,36.5,1658.0,68.83,7.5,0.0,0.0,0.0,1.0,1.0,420.0,29.140481463666234,18.435,42.558800000000005,17.929299999999998,21.5015,0,0
97554.0,1.0,49.0,77.9,175.0,25.4,102.8,102.2,25.9,37.0,38.4,1757.0,51.64,5.0,0.0,0.0,0.0,0.0,0.0,960.0,40.3128827907339,31.6795,44.549699999999994,17.5649,23.6546,1,1
97558.0,2.0,56.0,65.0,161.8,24.8,85.2,97.7,29.2,36.5,35.0,1874.0,53.830000000000005,7.5,0.0,1.0,0.0,0.0,1.0,240.0,35.70871394233535,23.277900000000002,40.2015,17.1855,20.331799999999998,0,0
97560.0,1.0,55.0,79.3,173.0,26.5,93.5,96.9,34.3,36.4,39.8,1438.0,63.690000000000005,7.0,0.0,1.0,0.0,0.0,1.0,180.0,27.78899473765934,22.1384,55.0725,23.92,27.896900000000002,0,0
97561.0,1.0,46.0,100.7,176.4,32.4,105.1,111.8,34.7,39.9,44.6,,,6.0,1.0,1.0,0.0,0.0,1.0,300.0,28.89337023632778,29.2658,69.3397,34.1169,31.78,0,0
97568.0,1.0,41.0,90.2,167.8,32.0,105.9,101.8,42.5,39.4,38.0,4514.0,154.64000000000001,6.5,0.0,0.0,1.0,0.0,1.0,300.0,31.72273452895394,28.7525,59.4822,26.261500000000005,29.770799999999998,0,0
97569.0,1.0,42.0,98.2,182.8,29.4,104.2,108.8,36.5,39.0,45.6,3695.0,113.9,6.5,0.0,0.0,0.0,1.0,0.0,600.0,26.62160482080558,26.2306,69.02560000000001,30.664,34.3808,0,0
97572.0,1.0,50.0,95.0,180.6,29.1,108.2,104.0,35.9,41.9,44.0,2672.0,114.44999999999997,8.0,1.0,1.0,0.0,0.0,0.0,300.0,26.316393632178297,25.1036,67.2024,30.2566,33.3822,0,0
97574.0,2.0,44.0,53.8,153.7,22.8,79.7,91.2,28.5,33.6,33.2,2451.0,105.45,6.0,0.0,0.0,1.0,0.0,0.0,120.0,36.1127605421062,19.327599999999997,32.375,12.633,17.215400000000002,0,1
97575.0,2.0,24.0,53.8,169.6,18.7,67.2,94.3,26.5,38.0,42.2,2444.0,85.28999999999999,8.0,0.0,0.0,0.0,0.0,1.0,600.0,27.99127315936288,15.1894,36.9915,16.5918,17.721400000000003,0,0
97577.0,2.0,56.0,65.2,147.3,30.0,103.2,106.0,30.2,33.0,32.0,1191.0,37.400000000000006,7.0,0.0,1.0,0.0,0.0,0.0,420.0,45.61643349439451,29.6904,33.779900000000005,12.3355,18.5773,1,0
97578.0,1.0,41.0,62.9,157.8,25.3,84.7,89.0,31.8,36.3,35.5,3168.0,136.51000000000005,7.0,0.0,0.0,1.0,0.0,0.0,90.0,24.74956499977571,15.7245,45.8928,20.9225,21.8551,0,0
97580.0,1.0,26.0,71.6,167.1,25.6,89.1,94.0,33.0,35.5,38.6,1712.0,118.37999999999997,7.5,0.0,1.0,0.0,1.0,0.0,360.0,23.098788084543724,16.5469,52.6971,23.1015,26.157700000000002,0,0
97585.0,1.0,21.0,75.4,168.4,26.6,94.0,99.5,36.4,37.8,42.0,1698.0,94.41,7.0,1.0,1.0,0.0,0.0,1.0,360.0,33.40065082058498,25.3607,48.1981,21.083699999999997,23.5323,0,0
97588.0,1.0,56.0,73.5,174.7,24.1,89.2,93.7,30.2,38.8,40.2,2021.0,118.50000000000001,8.0,0.0,0.0,0.0,1.0,1.0,360.0,27.07982114385122,20.143,51.5349,23.1101,25.141599999999997,0,0
97589.0,2.0,19.0,57.4,153.0,24.5,78.6,95.3,29.0,35.1,37.5,1522.0,59.849999999999994,11.0,1.0,1.0,0.0,1.0,0.0,120.0,30.154849367443575,17.345,38.578900000000004,17.0304,18.8229,0,0
97594.0,2.0,56.0,48.8,157.5,19.7,71.4,90.6,23.3,29.7,34.9,1685.0,69.69,9.0,0.0,0.0,0.0,0.0,0.0,240.0,31.42410341525955,15.3925,31.792,13.2451,16.0308,0,1
97595.0,1.0,36.0,57.9,179.1,18.1,76.0,88.4,27.0,35.7,42.9,5345.0,234.35,7.0,0.0,1.0,0.0,0.0,0.0,240.0,20.826527923904443,12.1264,43.8602,18.796799999999998,21.9617,0,1
97598.0,2.0,40.0,84.0,158.0,33.6,101.1,118.8,34.2,35.6,37.0,987.0,29.190000000000005,7.5,1.0,1.0,1.0,1.0,1.0,120.0,43.6564561897955,36.8138,45.2948,19.0396,23.544,0,0
97600.0,2.0,23.0,62.8,156.3,25.7,84.7,95.1,31.2,34.0,39.0,2649.0,140.09,5.0,1.0,1.0,0.0,1.0,0.0,240.0,37.27906756381619,23.487299999999998,37.8063,17.139200000000002,17.923299999999998,0,0
97610.0,1.0,28.0,77.9,176.5,25.0,87.5,99.7,33.5,39.0,42.6,3173.0,155.04,7.0,0.0,0.0,0.0,1.0,1.0,360.0,18.454074961406835,14.4718,61.2534,29.236700000000006,28.9226,0,0
97617.0,1.0,30.0,56.8,176.0,18.3,67.2,84.9,25.5,37.5,46.4,5852.0,197.49,8.5,1.0,1.0,0.0,1.0,0.0,180.0,18.52718820489462,10.530700000000001,44.153,20.2453,20.991400000000002,0,1
97621.0,2.0,19.0,54.7,163.6,20.4,72.0,89.0,24.6,36.3,41.1,1561.0,65.71000000000001,4.0,0.0,0.0,0.0,0.0,0.0,600.0,25.79743149318591,14.2575,38.695,17.536099999999998,17.9075,0,0
97624.0,2.0,32.0,43.6,146.8,20.2,68.4,85.2,23.0,37.3,37.7,1723.0,63.080000000000005,7.0,0.0,0.0,0.0,0.0,1.0,360.0,30.603205703916448,13.469899999999999,28.9005,12.3977,13.9193,0,0
97629.0,2.0,33.0,59.7,163.5,22.3,72.6,96.8,27.3,34.2,39.4,1140.0,39.12,8.5,1.0,1.0,0.0,1.0,1.0,180.0,29.248272924882606,17.450400000000002,39.994800000000005,17.361600000000003,20.0042,0,0
97638.0,1.0,51.0,81.1,176.5,26.0,93.3,96.9,33.8,39.0,43.8,604.0,0.05,8.0,0.0,1.0,1.0,0.0,0.0,120.0,23.515012932901897,19.1978,59.996900000000004,26.658699999999996,29.4118,0,0
97640.0,1.0,41.0,95.7,168.4,33.7,116.5,110.8,38.5,39.0,40.0,3902.0,157.59,7.5,1.0,1.0,0.0,0.0,1.0,180.0,35.79707208988483,34.2633,58.9869,24.811400000000003,30.6873,1,0
97641.0,2.0,49.0,64.2,161.9,24.5,84.1,99.4,29.4,34.2,37.5,1787.0,51.8,8.0,0.0,0.0,0.0,0.0,0.0,720.0,37.97462297872314,24.6038,38.005,16.0115,19.3672,0,0
97648.0,2.0,32.0,126.3,164.8,46.5,136.6,137.3,42.1,37.2,42.9,2799.0,99.48,8.0,1.0,1.0,0.0,0.0,1.0,360.0,44.55209031934846,54.4597,65.684,27.127,35.326800000000006,0,0
97659.0,1.0,46.0,72.3,161.1,27.9,94.8,92.2,32.8,37.0,38.0,2417.0,112.49999999999999,5.0,0.0,0.0,0.0,0.0,0.0,90.0,25.53850903001445,18.6971,52.356199999999994,21.8148,27.5038,1,0
97670.0,2.0,27.0,89.1,167.0,31.9,99.5,112.6,35.4,38.7,40.1,1223.0,40.730000000000004,9.0,0.0,0.0,0.0,0.0,1.0,180.0,39.6630618257776,35.3026,51.0434,22.3261,25.5311,0,0
97672.0,2.0,45.0,75.2,150.4,33.2,98.6,108.7,32.3,32.5,33.1,2587.0,103.66,6.5,1.0,1.0,0.0,0.0,0.0,120.0,44.4714939775745,33.2213,39.6719,16.409200000000002,20.646899999999995,1,0
97683.0,2.0,49.0,66.2,155.0,27.6,92.3,101.8,30.7,34.4,36.7,2484.0,59.620000000000005,9.0,0.0,0.0,0.0,0.0,0.0,300.0,38.13147106614496,25.3327,39.342800000000004,16.267,20.2091,0,0
97685.0,1.0,23.0,110.5,167.9,39.2,118.1,116.0,39.5,35.0,44.0,1539.0,43.510000000000005,8.0,1.0,1.0,0.0,0.0,1.0,240.0,35.871026822389354,39.7824,68.7144,31.8445,33.4646,0,0
97691.0,2.0,29.0,84.3,163.0,31.7,102.0,106.0,33.0,38.5,40.0,6323.0,132.13,9.0,0.0,0.0,1.0,0.0,0.0,420.0,36.38722200417632,31.0209,51.628,24.182,24.0001,0,0
97692.0,1.0,31.0,77.2,166.5,27.8,91.1,102.3,32.3,36.6,42.7,3219.0,96.57000000000001,7.0,1.0,1.0,0.0,1.0,1.0,300.0,27.12239235401222,20.949900000000003,53.948699999999995,24.870099999999997,25.8457,0,0
97694.0,2.0,19.0,95.5,163.0,35.9,109.6,117.6,36.9,37.7,40.6,2355.0,104.38,8.0,0.0,0.0,0.0,0.0,0.0,600.0,43.62545938838126,41.4044,51.497800000000005,22.216300000000004,26.4678,0,0
97695.0,2.0,52.0,69.0,155.0,28.7,88.3,98.3,34.1,32.2,34.7,1229.0,60.879999999999995,9.5,0.0,0.0,1.0,0.0,0.0,240.0,33.64980282552054,23.4905,44.0379,18.349700000000002,22.1644,0,0
97699.0,2.0,55.0,65.6,156.9,26.6,92.0,106.2,29.4,33.2,32.0,1903.0,83.98999999999997,10.0,0.0,0.0,0.0,0.0,0.0,300.0,42.17768115168573,27.977,36.626599999999996,14.3761,19.3489,0,0
97702.0,2.0,21.0,90.4,169.3,31.5,103.7,117.2,37.4,37.3,43.5,2505.0,59.230000000000004,2.0,1.0,1.0,0.0,0.0,0.0,120.0,40.314084859521444,36.518800000000006,51.6235,23.992099999999997,24.5149,0,0
97703.0,1.0,35.0,92.1,159.1,36.4,98.3,105.8,43.2,36.7,38.8,4102.0,179.75999999999996,7.0,1.0,1.0,0.0,0.0,1.0,120.0,23.32561614086931,21.618299999999998,68.5625,30.552700000000005,34.3958,0,0
97704.0,2.0,54.0,83.2,150.8,36.6,107.5,118.5,37.5,36.0,35.6,1414.0,26.270000000000003,,1.0,1.0,0.0,0.0,1.0,240.0,44.08156972125502,36.767300000000006,44.6412,19.313200000000002,22.0497,0,0
97705.0,2.0,33.0,69.4,170.2,24.0,90.5,98.0,27.6,34.8,41.3,,,7.0,0.0,0.0,0.0,0.0,0.0,120.0,33.955797857932666,23.6304,43.841699999999996,20.4291,20.5728,0,0
97706.0,1.0,50.0,90.8,171.6,30.8,105.3,107.6,35.3,38.7,37.6,3388.0,177.84999999999997,7.0,0.0,0.0,0.0,1.0,0.0,240.0,27.54335458787364,25.042900000000003,63.2941,27.194899999999997,32.8804,0,0
97714.0,1.0,47.0,87.2,164.9,32.1,106.9,99.5,35.8,37.8,39.0,1700.0,74.08,5.0,1.0,1.0,0.0,0.0,0.0,240.0,34.30256911714221,30.316,55.7082,25.1225,27.2008,1,0
97716.0,2.0,29.0,65.9,170.2,22.7,79.2,97.7,27.3,37.8,40.0,2635.0,61.830000000000005,10.0,0.0,1.0,1.0,0.0,1.0,240.0,28.283769436887574,19.0695,45.4167,19.092,23.89839999999999,0,0
97723.0,2.0,19.0,75.8,165.3,27.7,94.4,101.8,30.6,36.0,36.7,1940.0,71.01,12.0,0.0,1.0,1.0,0.0,0.0,480.0,39.552415432790106,30.1807,44.1698,19.4987,21.7791,0,0
97726.0,2.0,39.0,70.4,155.0,29.3,103.2,106.6,35.7,35.0,34.3,1655.0,55.9,5.0,0.0,0.0,0.0,0.0,1.0,480.0,41.939849890878115,29.5461,39.0719,16.4354,19.866,0,0
97730.0,2.0,19.0,38.6,153.9,16.3,66.3,85.8,21.0,34.3,35.0,549.0,13.790000000000001,11.0,0.0,0.0,0.0,0.0,0.0,120.0,40.28785421480134,15.5853,21.6398,7.666399999999999,11.5365,1,1
97735.0,1.0,30.0,107.2,176.4,34.5,111.3,111.0,38.0,40.1,39.3,2170.0,74.42,5.5,0.0,1.0,0.0,0.0,0.0,360.0,28.09408573111777,30.2724,74.3244,34.006800000000005,36.3375,0,0
97737.0,1.0,57.0,72.9,177.1,23.2,88.8,96.3,29.0,38.5,39.8,1761.0,64.73,8.0,0.0,0.0,0.0,1.0,1.0,480.0,23.258616517841656,17.235,54.1856,25.1962,25.5877,0,0
97739.0,2.0,36.0,49.0,161.4,18.8,70.0,90.3,24.7,35.0,42.6,1638.0,29.169999999999998,10.0,0.0,0.0,0.0,1.0,0.0,480.0,25.932139113127246,12.8829,34.6745,15.095799999999999,17.0969,0,0
97741.0,2.0,36.0,58.5,160.1,22.8,78.7,95.3,27.8,34.1,39.8,2276.0,52.12000000000001,7.5,0.0,0.0,0.0,0.0,0.0,600.0,33.551393842614694,19.4939,36.6551,16.3972,17.807299999999998,0,0
97744.0,1.0,55.0,66.2,177.0,21.1,86.4,91.3,28.2,39.8,39.1,2079.0,89.1,8.5,0.0,0.0,0.0,1.0,0.0,240.0,26.472557311493606,17.6237,46.7621,20.7547,22.6887,0,1
97747.0,1.0,47.0,72.4,166.6,26.1,90.5,97.1,35.2,39.2,41.3,1506.0,54.56000000000001,7.5,0.0,0.0,0.0,0.0,1.0,600.0,28.128401995695672,20.497400000000003,50.0019,25.1444,21.656,0,0
97748.0,2.0,50.0,57.6,161.2,22.2,83.2,91.1,27.7,35.0,36.0,1371.0,81.36,6.5,0.0,1.0,0.0,1.0,0.0,360.0,33.664858602838684,19.5397,36.455,14.4901,18.8949,0,0
97756.0,2.0,23.0,154.6,160.9,59.7,143.0,148.8,52.7,38.0,35.0,2539.0,72.24000000000001,9.0,0.0,1.0,0.0,0.0,1.0,420.0,53.50336669375525,79.8873,67.3235,28.955800000000004,35.1895,1,0
97758.0,2.0,54.0,102.9,153.9,43.4,118.6,128.6,45.0,38.0,37.2,2829.0,96.22999999999999,8.0,0.0,1.0,0.0,0.0,0.0,360.0,46.985385533441736,48.5139,52.3549,23.264200000000002,25.503,0,0
97760.0,2.0,55.0,100.2,154.9,41.8,117.7,127.5,44.2,38.3,36.9,1300.0,43.34,6.0,0.0,0.0,0.0,0.0,0.0,240.0,50.21790822082245,50.3105,47.9493,20.8365,24.1266,1,0
97762.0,2.0,50.0,93.0,166.3,33.6,120.2,111.0,36.0,39.7,40.2,1370.0,37.480000000000004,7.5,0.0,1.0,0.0,0.0,0.0,180.0,42.703972623079906,39.660199999999996,51.100199999999994,20.730199999999996,27.5326,0,0
97768.0,2.0,56.0,73.3,161.7,28.0,96.8,99.6,32.8,34.7,37.2,2155.0,90.6,9.0,0.0,1.0,0.0,0.0,0.0,240.0,41.69155054229087,30.7095,41.124900000000004,15.8294,22.55,0,0
97774.0,1.0,33.0,51.0,158.5,20.3,73.2,83.4,27.7,34.0,36.6,1835.0,97.71000000000001,6.0,1.0,0.0,1.0,1.0,1.0,120.0,18.074993786072582,9.2354,39.754599999999996,17.8695,19.3003,0,0
97782.0,2.0,39.0,72.6,171.0,24.8,90.2,105.0,28.2,38.0,45.0,3278.0,101.17,5.0,1.0,1.0,0.0,0.0,1.0,180.0,36.08577477292905,26.4202,44.2984,19.9545,21.279700000000002,0,0
97783.0,2.0,46.0,124.6,163.8,46.4,127.6,143.0,44.0,38.0,37.5,2524.0,57.89,6.0,0.0,0.0,0.0,0.0,0.0,180.0,47.12314037662789,58.462900000000005,62.878800000000005,28.263199999999998,31.3417,0,0
97784.0,1.0,31.0,82.4,175.0,26.9,94.4,102.2,33.3,37.5,42.5,2495.0,87.14000000000001,6.5,1.0,1.0,0.0,0.0,0.0,120.0,27.0551879109046,22.5825,58.3478,24.660400000000003,30.0145,0,0
97787.0,1.0,52.0,72.9,176.6,23.4,89.2,96.0,31.7,40.0,41.0,2299.0,108.05000000000001,7.5,0.0,1.0,0.0,0.0,0.0,120.0,24.453978720647306,18.004099999999998,53.0366,22.819200000000002,26.823700000000002,0,0
97794.0,2.0,45.0,67.8,166.6,24.4,81.5,102.5,29.2,33.2,38.6,1596.0,62.80000000000001,6.5,1.0,1.0,0.0,0.0,1.0,420.0,37.896088993525126,25.9378,40.3665,16.3216,20.8194,0,0
97795.0,2.0,33.0,62.1,161.4,23.8,95.9,102.7,28.2,37.4,38.1,890.0,26.11,6.5,0.0,1.0,0.0,1.0,1.0,60.0,30.486816580734082,19.110599999999998,41.2851,17.032,21.414900000000003,0,0
97799.0,1.0,18.0,85.8,176.6,27.5,90.1,104.5,33.6,39.3,44.7,748.0,39.43,8.5,0.0,0.0,0.0,1.0,0.0,120.0,23.798361131812644,20.593700000000002,62.6117,28.8792,30.233400000000003,0,0
97806.0,2.0,18.0,61.0,165.3,22.3,81.2,94.0,26.5,36.5,40.0,1309.0,82.96,8.0,0.0,1.0,1.0,1.0,1.0,360.0,27.98582507499746,17.1363,41.8209,18.2329,20.4814,0,0
97811.0,2.0,26.0,75.6,154.5,31.7,102.0,106.5,34.2,35.0,38.7,2166.0,88.13000000000001,10.0,1.0,1.0,1.0,0.0,1.0,480.0,41.89611049779497,32.3907,42.826,19.547099999999997,20.374300000000005,0,0
97822.0,2.0,42.0,70.2,162.6,26.6,84.3,105.3,31.6,35.6,40.5,1914.0,68.45,7.0,0.0,1.0,1.0,0.0,1.0,600.0,41.5139375032334,29.289099999999998,39.021,18.3021,17.8131,0,0
97823.0,1.0,29.0,90.0,171.9,30.5,99.7,103.8,34.7,39.0,44.0,1443.0,88.53999999999998,13.0,1.0,1.0,1.0,0.0,1.0,120.0,28.770924466760782,26.0631,61.6856,29.612299999999998,28.8287,0,0
97825.0,1.0,18.0,78.5,174.7,25.7,86.5,103.4,32.6,41.0,43.8,1144.0,27.169999999999998,5.5,0.0,1.0,0.0,1.0,0.0,480.0,25.938801009233824,20.3823,55.938300000000005,25.9578,26.9477,0,0
97827.0,1.0,50.0,80.2,171.1,27.4,101.4,102.3,31.7,35.4,39.7,1728.0,27.330000000000002,7.0,0.0,0.0,0.0,1.0,1.0,600.0,31.495617521602608,25.1632,52.347300000000004,22.97,25.715400000000002,0,0
97835.0,2.0,49.0,84.9,158.8,33.7,103.9,116.0,39.8,35.7,40.1,3182.0,121.10000000000002,7.5,0.0,0.0,0.0,1.0,1.0,420.0,48.05418825508,40.865199999999994,42.133900000000004,19.2619,20.2201,0,0
97840.0,1.0,32.0,73.5,169.7,25.5,95.0,98.5,33.2,38.5,46.0,2162.0,75.77999999999999,7.5,1.0,0.0,1.0,1.0,1.0,480.0,31.828437798249205,23.5379,48.0796,22.528299999999998,22.5078,0,0
97848.0,2.0,30.0,53.5,158.9,21.2,74.6,88.7,26.0,37.1,39.0,2080.0,110.42999999999999,7.0,0.0,0.0,0.0,0.0,0.0,300.0,29.06978043466116,15.6096,35.924,15.540199999999999,17.5891,0,0
97851.0,1.0,23.0,77.0,172.6,25.8,82.5,98.7,32.9,37.4,44.4,1099.0,71.51,3.0,0.0,0.0,1.0,1.0,1.0,600.0,21.281743161851264,16.546599999999998,58.6875,27.597,27.8994,0,0
97862.0,1.0,19.0,60.6,176.5,19.5,67.5,86.4,28.9,38.0,40.2,4254.0,202.21999999999997,8.0,0.0,0.0,1.0,1.0,1.0,180.0,12.814799806517014,7.8048,50.5769,24.021199999999997,23.5802,0,0
97866.0,1.0,39.0,113.8,177.5,36.1,124.2,116.5,38.5,40.0,39.5,2369.0,116.05,6.5,0.0,0.0,1.0,0.0,1.0,360.0,34.80148508170089,39.5295,71.6137,30.5746,37.5294,0,0
97874.0,2.0,55.0,67.3,154.4,28.2,100.8,99.4,30.5,34.0,35.3,2551.0,120.65000000000002,7.5,0.0,0.0,0.0,0.0,0.0,300.0,39.180287607351474,26.4185,39.0788,15.335099999999999,20.8272,0,0
97876.0,1.0,58.0,86.1,168.8,30.2,104.3,104.5,33.5,39.6,39.8,2431.0,150.79999999999995,7.0,1.0,1.0,0.0,0.0,0.0,120.0,33.15672372610361,28.6842,55.533199999999994,23.1723,29.1479,1,0
97878.0,2.0,49.0,82.3,163.2,30.9,107.9,112.8,36.8,37.0,34.8,1831.0,71.89,6.5,1.0,1.0,0.0,1.0,1.0,600.0,42.64857738915786,35.4116,44.978199999999994,20.123,21.441899999999993,0,0
97882.0,2.0,18.0,83.0,162.6,31.4,95.8,114.2,34.6,35.6,39.3,1777.0,68.87,5.0,1.0,0.0,0.0,1.0,1.0,360.0,46.54344258402369,38.9078,42.7326,18.722399999999997,21.0792,0,0
97886.0,2.0,54.0,53.2,159.5,20.9,75.7,89.5,26.3,32.6,33.7,1449.0,51.010000000000005,7.5,0.0,0.0,1.0,0.0,0.0,840.0,32.83463191128435,17.6081,34.2442,13.7006,17.6769,0,1
97896.0,2.0,57.0,54.6,157.2,22.1,83.7,94.8,25.5,36.1,35.3,1351.0,25.21,6.0,0.0,1.0,0.0,0.0,0.0,240.0,35.32951576357385,19.367099999999997,33.7696,13.3058,18.1674,0,1
97897.0,1.0,58.0,116.6,168.2,41.2,131.7,133.3,37.6,39.8,37.9,1411.0,71.00999999999999,6.0,0.0,0.0,0.0,0.0,0.0,180.0,41.26343471666701,47.756099999999996,65.30590000000001,27.136200000000006,33.910899999999984,1,0
97899.0,1.0,29.0,113.5,180.6,34.8,114.2,120.0,39.4,44.0,47.9,2313.0,50.43000000000001,6.0,0.0,0.0,1.0,0.0,1.0,540.0,28.096650637004316,32.7176,80.33210000000001,35.916,39.7993,0,0
97918.0,2.0,18.0,69.4,165.0,25.5,89.8,97.1,29.1,33.8,37.4,,,7.0,1.0,1.0,0.0,0.0,0.0,480.0,39.489146469724204,27.266299999999998,39.8179,16.2287,20.0381,0,0
97923.0,2.0,43.0,50.0,160.5,19.4,79.9,85.6,25.2,34.2,33.8,2923.0,70.11,10.0,0.0,1.0,0.0,0.0,0.0,300.0,36.957400738392245,18.582,30.0772,10.5576,16.9788,0,1
97924.0,1.0,41.0,67.2,174.2,22.1,86.2,92.3,29.0,40.0,39.8,4115.0,134.92,8.0,0.0,1.0,0.0,0.0,1.0,240.0,24.074002176829858,16.3079,48.7677,21.173299999999998,24.5959,0,1
97928.0,1.0,56.0,87.4,183.5,26.0,91.7,99.3,35.3,39.9,43.0,2693.0,105.44000000000001,8.0,0.0,0.0,0.0,1.0,1.0,600.0,21.97256302552944,19.3689,65.6447,30.1748,31.9483,0,0
97930.0,1.0,32.0,88.4,174.5,29.0,103.3,108.9,35.2,43.2,43.3,2814.0,116.44000000000001,6.5,0.0,1.0,0.0,0.0,1.0,360.0,26.824008349265853,23.7023,62.3874,28.2456,30.5812,0,0
97934.0,1.0,25.0,72.3,171.7,24.5,85.6,98.2,32.5,41.0,42.4,1996.0,54.37,5.0,1.0,1.0,1.0,0.0,0.0,120.0,27.08543405791112,19.6624,50.494800000000005,22.6124,24.5542,0,0
97935.0,1.0,22.0,61.9,169.6,21.5,79.8,90.9,27.2,38.0,42.2,1079.0,59.86,,0.0,1.0,0.0,0.0,0.0,,25.23603529891374,15.828700000000001,44.581900000000005,19.1965,22.1861,0,1
97940.0,1.0,29.0,77.3,177.9,24.4,89.7,100.4,30.7,36.9,40.8,1443.0,60.3,7.0,0.0,0.0,1.0,1.0,1.0,480.0,30.47648554694159,23.667099999999998,52.0225,22.889,25.717,0,0
97941.0,2.0,28.0,69.8,158.8,27.7,86.3,107.9,32.9,34.0,39.0,1866.0,76.05,8.5,0.0,1.0,0.0,1.0,1.0,300.0,34.06262375644389,23.877,43.718,19.5589,21.5748,0,0
97948.0,2.0,32.0,55.3,172.9,18.5,74.9,91.0,23.4,38.0,40.9,1929.0,42.160000000000004,4.5,0.0,1.0,0.0,0.0,0.0,180.0,24.351507215440773,13.5756,40.0424,15.747900000000001,21.429299999999998,0,1
97949.0,2.0,30.0,58.7,161.8,22.4,73.5,100.0,27.9,34.0,38.0,2020.0,74.0,7.5,0.0,0.0,1.0,1.0,0.0,600.0,38.54599046451104,22.744,34.3688,14.1597,17.3517,0,1
97951.0,2.0,24.0,50.4,153.0,21.5,69.5,83.6,26.8,33.5,35.0,759.0,60.620000000000005,7.0,0.0,0.0,0.0,1.0,1.0,120.0,28.830039001011425,14.5514,34.259,14.023400000000002,17.4575,0,0
97952.0,1.0,57.0,75.6,166.5,27.3,98.7,99.1,33.0,35.8,34.8,1766.0,48.61,7.0,0.0,0.0,1.0,0.0,0.0,480.0,35.82128378651338,27.0446,46.4908,20.5702,22.7625,1,0
97963.0,1.0,29.0,87.4,181.7,26.5,93.4,102.7,36.3,42.2,44.0,2510.0,110.18,9.0,1.0,1.0,1.0,1.0,1.0,240.0,22.315229441576758,19.559099999999997,65.2563,29.83,31.8662,0,0
97965.0,1.0,32.0,143.4,182.0,43.3,126.5,130.1,49.1,43.1,46.0,2523.0,95.78000000000002,4.0,0.0,0.0,0.0,0.0,0.0,240.0,37.03740623450346,52.7602,86.5857,41.790600000000005,40.0955,0,0
97966.0,2.0,54.0,73.7,169.1,25.8,93.3,101.2,31.2,37.3,40.3,2659.0,90.92999999999999,8.0,0.0,0.0,0.0,0.0,1.0,180.0,47.266008464216846,35.143699999999995,37.0925,15.052,18.9911,0,1
97967.0,2.0,40.0,62.3,151.1,27.3,82.2,97.4,32.0,31.2,31.7,2050.0,64.14,9.0,1.0,0.0,0.0,1.0,1.0,180.0,38.703607753714515,24.3667,36.6772,14.5073,19.5192,0,0
97974.0,2.0,44.0,49.3,141.9,24.5,79.5,92.6,28.5,30.1,33.4,1533.0,42.17,8.5,0.0,0.0,0.0,0.0,0.0,720.0,41.75980258011707,20.6925,27.459400000000002,11.1584,13.6607,1,0
97977.0,1.0,40.0,134.4,180.5,41.3,143.1,136.0,42.5,40.0,45.8,2439.0,56.53,6.0,1.0,1.0,0.0,0.0,0.0,300.0,36.83816327963841,49.465,82.1905,38.426,40.657,0,0
97986.0,2.0,29.0,121.3,165.6,44.2,118.8,129.2,43.9,36.9,42.8,2832.0,142.39000000000001,6.0,0.0,0.0,0.0,0.0,1.0,480.0,47.322580180313885,57.140699999999995,60.9501,28.3923,29.309999999999995,0,0
97987.0,2.0,58.0,57.5,163.4,21.5,83.1,94.0,26.0,34.2,35.2,1860.0,37.59,6.0,0.0,0.0,0.0,0.0,1.0,720.0,33.48082659615573,19.366799999999998,36.7776,14.8504,19.2546,0,0
97995.0,1.0,47.0,89.3,172.8,29.9,101.4,103.0,38.4,38.5,42.8,1803.0,84.04,7.0,0.0,0.0,0.0,0.0,0.0,120.0,28.008113079815832,25.2868,62.1981,28.3439,30.426299999999998,0,0
98007.0,1.0,31.0,74.7,172.6,25.1,81.2,98.4,32.4,36.2,42.7,1623.0,65.86000000000001,6.0,1.0,1.0,1.0,1.0,1.0,120.0,18.00300618696556,13.4565,58.1626,28.008200000000006,26.347,0,0
98009.0,1.0,57.0,61.2,169.1,21.4,87.9,85.7,28.4,35.0,40.8,3550.0,84.95000000000002,7.0,1.0,1.0,0.0,0.0,1.0,240.0,19.829858039094432,12.172600000000001,47.0635,19.9065,24.1083,0,1
98010.0,2.0,27.0,52.0,152.9,22.2,80.4,94.2,27.0,34.0,37.0,1632.0,62.46,9.0,0.0,0.0,1.0,0.0,0.0,180.0,38.26524344833834,19.9361,30.6017,12.9261,15.3721,0,0
98015.0,1.0,49.0,73.4,175.5,23.8,97.4,96.5,31.0,38.2,41.3,1054.0,35.42,8.0,0.0,0.0,1.0,0.0,0.0,480.0,34.38773497562537,25.5242,45.9327,19.412300000000002,23.3324,0,1
98018.0,1.0,22.0,68.1,179.6,21.1,84.5,91.0,27.8,41.0,46.0,1367.0,50.8,11.0,1.0,1.0,0.0,1.0,1.0,420.0,16.902080457193495,11.506,53.6336,25.3295,25.181099999999997,0,0
98022.0,2.0,18.0,62.5,162.4,23.7,81.3,104.0,27.6,34.6,42.8,2218.0,57.31,13.0,0.0,0.0,1.0,0.0,0.0,480.0,37.68143172831637,23.5042,37.0837,16.0063,18.3116,0,0
98028.0,2.0,34.0,80.1,155.7,33.0,100.3,112.7,35.9,33.6,37.8,1622.0,59.50000000000001,7.0,1.0,1.0,1.0,0.0,1.0,120.0,40.34005566292831,32.5211,45.9931,19.581,23.716099999999997,0,0
98030.0,2.0,24.0,55.6,150.9,24.4,78.3,93.3,28.0,32.0,36.5,2071.0,26.770000000000007,6.5,0.0,0.0,0.0,0.0,0.0,120.0,36.37774243145143,20.284,33.4304,14.4296,16.3,0,0
98033.0,2.0,42.0,76.0,168.3,26.8,85.6,104.6,30.7,38.0,40.4,1469.0,54.9,2.0,0.0,0.0,0.0,1.0,1.0,480.0,26.783195304486817,20.553099999999997,53.7482,25.3312,25.432299999999998,0,0
98034.0,1.0,43.0,97.6,176.1,31.5,108.6,111.0,32.9,40.0,41.5,2822.0,99.0,5.0,1.0,1.0,1.0,1.0,1.0,120.0,29.989556064221105,29.3293,65.3626,27.7199,33.725300000000004,0,0
98035.0,2.0,35.0,85.2,163.6,31.8,99.4,110.8,36.5,35.6,37.6,1235.0,50.89,8.5,1.0,1.0,1.0,1.0,1.0,60.0,41.32418711998695,35.5002,47.7805,19.4468,24.983400000000003,0,0
98036.0,2.0,38.0,79.3,155.6,32.8,97.6,112.4,38.3,32.6,34.4,1887.0,43.709999999999994,7.5,0.0,1.0,0.0,0.0,1.0,180.0,44.71599953410724,35.4739,41.78,18.6588,20.202900000000003,0,0
98041.0,2.0,55.0,83.6,152.4,36.0,115.8,117.0,40.6,37.2,41.2,1325.0,25.67,3.0,0.0,1.0,0.0,0.0,0.0,120.0,48.1467542461524,40.3362,41.448800000000006,15.3778,23.387800000000002,1,0
98045.0,2.0,40.0,64.6,160.9,25.0,82.2,100.6,30.6,33.6,37.3,2218.0,56.14999999999999,7.0,0.0,0.0,1.0,1.0,1.0,180.0,41.438400559327484,26.979200000000002,36.110099999999996,16.669,16.8853,0,0
98046.0,2.0,49.0,103.1,164.8,38.0,119.7,125.0,41.0,39.0,35.0,736.0,35.26,5.5,0.0,0.0,0.0,0.0,0.0,180.0,42.868446724751806,44.8529,57.531,21.3748,32.7665,0,0
98048.0,2.0,30.0,53.2,159.4,20.9,75.4,91.8,26.6,36.3,36.8,901.0,41.53,9.0,1.0,1.0,0.0,0.0,1.0,480.0,38.390877861061675,20.7316,31.4828,12.8886,16.3573,0,1
98056.0,2.0,34.0,91.9,164.6,33.9,109.8,114.1,34.3,36.5,37.5,1362.0,55.480000000000004,6.5,1.0,1.0,1.0,1.0,0.0,60.0,39.31619641666655,36.3455,53.7599,22.6445,28.1515,0,0
98061.0,1.0,19.0,74.1,178.5,23.3,80.0,95.8,30.5,39.1,43.6,2123.0,74.05999999999999,7.5,1.0,1.0,0.0,1.0,0.0,600.0,14.267850926819605,10.6036,60.3602,29.0107,27.842200000000002,0,0
98065.0,2.0,29.0,51.2,160.3,19.9,71.6,88.9,24.9,35.3,38.5,977.0,25.339999999999996,7.0,1.0,1.0,0.0,0.0,1.0,60.0,20.742190069885858,10.6881,38.543,16.247700000000002,19.5428,0,0
98066.0,1.0,19.0,67.0,176.9,21.4,81.7,91.2,28.8,38.7,42.2,2266.0,85.28999999999999,10.0,0.0,0.0,1.0,0.0,0.0,180.0,20.08003268043099,13.552,51.4048,23.4329,24.9437,0,0
98082.0,2.0,46.0,93.8,164.0,34.9,106.6,117.6,36.9,37.6,33.8,679.0,13.120000000000001,9.0,0.0,1.0,0.0,0.0,1.0,600.0,41.795982945998674,39.4138,52.3121,21.753,27.5353,0,0
98088.0,1.0,33.0,96.4,179.0,30.1,100.8,107.4,37.2,41.5,44.8,1791.0,63.55,9.5,0.0,1.0,0.0,1.0,1.0,360.0,29.19694062626243,28.3818,66.1235,30.248399999999997,32.515,0,0
98092.0,1.0,41.0,85.9,162.5,32.5,105.2,105.5,36.1,36.2,38.9,,,8.0,0.0,1.0,0.0,1.0,1.0,180.0,34.04813086440909,29.4464,54.749199999999995,23.289800000000003,28.1915,1,0
98097.0,1.0,29.0,109.9,178.5,34.5,110.6,117.3,41.7,40.4,45.3,4028.0,134.52,7.0,1.0,1.0,0.0,0.0,1.0,540.0,32.78139916106005,36.1559,71.1822,29.9661,37.3174,0,0
98099.0,1.0,54.0,81.6,182.2,24.6,98.0,101.1,30.8,40.5,41.0,1152.0,31.349999999999998,6.0,0.0,0.0,0.0,0.0,0.0,360.0,25.800236482839328,21.2461,58.5523,26.4138,29.1608,0,0
98100.0,1.0,33.0,115.9,171.3,39.5,123.5,127.7,42.3,40.8,42.2,2394.0,54.019999999999996,9.5,0.0,0.0,0.0,0.0,0.0,360.0,38.561588990702326,44.7385,68.8853,29.9294,35.3694,1,0
98102.0,2.0,35.0,72.0,157.3,29.1,97.4,114.1,29.3,35.7,39.0,2620.0,51.98,7.0,0.0,1.0,1.0,0.0,0.0,360.0,46.6655811571827,33.6465,36.6967,15.646700000000001,18.4328,0,0
98103.0,1.0,37.0,71.5,175.0,23.3,85.6,98.1,30.3,39.5,42.7,2058.0,59.57,6.0,0.0,0.0,1.0,0.0,1.0,120.0,29.30049482002844,21.377599999999997,48.850699999999996,21.4345,24.202900000000003,0,1
98111.0,2.0,19.0,84.0,171.7,28.5,97.5,106.1,32.4,41.5,40.4,2492.0,81.94,10.0,0.0,0.0,0.0,0.0,0.0,480.0,40.4135147166166,34.1721,47.8345,21.7836,23.144599999999997,0,0
98113.0,2.0,25.0,123.5,167.0,44.3,139.0,141.2,42.7,37.6,41.0,3266.0,133.42000000000002,6.0,0.0,0.0,0.0,0.0,0.0,480.0,46.809439587944865,57.7015,63.188300000000005,27.7596,31.9641,0,0
98124.0,1.0,31.0,71.8,170.3,24.8,92.4,96.5,29.9,36.5,41.4,8538.0,128.52000000000004,10.0,1.0,1.0,1.0,1.0,1.0,240.0,31.48588375122823,22.869799999999998,47.5749,20.7545,23.989900000000002,0,0
98135.0,2.0,42.0,128.5,163.3,48.2,135.7,141.2,45.0,39.3,36.3,2338.0,72.89999999999999,7.0,1.0,1.0,0.0,0.0,0.0,180.0,45.297603605176846,57.6886,67.35910000000001,28.591800000000003,35.8382,0,0
98138.0,1.0,40.0,85.7,169.4,29.9,102.6,105.6,34.7,38.7,41.3,,,7.0,0.0,0.0,1.0,1.0,1.0,900.0,32.36813134353487,27.223,54.5132,24.3522,26.6583,0,0
98144.0,2.0,45.0,58.0,157.1,23.5,85.1,94.9,29.5,30.8,33.8,1220.0,61.32,6.5,0.0,0.0,0.0,0.0,1.0,240.0,39.89242307832019,23.282,33.0555,13.529,16.8566,0,1
98145.0,2.0,24.0,65.3,172.6,21.9,77.5,98.4,27.0,37.0,42.0,1526.0,68.63,8.0,0.0,1.0,0.0,1.0,1.0,180.0,25.741733752721764,16.9022,46.5652,21.3349,22.4103,0,0
98148.0,2.0,37.0,56.7,161.6,21.7,82.0,89.7,25.6,34.3,37.5,3855.0,23.38,9.0,0.0,1.0,0.0,0.0,1.0,300.0,29.80969179679418,17.0016,38.014900000000004,15.680400000000002,19.9797,0,0
98153.0,1.0,55.0,53.8,154.4,22.6,76.4,91.3,25.2,31.7,37.9,1800.0,52.88000000000001,10.5,1.0,1.0,1.0,1.0,1.0,120.0,21.63128665162157,11.6986,40.526300000000006,18.759100000000004,18.957,0,0
98156.0,2.0,46.0,72.0,154.4,30.2,93.6,104.0,36.5,36.2,36.2,2009.0,65.16000000000001,8.0,0.0,0.0,1.0,0.0,0.0,30.0,42.977451013146236,31.388099999999998,39.5576,16.3244,20.5592,0,0
98161.0,2.0,43.0,92.1,161.0,35.5,111.1,119.3,36.1,35.2,36.3,1973.0,79.80999999999999,6.5,0.0,0.0,1.0,0.0,1.0,600.0,40.440399014476576,37.367599999999996,52.7851,21.722099999999998,27.783400000000004,0,0
98165.0,1.0,55.0,110.2,177.2,35.1,120.6,113.4,38.7,41.1,39.1,2197.0,97.99,4.5,1.0,1.0,0.0,0.0,0.0,360.0,30.085412874119466,33.259800000000006,74.0951,31.732400000000002,38.6607,0,0
98169.0,2.0,28.0,75.0,152.7,32.2,102.8,108.9,33.7,34.4,35.2,1289.0,46.96,7.0,1.0,1.0,0.0,1.0,1.0,180.0,45.83703127467286,34.3401,38.6355,16.1911,19.5665,1,0
98170.0,2.0,18.0,75.1,162.9,28.3,88.1,106.5,31.8,37.6,37.0,1134.0,32.31,11.0,0.0,0.0,1.0,0.0,0.0,300.0,41.465725134482796,31.699900000000003,42.6579,18.147599999999997,21.3934,0,0
98174.0,1.0,48.0,98.3,161.2,37.8,113.3,116.3,40.7,40.1,37.0,2885.0,114.13000000000001,9.0,0.0,1.0,0.0,0.0,0.0,300.0,40.29719041867824,39.6113,56.655,25.990599999999997,27.1591,1,0
98203.0,1.0,35.0,81.0,171.9,27.4,97.3,101.4,34.6,36.5,41.7,333.0,17.150000000000002,8.5,0.0,0.0,0.0,1.0,1.0,720.0,31.593037411650158,25.7903,53.3188,23.660400000000003,26.3967,0,0
98208.0,2.0,39.0,65.7,168.1,23.3,95.8,104.9,27.5,37.0,40.7,240.0,8.93,4.0,0.0,1.0,0.0,0.0,1.0,600.0,44.5843312720429,29.5125,34.837199999999996,13.7049,18.073,0,1
98212.0,2.0,18.0,55.4,160.8,21.4,77.1,91.9,25.8,36.3,37.1,1817.0,63.739999999999995,9.0,0.0,0.0,0.0,0.0,0.0,300.0,30.215718759539957,16.737099999999998,36.843599999999995,15.4886,18.7619,0,0
98222.0,2.0,26.0,63.7,167.2,22.8,76.0,101.2,27.6,36.4,43.0,1801.0,39.32,8.0,0.0,1.0,0.0,1.0,1.0,240.0,30.41202753655782,19.5134,42.006099999999996,18.655099999999997,20.705,0,0
98223.0,1.0,52.0,112.2,178.9,35.1,116.6,117.4,37.7,40.6,41.4,1881.0,73.31,5.0,1.0,1.0,0.0,0.0,1.0,360.0,36.04143294958119,40.4961,69.1112,33.3389,32.3411,0,0
98225.0,1.0,26.0,121.8,181.5,37.0,121.2,118.3,40.4,41.4,43.8,1336.0,35.44,8.5,0.0,0.0,0.0,1.0,1.0,600.0,34.22402043752535,42.0705,77.61,36.2086,37.389,0,0
98238.0,2.0,44.0,85.6,166.5,30.9,107.0,113.1,31.8,38.5,37.6,1065.0,40.199999999999996,7.0,0.0,1.0,0.0,0.0,0.0,120.0,41.279982362703045,35.650400000000005,48.1857,20.5574,24.7638,0,0
98241.0,1.0,32.0,79.5,178.4,25.0,90.0,100.4,33.9,37.7,44.5,1860.0,98.96000000000002,10.0,0.0,0.0,0.0,0.0,1.0,480.0,27.98221486049826,22.3535,55.0516,26.1247,25.753,0,0
98243.0,1.0,35.0,94.6,168.9,33.2,102.7,106.2,38.3,38.0,43.5,,,4.0,1.0,1.0,0.0,0.0,0.0,60.0,30.608816588077374,28.9986,63.3333,28.9889,30.7352,0,0
98256.0,2.0,25.0,75.7,163.0,28.5,94.2,103.2,34.2,36.0,41.2,1608.0,28.290000000000003,7.0,1.0,1.0,0.0,1.0,1.0,300.0,38.77821655227756,29.5842,44.305699999999995,19.6883,21.567400000000003,0,0
98262.0,1.0,59.0,83.0,176.6,26.6,96.5,100.2,32.6,39.4,44.2,2800.0,72.53,7.0,0.0,1.0,0.0,0.0,1.0,300.0,26.30415368462069,21.9935,58.795199999999994,27.743299999999998,27.7916,0,0
98266.0,2.0,41.0,93.0,161.0,35.9,110.7,130.6,39.8,37.1,35.3,936.0,45.71000000000001,5.0,0.0,1.0,0.0,1.0,0.0,360.0,44.771764321586126,41.996,49.593599999999995,20.4076,26.096499999999995,0,0
98271.0,1.0,50.0,79.0,165.7,28.8,100.0,99.6,35.2,38.5,39.0,2083.0,68.89999999999999,7.0,0.0,0.0,0.0,0.0,1.0,11.0,31.774770665731356,25.212,51.9007,23.323700000000002,25.4262,0,0
98277.0,2.0,18.0,58.1,162.2,22.1,76.1,95.2,26.9,34.6,39.3,587.0,17.3,8.0,0.0,0.0,1.0,0.0,0.0,540.0,36.911799099222804,21.5592,35.083400000000005,13.7086,18.697599999999998,0,1
98280.0,2.0,31.0,71.3,161.4,27.4,93.9,105.3,31.0,34.7,39.2,1182.0,37.06,10.0,0.0,0.0,1.0,1.0,0.0,300.0,41.94028335989284,29.671400000000002,39.1253,16.515099999999997,19.6266,0,0
98293.0,2.0,52.0,106.0,171.0,36.3,114.6,114.2,39.4,41.6,43.6,2465.0,76.11,7.5,0.0,0.0,0.0,0.0,1.0,360.0,40.07737337088608,42.2708,60.4016,26.0521,30.6609,0,0
98295.0,2.0,23.0,66.8,157.0,27.1,92.5,103.8,30.7,32.6,38.4,1509.0,63.88999999999999,7.0,0.0,1.0,0.0,0.0,0.0,300.0,39.64899345993524,26.5876,38.6218,16.4537,19.3833,0,0
98300.0,2.0,48.0,91.8,163.0,34.6,109.0,122.2,38.7,35.4,42.2,547.0,3.29,9.5,0.0,1.0,0.0,0.0,0.0,240.0,50.174041521171944,46.3437,43.7556,17.872799999999998,23.2755,0,0
98302.0,1.0,29.0,86.9,166.6,31.3,105.3,106.2,34.6,38.0,41.2,5872.0,148.32,8.5,0.0,0.0,0.0,0.0,0.0,180.0,27.997872299138304,24.527900000000002,60.8346,26.799599999999998,30.7535,0,0
98308.0,1.0,35.0,68.4,163.8,25.5,86.8,94.7,32.9,38.6,38.5,2379.0,95.11000000000001,6.0,1.0,1.0,0.0,0.0,1.0,120.0,20.284419344697437,13.8916,52.3726,23.0998,26.3767,0,0
98310.0,2.0,47.0,100.8,157.8,40.5,116.3,120.4,40.7,35.8,35.6,1895.0,65.26,6.5,0.0,0.0,0.0,0.0,0.0,300.0,47.50757341212302,47.9833,50.7518,21.195600000000002,26.4621,0,0
98314.0,1.0,25.0,112.7,175.0,36.8,106.1,121.3,41.7,41.0,44.5,,,9.0,0.0,0.0,1.0,0.0,0.0,900.0,30.3187597347861,34.45,76.03089999999999,34.2165,37.495599999999996,0,0
98323.0,2.0,31.0,61.6,176.0,19.9,77.4,94.2,29.3,41.4,41.1,2462.0,68.08,8.5,0.0,1.0,0.0,1.0,1.0,120.0,32.50206007699538,20.1947,39.5026,16.4842,20.3648,0,1
98326.0,2.0,55.0,54.1,163.8,20.2,76.4,97.3,25.0,35.3,38.0,1391.0,82.96999999999998,7.0,0.0,0.0,0.0,0.0,0.0,540.0,38.040071007049185,20.5996,31.737299999999998,13.9838,15.1458,0,1
98332.0,2.0,34.0,84.8,153.6,35.9,92.8,110.0,36.0,36.4,34.4,1131.0,33.510000000000005,7.0,0.0,1.0,0.0,0.0,0.0,60.0,41.408743972450836,35.418699999999994,47.916599999999995,20.1051,24.6549,0,0
98338.0,1.0,54.0,53.9,163.8,20.1,79.4,87.2,27.9,36.6,38.4,2657.0,109.31,8.5,0.0,1.0,0.0,0.0,1.0,300.0,30.311255351713278,16.572400000000002,36.180800000000005,14.5741,19.2547,1,1
98343.0,2.0,31.0,52.6,151.8,22.8,81.6,93.3,46.2,32.6,37.7,1046.0,32.77,4.0,0.0,0.0,0.0,0.0,1.0,300.0,38.63053302640569,20.5239,31.1623,13.952300000000001,14.5532,0,0
98350.0,2.0,36.0,100.4,155.0,41.8,122.4,126.9,43.5,35.8,36.5,1137.0,57.29,5.0,0.0,0.0,0.0,1.0,0.0,720.0,42.42839491349821,42.8643,55.9915,24.609900000000003,28.2073,0,0
98351.0,2.0,38.0,71.1,166.4,25.7,90.2,111.8,27.3,33.3,37.0,2359.0,50.75000000000001,8.0,0.0,0.0,0.0,1.0,1.0,240.0,45.249380165695854,32.190400000000004,36.845699999999994,14.5124,19.686,0,1
98352.0,1.0,18.0,62.2,178.8,19.5,71.2,92.0,27.5,37.5,42.0,4789.0,165.63,8.0,1.0,1.0,1.0,0.0,1.0,360.0,15.129187291993635,9.475,50.3325,22.6158,24.4954,0,0
98354.0,2.0,57.0,116.5,163.3,43.7,127.8,134.6,44.8,41.0,35.6,2740.0,83.91000000000001,6.0,0.0,1.0,0.0,1.0,1.0,180.0,49.66317838059306,58.1824,56.6028,25.637900000000002,27.6552,0,0
98357.0,1.0,21.0,59.0,174.0,19.5,70.0,88.4,24.7,39.0,41.0,3066.0,125.30999999999999,10.0,1.0,0.0,1.0,1.0,0.0,480.0,13.422252364773366,7.9836,48.770199999999996,23.7354,22.1538,0,0
98364.0,1.0,37.0,87.8,168.8,30.8,100.0,103.2,35.2,34.3,38.9,2679.0,83.97,6.5,0.0,1.0,0.0,1.0,0.0,480.0,27.51349871196382,24.305400000000002,61.1708,28.230900000000002,29.111,0,0
98370.0,1.0,20.0,56.2,170.5,19.3,63.4,87.3,26.8,37.5,41.5,1406.0,56.07,5.5,0.0,1.0,1.0,0.0,1.0,300.0,17.75924606095885,9.9946,44.1899,21.6996,19.5284,0,0
98374.0,2.0,42.0,95.0,165.7,34.6,116.4,112.4,38.7,36.2,37.1,3234.0,39.33,9.0,0.0,1.0,1.0,0.0,0.0,300.0,38.344629842596966,36.7334,56.8508,24.7338,29.0702,0,0
98376.0,1.0,20.0,50.9,174.7,16.7,69.5,84.7,23.1,38.0,41.7,2201.0,68.8,7.0,0.0,0.0,0.0,0.0,0.0,300.0,15.947510519547764,8.109399999999999,40.5087,17.663,20.15,0,1
98381.0,1.0,40.0,82.5,172.7,27.7,103.6,98.8,34.6,39.5,42.8,2890.0,70.14000000000001,8.0,0.0,0.0,0.0,0.0,1.0,480.0,35.59165673865294,29.3908,50.8624,23.127599999999997,24.3292,0,0
98394.0,2.0,38.0,66.9,163.6,25.0,86.4,110.4,29.7,35.8,39.3,1617.0,63.22999999999999,8.5,0.0,0.0,0.0,1.0,1.0,120.0,38.33335312735673,25.8215,39.2001,17.2753,19.3831,0,0
98399.0,1.0,54.0,79.1,169.6,27.5,94.5,101.7,34.0,40.6,38.6,1833.0,61.30999999999999,7.0,0.0,1.0,0.0,0.0,1.0,480.0,31.94872508199414,25.403,51.850300000000004,23.389599999999998,25.0744,0,0
98401.0,1.0,41.0,92.3,177.9,29.2,91.5,105.2,37.3,40.8,48.3,3382.0,96.00999999999999,6.0,0.0,0.0,0.0,1.0,0.0,300.0,17.852069472586553,16.5822,73.4099,36.033699999999996,34.017900000000004,0,0
98403.0,1.0,27.0,86.2,184.2,25.4,97.0,104.8,33.1,42.0,48.0,3476.0,155.32,8.0,0.0,1.0,0.0,1.0,1.0,240.0,29.74139428243759,25.6013,57.7424,26.6326,28.2293,0,0
98408.0,2.0,19.0,54.1,163.8,20.2,70.1,92.7,25.8,35.3,36.6,1567.0,48.11,10.0,0.0,1.0,0.0,1.0,1.0,360.0,27.675749911689906,15.097700000000001,37.4846,15.5074,19.272299999999998,0,0
98411.0,2.0,18.0,93.4,166.1,33.9,99.2,116.8,34.6,37.8,37.6,1981.0,101.80000000000001,9.0,0.0,1.0,1.0,1.0,1.0,300.0,46.771018448202526,43.6785,47.79,20.1282,24.611099999999997,0,0
98416.0,2.0,25.0,52.4,159.0,20.7,70.5,90.5,24.1,35.0,33.1,1241.0,92.74000000000001,8.0,0.0,0.0,0.0,0.0,1.0,360.0,26.054193038347677,13.8154,37.138400000000004,15.430600000000002,18.8798,0,0
98420.0,2.0,27.0,58.5,171.2,20.0,73.9,92.1,26.9,38.4,42.2,1083.0,27.76,8.0,0.0,1.0,1.0,1.0,1.0,480.0,27.445430186234343,16.0759,40.2593,18.351200000000002,19.098,0,0
98426.0,1.0,28.0,63.9,170.0,22.1,75.8,91.0,31.7,37.2,39.3,3696.0,131.7,6.5,1.0,1.0,0.0,1.0,0.0,180.0,17.509809134405504,11.242700000000001,50.6878,23.33,24.1977,0,0
98427.0,1.0,18.0,55.4,165.8,20.2,70.8,85.3,28.3,34.7,38.8,2100.0,70.9,8.0,0.0,0.0,1.0,0.0,1.0,480.0,20.10491661692322,11.192200000000001,42.116699999999994,18.5281,20.268099999999997,0,1
98428.0,2.0,25.0,79.1,171.1,27.0,90.1,109.3,31.7,37.0,39.5,1011.0,17.169999999999998,8.0,0.0,1.0,0.0,0.0,1.0,,37.920732099954805,30.3283,47.6129,20.6631,24.1802,0,0
98435.0,2.0,21.0,61.0,157.9,24.5,81.3,96.5,29.1,34.0,36.0,2210.0,85.78000000000002,10.0,1.0,1.0,1.0,0.0,1.0,180.0,30.11778103723669,18.4597,40.713699999999996,18.0143,19.8622,0,0
98437.0,2.0,32.0,67.9,164.3,25.2,87.8,97.4,31.4,36.5,38.9,1665.0,122.28,5.0,1.0,1.0,1.0,0.0,0.0,180.0,35.8189206377464,24.4663,41.6323,18.4919,20.3107,0,0
98440.0,2.0,19.0,47.7,154.6,20.0,64.7,87.6,23.3,34.1,39.0,766.0,51.49,6.5,1.0,0.0,0.0,1.0,1.0,300.0,20.70537203549277,9.892299999999999,35.9075,16.729699999999998,16.5817,0,0
98444.0,2.0,59.0,90.5,154.6,37.9,113.4,119.3,38.0,36.0,35.5,1996.0,60.66,6.0,0.0,1.0,0.0,0.0,0.0,540.0,46.13800287616555,41.9036,46.8465,18.331,25.5713,1,0
98448.0,2.0,24.0,115.7,164.1,43.0,111.8,131.1,43.4,37.7,40.9,616.0,11.95,7.0,0.0,1.0,0.0,1.0,0.0,360.0,42.31094369118913,49.345099999999995,64.7106,31.5306,30.281200000000002,0,0
98456.0,1.0,36.0,64.8,171.8,22.0,75.3,94.1,31.7,35.5,43.6,1992.0,80.96000000000001,8.0,0.0,0.0,0.0,0.0,0.0,60.0,14.658176930343808,9.562700000000001,53.121300000000005,25.543400000000002,24.321,0,0
98458.0,1.0,24.0,85.5,175.7,27.7,95.9,104.9,32.3,38.0,42.5,1177.0,46.480000000000004,10.0,0.0,1.0,0.0,0.0,0.0,120.0,24.98839932280647,21.492,62.0093,28.244100000000003,30.0418,0,0
98460.0,2.0,27.0,82.4,158.6,32.8,100.5,107.6,34.0,35.4,36.2,1532.0,34.86,4.0,1.0,0.0,1.0,0.0,0.0,360.0,41.73201850328597,35.2706,46.6308,19.6033,23.5231,0,0
98461.0,2.0,54.0,49.2,163.0,18.5,74.8,80.3,22.0,32.2,34.4,,,8.0,1.0,1.0,0.0,0.0,0.0,240.0,18.95594664012702,9.3862,37.7068,13.729,20.567700000000006,0,1
98469.0,1.0,41.0,71.4,159.7,28.0,92.3,94.5,35.1,34.9,36.6,5914.0,204.05000000000004,6.0,0.0,0.0,1.0,0.0,1.0,480.0,24.793902372218913,17.742099999999997,51.270300000000006,24.647899999999996,23.4139,0,0
98470.0,2.0,38.0,76.5,162.4,29.0,93.3,107.7,33.8,36.4,38.8,1939.0,59.93,8.0,0.0,0.0,0.0,1.0,0.0,20.0,39.59783781101881,30.647,44.5026,18.7829,23.2105,0,0
98474.0,1.0,35.0,67.4,181.8,20.4,79.8,92.6,27.8,38.9,48.4,1144.0,46.67,6.0,0.0,1.0,1.0,0.0,1.0,180.0,21.019654289053854,14.3542,50.89,25.008599999999998,22.407,0,0
98475.0,1.0,22.0,104.7,170.7,35.9,111.3,119.6,41.0,38.2,41.4,2549.0,79.40999999999998,5.5,1.0,0.0,0.0,1.0,0.0,120.0,35.13045585658358,37.167,65.9723,30.731099999999998,31.7106,0,0
98479.0,1.0,27.0,67.2,166.4,24.3,81.1,93.7,30.8,38.0,40.2,2750.0,138.19000000000003,6.0,0.0,0.0,1.0,1.0,1.0,480.0,22.530793947330302,15.244200000000001,49.9156,22.1745,24.8922,0,0
98483.0,2.0,26.0,51.6,157.9,20.7,77.1,89.4,27.7,35.5,36.7,2415.0,92.46,8.0,0.0,1.0,0.0,1.0,1.0,120.0,36.078439525771444,18.741400000000002,31.2375,12.158,16.2676,0,1
98485.0,1.0,21.0,67.1,174.7,22.0,73.3,93.1,30.6,37.0,42.6,2417.0,118.78,7.0,1.0,1.0,0.0,0.0,0.0,180.0,16.724713071968157,11.1068,52.646699999999996,25.440099999999997,23.9627,0,0
98489.0,2.0,55.0,94.3,164.0,35.1,105.5,121.1,36.7,36.3,40.3,2153.0,57.64,5.0,0.0,0.0,0.0,0.0,0.0,480.0,42.725714315153006,39.8083,50.942699999999995,22.169700000000002,25.5845,0,0
98490.0,1.0,24.0,94.0,170.9,32.2,107.7,112.3,36.2,40.0,44.5,1325.0,32.89,10.0,0.0,0.0,0.0,1.0,0.0,600.0,30.39230275061312,28.655099999999997,62.927099999999996,29.051199999999998,31.293200000000002,0,0
98493.0,2.0,18.0,65.7,157.0,26.7,89.2,100.2,29.5,36.5,37.5,2017.0,52.32000000000001,7.0,0.0,1.0,1.0,1.0,1.0,600.0,36.946842138973764,24.5158,40.0593,17.5861,19.532,0,0
98494.0,2.0,25.0,64.2,165.0,23.6,77.0,103.6,28.8,38.1,41.2,1911.0,105.67999999999999,9.0,0.0,0.0,0.0,1.0,1.0,420.0,32.65210635802791,20.8383,41.0531,18.7804,19.4859,0,0
98495.0,1.0,48.0,77.1,176.1,24.9,87.6,99.9,34.4,38.0,42.0,4510.0,218.79999999999998,6.5,0.0,1.0,0.0,1.0,1.0,150.0,27.996629879889774,21.6854,53.419,25.320600000000002,25.1813,0,0
98496.0,2.0,46.0,93.4,166.0,33.9,100.6,119.6,36.0,35.3,40.3,4924.0,127.62,8.5,0.0,0.0,1.0,1.0,0.0,480.0,42.032638096744854,39.4795,52.1603,21.5162,27.336299999999998,0,0
98500.0,2.0,56.0,62.7,147.6,28.8,89.4,97.0,34.5,34.1,33.4,3307.0,92.45,7.5,0.0,0.0,0.0,0.0,0.0,180.0,40.729470393785405,25.741400000000002,36.0443,15.8375,17.2455,0,0
98512.0,2.0,32.0,108.3,161.1,41.7,128.8,129.6,43.0,33.0,42.5,1326.0,56.760000000000005,8.0,1.0,1.0,1.0,0.0,1.0,180.0,45.22068289676448,49.0706,57.3939,25.4366,28.931,0,0
98514.0,1.0,32.0,129.4,179.4,40.2,123.3,122.4,42.4,41.9,41.2,2738.0,148.89000000000001,7.0,0.0,0.0,0.0,1.0,0.0,360.0,32.31534026062879,42.472,85.796,38.178,43.7487,0,0
98523.0,1.0,40.0,111.4,167.4,39.8,128.7,123.2,37.1,37.0,37.0,,,8.0,1.0,1.0,0.0,0.0,0.0,120.0,35.19065200876642,39.3702,70.02369999999999,30.0545,36.5741,1,0
98528.0,1.0,32.0,96.8,169.8,33.6,108.1,108.9,37.5,37.5,39.8,1667.0,43.16,6.0,0.0,0.0,0.0,0.0,0.0,660.0,32.7170664996613,31.997700000000002,63.2605,25.828,33.9191,1,0
98542.0,2.0,54.0,84.3,163.0,31.7,99.6,109.9,34.5,37.0,38.4,,,7.0,0.0,0.0,0.0,1.0,1.0,360.0,38.06872876557191,32.2701,50.382400000000004,22.640900000000002,24.3223,0,0
98545.0,2.0,36.0,59.5,156.4,24.3,85.5,97.4,29.0,35.7,37.5,1343.0,44.05,7.5,1.0,0.0,0.0,0.0,0.0,240.0,34.767549370768414,20.7382,36.784099999999995,15.1536,18.8644,0,0
98548.0,1.0,43.0,70.2,155.4,29.1,99.1,95.6,32.3,34.4,35.3,3144.0,151.97,8.0,1.0,1.0,1.0,0.0,1.0,240.0,29.88750136093923,21.0825,47.319300000000005,20.747,23.466,1,0
98556.0,1.0,48.0,67.0,168.6,23.6,82.0,92.5,28.6,38.2,43.2,1875.0,61.79,7.0,0.0,0.0,0.0,1.0,1.0,300.0,22.27788496105718,15.0771,49.8973,23.270400000000002,23.6195,0,0
98561.0,1.0,44.0,114.9,178.4,36.1,118.7,115.8,41.5,41.0,44.4,1892.0,96.21000000000001,7.0,1.0,1.0,1.0,0.0,1.0,180.0,32.27608488288992,37.2951,75.2463,35.4153,35.8455,0,0
98564.0,2.0,39.0,68.5,168.3,24.2,87.0,104.9,28.2,37.1,38.1,1320.0,53.82000000000001,7.5,0.0,0.0,0.0,1.0,0.0,480.0,34.21868797250278,23.4632,43.0144,18.6723,21.8421,0,0
98565.0,2.0,57.0,52.5,154.3,22.1,71.7,93.9,25.1,31.1,33.2,2502.0,76.78,7.0,0.0,0.0,0.0,0.0,0.0,540.0,30.101591715571896,15.9427,35.2349,14.188300000000002,18.5612,0,0
98585.0,2.0,51.0,50.3,162.9,19.0,79.8,88.8,25.8,34.3,38.5,1341.0,57.99999999999999,9.5,0.0,0.0,0.0,0.0,0.0,60.0,25.480219635147495,13.0281,36.2707,14.3835,19.170099999999998,0,1
98589.0,2.0,21.0,144.0,165.2,52.8,134.9,143.8,45.2,39.5,37.9,801.0,43.870000000000005,6.0,0.0,1.0,0.0,1.0,1.0,120.0,50.84201737094456,73.8296,68.9512,31.4042,34.2097,0,0
98594.0,2.0,38.0,111.1,160.8,43.0,120.6,132.7,37.7,37.1,35.0,1529.0,74.32000000000001,7.5,0.0,0.0,0.0,0.0,1.0,720.0,49.139280655865036,55.0665,54.7615,22.8412,28.70930000000001,0,0
98595.0,2.0,50.0,71.2,157.7,28.6,87.1,109.0,29.7,35.5,36.8,1474.0,92.19999999999999,7.0,1.0,1.0,0.0,1.0,1.0,30.0,40.389847981413126,28.7692,40.5799,17.9761,19.668299999999995,0,0
98596.0,1.0,18.0,48.9,164.5,18.1,69.3,79.0,24.8,33.8,39.1,1407.0,95.85,10.0,0.0,0.0,0.0,0.0,0.0,240.0,20.984779282873372,10.349200000000002,36.896800000000006,15.670999999999998,18.1795,0,1
98606.0,1.0,47.0,80.1,168.9,28.1,85.1,93.0,38.9,38.5,42.6,3309.0,144.64000000000004,8.0,0.0,0.0,0.0,1.0,0.0,180.0,17.78019999040488,14.4167,63.6864,30.916900000000002,29.1936,0,0
98611.0,2.0,59.0,68.2,158.5,27.1,101.0,102.6,29.3,35.7,36.5,2313.0,138.01,8.0,1.0,1.0,0.0,0.0,0.0,180.0,40.93752553160175,28.0095,38.4862,17.053099999999997,18.753,0,0
98616.0,2.0,44.0,46.2,154.5,19.4,74.0,85.1,25.2,34.0,37.6,946.0,62.669999999999995,8.0,0.0,0.0,0.0,0.0,0.0,480.0,27.248034811296012,12.5939,31.9376,13.2113,16.1872,0,0
98618.0,1.0,18.0,72.8,173.4,24.2,85.1,96.2,31.0,38.0,41.5,4409.0,210.23,8.0,0.0,1.0,0.0,0.0,1.0,240.0,23.376479944056754,17.1022,53.513400000000004,23.770699999999998,26.6851,0,0
98627.0,1.0,53.0,65.3,164.2,24.2,92.2,90.5,31.5,33.9,38.9,4037.0,165.11,7.0,1.0,1.0,1.0,1.0,1.0,60.0,25.630284508653805,16.8807,46.8054,20.8842,22.6249,0,0
98631.0,2.0,43.0,69.1,163.3,25.9,81.9,109.2,31.2,37.0,39.4,1276.0,47.31,6.0,1.0,1.0,0.0,0.0,0.0,240.0,40.68989025532749,28.2789,38.707,15.7877,20.0824,0,0
98653.0,1.0,57.0,104.1,171.0,35.6,113.2,111.5,40.0,35.6,40.0,1833.0,70.75,5.0,1.0,1.0,0.0,1.0,0.0,900.0,27.598323045116015,29.053900000000002,73.6893,32.915800000000004,36.679300000000005,0,0
98656.0,1.0,54.0,110.5,187.3,31.5,117.0,107.7,35.2,44.8,45.8,2851.0,129.73999999999998,7.0,1.0,1.0,0.0,0.0,0.0,300.0,30.00487252387564,33.3639,74.43839999999999,32.9486,37.869699999999995,0,0
98657.0,1.0,55.0,82.6,177.0,26.4,94.4,103.1,31.6,41.8,44.7,1997.0,71.78999999999998,8.5,0.0,0.0,1.0,1.0,1.0,480.0,21.881701288333595,18.1673,62.392900000000004,29.5237,29.3063,0,0
98661.0,2.0,31.0,44.6,168.5,15.7,63.2,80.0,23.0,33.6,41.8,2797.0,88.01,4.0,0.0,0.0,0.0,0.0,1.0,540.0,19.459688739337658,8.826799999999999,34.3104,15.340300000000001,15.8656,0,1
98673.0,2.0,55.0,63.4,151.1,27.8,93.7,97.2,31.8,36.2,34.7,1420.0,60.53,7.5,0.0,1.0,1.0,0.0,1.0,240.0,42.54783563215297,27.1792,35.0415,14.6893,17.7408,0,0
98677.0,1.0,23.0,119.3,175.3,38.8,121.3,121.9,40.8,38.8,42.1,2865.0,81.55999999999999,6.0,1.0,0.0,0.0,0.0,0.0,180.0,38.36263561756918,45.8029,70.8885,30.134900000000002,36.965199999999996,1,0
98680.0,2.0,37.0,100.6,154.7,42.0,124.6,121.9,36.6,34.3,32.0,970.0,56.22,7.0,0.0,0.0,0.0,1.0,1.0,660.0,45.50060712894396,45.7495,52.5539,22.7073,26.71120000000001,0,0
98687.0,2.0,30.0,66.6,159.0,26.3,85.6,102.1,30.7,34.1,37.6,1597.0,56.28,8.0,1.0,1.0,1.0,1.0,1.0,300.0,40.53631004288983,27.179,37.588699999999996,15.890400000000001,18.863599999999998,0,0
98689.0,1.0,35.0,89.2,171.4,30.4,107.0,105.0,35.5,40.0,40.5,2834.0,110.88,5.5,1.0,1.0,0.0,0.0,1.0,60.0,30.074926166265957,27.0347,60.0129,25.4245,31.079,0,0
98692.0,1.0,25.0,76.0,178.4,23.9,81.8,98.3,31.6,37.4,44.4,1625.0,50.87,6.0,1.0,1.0,1.0,0.0,1.0,480.0,20.72853405508103,15.9116,57.805099999999996,28.161900000000003,26.0694,0,0
98693.0,2.0,56.0,77.6,159.0,30.7,101.9,111.7,34.2,35.7,37.1,1835.0,59.13999999999999,5.0,0.0,0.0,1.0,0.0,0.0,60.0,38.71720337317054,30.073700000000002,45.6428,19.453599999999998,23.1599,0,0
98694.0,2.0,54.0,92.0,159.7,36.1,113.7,123.7,36.4,36.0,36.2,1848.0,82.15,7.5,0.0,1.0,1.0,1.0,1.0,180.0,45.16367710910062,41.580400000000004,48.3399,19.6259,25.8813,0,0
98695.0,1.0,18.0,53.2,178.9,16.6,66.6,85.2,23.8,37.6,41.2,643.0,36.93,3.0,0.0,0.0,1.0,0.0,0.0,300.0,14.462733987926004,7.7922,43.1111,20.3918,19.6491,0,1
98697.0,1.0,18.0,56.7,173.8,18.8,70.3,89.1,26.4,37.0,42.0,1276.0,54.730000000000004,8.0,1.0,1.0,1.0,1.0,1.0,420.0,14.602909950042164,8.2959,46.3459,21.2368,22.3726,0,0
98698.0,2.0,27.0,52.5,159.2,20.7,73.6,87.8,27.4,34.4,37.6,2210.0,85.43,7.5,0.0,1.0,0.0,1.0,1.0,240.0,25.206824841953175,13.3429,37.8591,16.330000000000002,19.082099999999997,0,0
98708.0,1.0,43.0,55.6,170.9,19.0,80.0,87.1,27.5,36.8,38.4,2971.0,133.89000000000001,7.5,1.0,1.0,0.0,0.0,0.0,240.0,24.3379553598089,13.562899999999999,40.2989,17.8783,19.0307,0,1
98711.0,1.0,53.0,100.2,178.1,31.6,108.1,109.2,37.0,40.3,42.1,1097.0,64.56,8.0,1.0,1.0,0.0,0.0,1.0,240.0,27.060676413067398,27.3622,70.3656,32.6966,34.123400000000004,0,0
98713.0,2.0,59.0,80.3,170.6,27.6,103.6,107.1,35.0,39.2,38.8,2143.0,82.13999999999999,9.0,0.0,1.0,0.0,0.0,0.0,360.0,40.14347300421291,32.3995,46.2872,20.6854,22.519099999999998,0,0
98716.0,2.0,41.0,112.5,159.3,44.3,120.0,129.0,43.5,34.4,39.9,,,8.0,0.0,0.0,0.0,1.0,1.0,420.0,45.45163234679613,51.1335,58.564800000000005,27.3424,28.2179,0,0
98718.0,2.0,35.0,66.0,152.9,28.2,81.5,108.2,30.4,33.6,38.0,611.0,50.22,9.5,0.0,0.0,0.0,1.0,1.0,90.0,42.64966958217172,28.0693,36.0185,15.366400000000002,17.8788,0,0
98722.0,2.0,57.0,133.8,166.3,48.4,151.0,156.0,38.1,39.5,33.0,1866.0,93.44,8.0,0.0,1.0,0.0,0.0,0.0,720.0,42.85287741795513,56.0166,72.2035,30.5712,38.5785,0,0
98724.0,1.0,22.0,79.6,155.3,33.0,100.7,106.8,34.5,32.3,34.9,3039.0,119.30999999999999,10.0,1.0,0.0,1.0,1.0,1.0,60.0,32.01231380750987,25.5333,52.095800000000004,22.5,26.184900000000003,1,0
98728.0,1.0,41.0,93.8,177.7,29.7,114.2,108.6,35.6,39.0,42.5,,,7.0,0.0,0.0,0.0,0.0,1.0,540.0,30.70739334275869,28.8568,62.4103,28.9106,29.7729,0,0
98733.0,2.0,36.0,83.4,166.7,30.0,97.1,114.7,32.0,38.0,39.2,1947.0,60.300000000000004,7.0,0.0,1.0,0.0,1.0,1.0,180.0,45.132850244417256,37.9669,44.057,18.9535,22.2767,0,0
98740.0,1.0,31.0,87.5,182.5,26.3,96.3,103.0,33.0,42.7,45.0,1156.0,39.7,8.0,0.0,0.0,1.0,1.0,0.0,360.0,25.032344528499195,21.8983,62.6321,30.111099999999997,29.1191,0,0
98747.0,1.0,21.0,66.5,175.2,21.7,77.4,92.6,30.0,37.5,44.2,861.0,19.43,9.0,0.0,0.0,1.0,1.0,1.0,120.0,17.22185562398834,11.4886,52.529300000000006,25.5547,23.6642,0,0
98748.0,1.0,50.0,54.7,172.4,18.4,77.9,85.5,25.0,36.5,40.6,1295.0,51.839999999999996,10.0,0.0,0.0,1.0,0.0,1.0,360.0,17.774244943184936,9.7515,43.0342,19.034899999999997,21.2275,0,1
98751.0,1.0,42.0,54.3,160.4,21.1,75.2,90.3,27.1,34.0,36.3,2134.0,76.42,7.0,0.0,0.0,1.0,0.0,0.0,300.0,22.525196062227355,12.129299999999999,39.928,17.2495,19.4419,0,1
98757.0,1.0,41.0,78.0,169.4,27.2,91.9,103.1,34.0,39.4,42.6,1589.0,25.63,6.0,1.0,1.0,0.0,0.0,0.0,240.0,25.957126119554776,20.3801,55.4541,25.369600000000002,26.7796,0,0
98762.0,1.0,28.0,112.6,178.6,35.3,111.5,116.1,37.8,40.0,44.3,2806.0,108.26,8.0,1.0,1.0,0.0,0.0,0.0,360.0,32.54266506355991,36.683,72.9475,34.4255,35.1947,0,0
98770.0,2.0,46.0,146.2,167.1,52.4,138.1,147.3,48.7,40.2,35.7,582.0,11.31,7.5,0.0,0.0,0.0,0.0,0.0,600.0,47.22949957411749,68.6292,73.762,34.0313,36.167300000000004,0,0
98772.0,1.0,59.0,86.4,177.5,27.4,108.5,99.5,34.3,41.2,39.6,,,9.0,1.0,1.0,0.0,1.0,1.0,840.0,28.743319728918966,25.0359,59.6864,24.002200000000002,32.5666,0,0
98775.0,1.0,26.0,87.7,169.3,30.6,95.6,103.4,36.1,36.4,41.6,1303.0,75.72,7.5,0.0,1.0,0.0,1.0,1.0,540.0,35.29752570671889,31.1687,55.087,25.021900000000002,27.1015,0,0
98778.0,1.0,42.0,61.0,168.5,21.5,80.9,89.4,28.0,37.0,42.5,3172.0,106.05,8.0,0.0,1.0,1.0,1.0,0.0,360.0,25.871483104695415,15.8611,43.000800000000005,20.2422,19.6885,0,0
98780.0,1.0,45.0,125.3,181.3,38.1,121.2,121.9,43.1,39.6,43.5,2517.0,104.02,9.0,1.0,1.0,0.0,0.0,0.0,240.0,31.304532015939678,39.8145,84.3378,38.5875,41.155800000000006,0,0
98781.0,2.0,55.0,93.1,162.1,35.4,111.1,127.5,36.5,35.9,37.0,1473.0,34.17,9.0,0.0,0.0,0.0,0.0,0.0,300.0,46.44505622886586,42.776900000000005,47.156099999999995,17.8037,26.528599999999994,1,0
98783.0,2.0,40.0,126.3,169.1,44.2,131.3,133.2,50.2,37.7,36.2,1419.0,47.07999999999999,8.0,1.0,1.0,0.0,0.0,1.0,180.0,44.991063428173995,56.5373,66.3746,27.084400000000002,35.7474,0,0
98784.0,2.0,25.0,102.0,169.8,35.4,113.2,118.3,38.8,38.0,41.1,1320.0,36.61,8.0,1.0,0.0,0.0,0.0,1.0,480.0,41.68047306183757,42.831,57.143699999999995,24.656200000000002,29.234900000000003,0,0
98789.0,2.0,53.0,59.0,152.1,25.5,86.7,98.0,28.1,34.9,34.2,1399.0,71.45000000000002,9.0,0.0,0.0,0.0,0.0,0.0,360.0,36.39530514980411,21.6602,36.0079,14.354899999999999,18.8188,0,0
98790.0,1.0,44.0,106.0,175.9,34.3,109.8,113.3,38.3,38.2,42.8,1491.0,19.09,4.0,1.0,1.0,0.0,0.0,0.0,240.0,31.767687564358106,33.762800000000006,69.7847,31.7179,34.3198,0,0
98791.0,1.0,54.0,73.9,184.9,21.6,86.2,96.1,29.2,40.5,41.5,2189.0,94.08000000000001,8.0,0.0,0.0,0.0,1.0,1.0,600.0,21.50080663685671,16.0529,56.009800000000006,25.659299999999998,27.1293,0,0
98793.0,2.0,46.0,53.5,152.8,22.9,78.1,93.2,26.3,32.5,35.0,2768.0,149.68,5.0,0.0,0.0,0.0,0.0,0.0,540.0,34.71738695441258,18.8077,33.197300000000006,13.880099999999999,16.7155,0,0
98797.0,2.0,55.0,50.1,150.1,22.2,82.6,88.1,25.0,33.0,34.0,599.0,31.049999999999997,7.0,0.0,0.0,0.0,0.0,0.0,300.0,43.45110192372528,21.883599999999998,26.674400000000002,10.0299,14.4762,1,1
98799.0,2.0,32.0,125.9,170.2,43.5,116.5,138.5,40.1,36.6,39.8,678.0,25.580000000000002,8.0,0.0,1.0,1.0,1.0,1.0,600.0,46.940108516149046,59.511199999999995,65.1213,27.909699999999997,34.26490000000001,0,0
98804.0,2.0,39.0,75.0,154.6,31.4,100.0,102.7,34.0,36.0,35.5,2398.0,142.23000000000002,8.0,0.0,0.0,0.0,0.0,0.0,480.0,37.193652700743826,28.0345,45.291599999999995,19.422800000000002,22.6142,0,0
98810.0,2.0,55.0,91.0,154.6,38.1,124.7,129.6,38.4,36.2,33.1,1440.0,34.67,10.0,0.0,0.0,0.0,0.0,0.0,600.0,48.55999612913367,44.3591,45.2066,20.5898,21.9919,0,0
98812.0,2.0,31.0,60.7,160.9,23.4,86.8,99.0,27.6,38.0,38.0,871.0,59.97,11.5,0.0,0.0,0.0,0.0,0.0,120.0,40.301900782442836,24.6985,34.6398,14.7174,17.140400000000003,0,0
98817.0,2.0,21.0,52.8,163.3,19.8,73.0,91.1,23.2,37.2,41.0,1228.0,82.96999999999997,8.0,0.0,0.0,0.0,1.0,1.0,300.0,28.918494457716402,15.3771,35.887800000000006,14.7641,18.560599999999997,0,0
98822.0,1.0,39.0,84.7,173.5,28.1,99.0,105.2,37.8,38.5,46.3,,,7.0,0.0,0.0,0.0,1.0,1.0,300.0,27.438441968700932,23.354400000000002,59.3015,26.1118,29.8368,0,0
98823.0,2.0,51.0,71.9,145.4,34.0,110.4,113.0,32.2,32.5,29.1,1400.0,33.540000000000006,8.0,0.0,0.0,1.0,0.0,1.0,240.0,42.82362937863712,30.6618,39.246,14.9348,21.6625,1,0
98828.0,2.0,29.0,103.6,162.9,39.0,122.0,124.2,36.5,35.6,42.3,1243.0,33.66,6.5,1.0,1.0,1.0,1.0,1.0,240.0,44.756526985530485,46.69,55.3294,26.7648,25.6014,0,0
98829.0,1.0,18.0,89.4,181.3,27.2,92.0,106.4,33.5,40.6,45.1,3387.0,224.86,10.0,0.0,0.0,0.0,1.0,1.0,300.0,30.222717215873523,27.266599999999997,60.339400000000005,28.329900000000002,28.409200000000002,0,0
98832.0,2.0,48.0,79.5,171.9,26.9,89.9,101.8,32.0,39.4,39.3,3239.0,186.82000000000002,6.0,0.0,0.0,0.0,1.0,1.0,360.0,28.690991505302634,22.9222,54.238,25.8056,25.132799999999996,0,0
98839.0,2.0,32.0,66.1,152.0,28.6,85.3,102.8,31.7,34.6,39.6,3513.0,92.81,8.0,0.0,1.0,1.0,0.0,1.0,420.0,41.12048720032214,27.2867,37.042199999999994,16.2682,17.847900000000003,0,0
98843.0,1.0,56.0,60.3,163.3,22.6,86.7,92.7,27.8,37.0,40.1,3468.0,119.17999999999999,5.0,1.0,1.0,1.0,0.0,1.0,120.0,23.912646664747754,14.3973,44.228300000000004,18.280300000000004,23.1815,0,1
98845.0,2.0,50.0,77.3,161.0,29.8,86.0,103.2,35.2,34.5,35.0,783.0,47.53999999999999,4.0,0.0,0.0,1.0,1.0,0.0,120.0,40.25760383654715,31.754900000000003,44.8633,18.6938,23.2472,0,0
98846.0,2.0,47.0,83.3,169.2,29.1,97.2,115.2,33.1,38.1,40.9,1838.0,17.25,8.0,0.0,1.0,0.0,0.0,0.0,300.0,40.71063547578158,34.0999,47.4456,18.952,25.269099999999998,0,0
98851.0,2.0,23.0,55.7,160.4,21.6,71.5,94.0,26.9,34.2,38.8,1189.0,60.66,9.5,0.0,1.0,0.0,0.0,1.0,480.0,29.992963922201543,16.7142,36.981300000000005,15.702,18.2671,0,0
98857.0,1.0,58.0,67.0,165.9,24.3,93.2,94.4,28.7,36.2,37.6,2266.0,72.75999999999999,8.0,0.0,0.0,1.0,0.0,0.0,45.0,25.15641291076271,16.9257,48.2776,21.6951,23.130599999999998,0,0
98865.0,1.0,36.0,72.0,179.5,22.3,86.8,92.7,31.6,37.4,40.2,2563.0,93.0,8.0,0.0,0.0,1.0,0.0,1.0,720.0,19.496910412972657,14.0955,55.3909,24.706400000000002,27.185,0,0
98866.0,1.0,19.0,65.2,176.5,20.9,80.3,85.8,29.7,40.5,46.4,2100.0,183.42999999999998,7.0,0.0,0.0,1.0,1.0,1.0,300.0,19.85305513847564,12.9631,49.838,23.384,23.211599999999997,0,0
98868.0,1.0,20.0,67.7,169.9,23.5,76.2,93.3,30.8,40.2,44.1,4597.0,113.89,11.5,1.0,0.0,0.0,1.0,0.0,240.0,16.466571646978746,11.162600000000001,54.0389,26.1383,24.6197,0,0
98876.0,1.0,22.0,64.6,171.3,22.0,77.5,91.0,30.3,36.3,42.7,3754.0,109.82,5.0,1.0,1.0,0.0,1.0,1.0,120.0,17.174488375368142,11.1586,50.5689,23.6814,23.5928,0,0
98877.0,1.0,39.0,62.0,164.1,23.0,86.6,91.5,28.2,33.5,39.2,741.0,23.01,10.0,0.0,0.0,1.0,1.0,0.0,240.0,28.31687291099858,17.7082,42.7879,18.8757,21.1591,0,0
98883.0,2.0,18.0,59.1,158.6,23.5,76.0,98.6,28.0,36.2,38.2,1806.0,66.22999999999999,9.0,0.0,0.0,0.0,1.0,0.0,300.0,38.124679050887245,22.4508,34.7621,14.821200000000001,17.362099999999998,0,0
98891.0,2.0,53.0,63.1,148.1,28.8,92.5,97.8,31.6,33.8,34.0,,,6.5,0.0,0.0,1.0,0.0,0.0,120.0,36.516254404595756,23.1657,38.5905,16.599,19.2213,0,0
98892.0,1.0,55.0,70.8,177.5,22.5,83.9,94.8,29.8,41.4,42.7,2822.0,98.03999999999999,5.0,1.0,1.0,0.0,0.0,1.0,240.0,15.99810518606918,11.3813,57.1364,26.138300000000005,27.7645,0,0
98895.0,1.0,38.0,102.0,176.0,32.9,108.0,108.1,38.6,41.3,42.9,2385.0,62.6,8.5,1.0,1.0,0.0,1.0,1.0,60.0,29.910553411234904,31.067700000000002,69.6129,33.509899999999995,32.4143,0,0
98900.0,1.0,36.0,82.3,175.7,26.7,94.4,100.5,36.2,39.0,43.2,2312.0,40.27,10.0,0.0,1.0,0.0,1.0,0.0,180.0,26.5308413401485,21.9088,58.2316,28.138300000000005,26.936,0,0
98902.0,2.0,56.0,51.5,165.2,18.9,74.4,101.4,24.3,35.9,41.2,2108.0,77.12999999999998,8.0,0.0,0.0,1.0,0.0,1.0,360.0,40.65681975706513,20.982200000000002,29.0792,12.299299999999999,14.4079,0,1
98904.0,2.0,51.0,47.5,157.8,19.1,71.2,87.0,25.7,33.5,34.1,1039.0,39.73,7.5,0.0,0.0,0.0,0.0,1.0,300.0,30.74019999847206,14.8879,31.483400000000003,11.5844,17.359900000000003,0,1
98906.0,1.0,33.0,70.4,171.9,23.8,83.5,98.7,30.8,37.2,40.6,2063.0,79.98,10.0,0.0,0.0,0.0,0.0,0.0,60.0,25.065932926255712,17.6676,50.6952,22.569899999999997,25.2685,0,0
98910.0,1.0,22.0,69.5,179.4,21.6,73.0,94.3,30.8,40.1,44.4,1800.0,68.18,10.0,0.0,1.0,1.0,0.0,1.0,240.0,14.835271819756132,10.3391,56.5787,28.3188,24.6875,0,0
98912.0,1.0,37.0,54.9,156.9,22.3,77.7,85.9,28.8,35.2,38.7,1965.0,64.44,9.5,0.0,0.0,0.0,0.0,0.0,240.0,18.810216820872583,10.380799999999999,42.859,20.0447,20.0839,0,0
98917.0,2.0,56.0,74.9,161.0,28.9,96.2,112.4,33.0,36.1,38.1,1589.0,67.91000000000001,7.5,0.0,0.0,0.0,0.0,1.0,180.0,45.94726748966578,34.4108,38.7293,17.3293,18.4984,0,0
98918.0,1.0,24.0,54.4,166.7,19.6,77.3,87.5,24.5,37.2,41.5,1674.0,57.38999999999999,8.0,0.0,0.0,0.0,0.0,0.0,300.0,20.016466465563713,10.9865,41.7993,19.041,19.3347,0,1
98921.0,2.0,26.0,104.8,164.0,39.0,103.9,123.3,43.4,35.5,36.5,1496.0,105.24000000000001,7.0,0.0,0.0,0.0,0.0,1.0,330.0,41.4441809097034,43.7365,59.1779,25.5565,30.073900000000002,0,0
98923.0,2.0,48.0,104.7,159.8,41.0,120.0,126.2,36.7,37.2,35.6,1897.0,48.87,7.0,0.0,0.0,1.0,0.0,0.0,780.0,40.34339320096639,42.1074,59.7806,25.525,30.677400000000002,0,0
98926.0,2.0,48.0,50.9,152.6,21.9,75.3,86.4,26.7,33.8,34.0,2326.0,90.38000000000002,7.0,0.0,0.0,0.0,0.0,1.0,300.0,31.360382170628874,15.9837,33.1615,13.832,16.749200000000002,0,0
98927.0,2.0,18.0,63.5,152.6,27.3,72.4,101.8,29.0,34.0,40.2,1922.0,81.96,9.0,0.0,1.0,0.0,0.0,1.0,480.0,40.85749673042283,25.832900000000002,35.5636,16.4606,16.211299999999998,0,0
98932.0,1.0,45.0,88.1,158.4,35.1,107.2,108.0,35.4,34.0,37.2,2182.0,69.32000000000002,7.0,0.0,0.0,0.0,0.0,1.0,30.0,27.716595270748,24.363400000000002,61.14,25.4573,32.2142,1,0
98933.0,2.0,46.0,52.9,163.7,19.7,74.0,89.4,26.2,34.0,40.0,2161.0,68.78,8.0,0.0,0.0,0.0,1.0,1.0,480.0,27.79181500674483,14.64,35.952400000000004,14.1022,19.0384,0,1
98935.0,1.0,25.0,110.3,171.7,37.4,109.5,120.7,42.9,38.6,46.7,3646.0,149.88,6.0,0.0,1.0,0.0,1.0,0.0,540.0,29.72301640839965,32.786,74.45639999999999,38.4267,32.1886,0,0
98936.0,1.0,27.0,61.9,177.7,19.6,80.1,89.0,27.2,40.0,44.0,2741.0,99.48,6.0,1.0,1.0,0.0,0.0,0.0,120.0,19.723910989611916,12.3319,47.7556,20.7516,23.8041,0,1
98941.0,2.0,59.0,50.2,146.0,23.6,87.8,90.0,27.3,33.2,30.4,1649.0,77.38000000000001,5.0,0.0,0.0,1.0,0.0,0.0,180.0,39.75579758334792,19.931099999999997,28.738,11.2194,14.8135,1,1
98944.0,1.0,27.0,119.9,178.6,37.6,116.9,116.4,45.0,39.0,44.6,3844.0,120.38999999999999,8.0,1.0,1.0,0.0,1.0,1.0,120.0,31.223981340719025,37.3069,79.0839,36.6607,38.1036,0,0
98947.0,1.0,48.0,63.2,164.3,23.4,82.5,93.1,29.7,37.2,38.9,2323.0,88.73,9.0,0.0,0.0,0.0,0.0,1.0,240.0,23.18056973583929,14.8304,46.9426,21.9458,21.9508,0,0
98948.0,1.0,33.0,115.6,181.9,34.9,123.1,116.8,37.1,40.1,44.6,2749.0,114.25,5.0,1.0,1.0,0.0,0.0,1.0,720.0,33.41672748602424,38.6029,74.0006,32.6779,37.327,0,0
98951.0,2.0,52.0,88.8,161.4,34.1,121.8,117.1,31.6,33.6,31.0,1787.0,52.42,10.0,0.0,0.0,0.0,0.0,0.0,180.0,36.59263334279547,32.4335,53.982699999999994,22.210800000000003,29.119799999999994,0,0
98955.0,1.0,21.0,91.7,169.2,32.0,107.7,111.0,36.0,39.0,39.7,2447.0,120.51999999999998,10.0,0.0,1.0,0.0,0.0,0.0,420.0,34.430092281163475,31.9228,58.3158,26.608399999999996,28.2725,0,0
98958.0,2.0,23.0,39.8,149.0,17.9,72.4,84.9,23.5,32.5,35.7,970.0,39.43,9.0,0.0,1.0,0.0,0.0,0.0,480.0,34.50543091680603,13.7865,24.7554,8.9147,13.7436,1,1
98960.0,1.0,35.0,118.4,180.5,36.3,117.4,116.1,41.0,37.5,41.4,1707.0,69.87,7.0,1.0,1.0,0.0,0.0,0.0,480.0,36.79373391390067,44.1406,72.8532,30.780099999999997,38.273,0,0
98968.0,1.0,33.0,119.1,182.0,36.0,115.3,117.7,41.0,41.5,42.1,2886.0,165.32,7.5,0.0,1.0,0.0,0.0,0.0,240.0,32.21082488645916,38.5405,78.02189999999999,34.182199999999995,40.0003,0,0
98976.0,2.0,57.0,59.3,156.0,24.4,84.2,97.0,27.3,35.5,37.5,2716.0,104.95,9.0,0.0,0.0,1.0,0.0,0.0,300.0,36.32256106650054,21.7359,36.4611,16.3629,17.1743,0,0
98980.0,1.0,54.0,83.7,162.8,31.6,107.8,103.3,33.6,34.7,37.1,3082.0,96.25999999999999,8.0,1.0,1.0,1.0,0.0,0.0,180.0,29.40503556499832,24.689400000000003,56.9161,24.081,29.585900000000002,1,0
98981.0,1.0,31.0,46.9,174.2,15.5,67.2,80.1,22.8,38.2,40.3,951.0,19.62,7.0,1.0,1.0,0.0,1.0,1.0,180.0,15.474085664742393,7.2765,37.7285,17.0265,17.7584,0,1
98985.0,2.0,31.0,51.3,165.1,18.8,72.3,85.5,23.5,35.0,41.0,1266.0,36.07,8.5,0.0,0.0,0.0,0.0,1.0,240.0,24.840736891212064,12.8007,36.624,15.858799999999999,17.9647,0,0
98988.0,2.0,59.0,92.8,157.5,37.4,114.0,127.4,37.4,33.0,31.3,889.0,62.14000000000001,5.0,0.0,0.0,1.0,0.0,0.0,60.0,47.169392413272064,44.296800000000005,47.288199999999996,19.8063,24.6618,0,0
98992.0,1.0,56.0,127.6,173.0,42.6,123.8,118.9,48.1,38.8,39.0,2193.0,153.85,4.5,1.0,1.0,0.0,1.0,1.0,20.0,38.3306364894563,48.796099999999996,75.36789999999999,31.880800000000004,39.83169999999999,1,0
98994.0,1.0,30.0,116.8,185.0,34.1,119.3,111.5,40.8,41.5,45.6,1593.0,94.85,6.5,1.0,1.0,0.0,0.0,0.0,720.0,34.854130753817856,40.7497,72.70410000000001,33.1306,35.9523,0,0
99001.0,1.0,37.0,78.4,166.1,28.4,100.0,99.7,34.2,34.7,41.0,1799.0,48.88999999999999,7.5,1.0,1.0,0.0,0.0,0.0,180.0,32.60783202276697,25.691,50.7275,21.640199999999997,25.9986,1,0
99005.0,2.0,26.0,108.1,168.1,38.3,115.3,127.0,39.2,38.2,44.2,1306.0,80.87,10.0,1.0,1.0,0.0,1.0,1.0,360.0,42.11885655570633,45.2541,59.739599999999996,28.7185,27.9095,0,0
99012.0,2.0,51.0,58.5,147.9,26.7,83.0,94.8,29.1,32.1,32.2,,,9.0,1.0,1.0,0.0,0.0,1.0,90.0,38.91425542204342,22.925099999999997,34.161,13.6202,18.1048,1,0
99013.0,2.0,19.0,52.8,159.2,20.8,76.6,88.2,26.2,35.5,39.5,2364.0,80.62,7.0,1.0,1.0,0.0,1.0,1.0,270.0,31.467884872929602,16.454900000000002,34.1267,14.939,16.3298,0,0
99015.0,1.0,18.0,74.0,170.1,25.6,89.4,99.0,30.5,39.0,42.5,,,8.0,1.0,0.0,0.0,1.0,1.0,240.0,23.183170969514073,17.1459,54.2303,25.9842,24.9813,0,0
99016.0,1.0,36.0,70.1,175.1,22.9,84.6,91.4,29.4,38.1,40.5,1613.0,58.2,6.0,1.0,1.0,0.0,1.0,1.0,240.0,23.496643560173382,16.517599999999998,51.224199999999996,22.7966,25.4019,0,0
99023.0,1.0,32.0,77.1,180.0,23.8,83.7,99.4,32.1,36.5,43.0,4232.0,190.74999999999997,8.0,0.0,1.0,1.0,0.0,0.0,420.0,23.961528894784845,18.4671,55.8377,24.696099999999998,28.026,0,0
99025.0,2.0,45.0,56.0,159.5,22.0,79.0,96.1,27.9,34.7,34.1,1075.0,23.830000000000002,9.0,0.0,0.0,0.0,0.0,0.0,60.0,34.8968692380412,19.5755,34.3861,13.2679,18.3759,0,1
99028.0,2.0,42.0,84.6,155.2,35.1,98.3,114.8,37.8,35.4,37.8,1941.0,68.95,8.0,0.0,0.0,1.0,0.0,0.0,1080.0,45.87635344075306,38.8767,43.5773,18.9748,21.6614,0,0
99029.0,1.0,46.0,76.6,179.1,23.9,94.5,102.8,33.5,38.7,45.4,,,10.0,0.0,0.0,0.0,1.0,1.0,60.0,27.32389466149806,21.0798,54.045300000000005,24.9377,26.1032,0,0
99033.0,1.0,56.0,75.7,163.8,28.2,97.4,95.0,34.6,38.0,39.3,3220.0,111.43,8.0,0.0,1.0,0.0,0.0,1.0,30.0,25.898934459505767,19.6489,53.856199999999994,24.129199999999997,26.4139,0,0
99036.0,1.0,44.0,94.3,168.8,33.1,105.9,104.0,37.8,39.3,38.9,6233.0,160.07000000000002,7.0,1.0,1.0,0.0,0.0,0.0,120.0,26.456658813249312,24.8517,66.4813,30.6315,32.595,0,0
99043.0,1.0,18.0,73.5,177.3,23.4,82.0,97.3,29.9,42.4,44.7,3528.0,87.33999999999999,8.0,0.0,0.0,0.0,0.0,0.0,480.0,22.230094897828305,16.3963,54.4351,25.3745,25.4667,0,0
99062.0,2.0,29.0,57.0,144.8,27.2,90.2,97.0,29.7,29.8,35.7,360.0,8.34,8.0,0.0,0.0,0.0,1.0,1.0,180.0,38.89502858433682,22.3837,33.3769,13.104,17.3932,1,0
99066.0,1.0,19.0,81.0,173.7,26.8,89.7,105.2,32.5,38.0,44.4,3221.0,126.27999999999997,8.0,1.0,0.0,0.0,0.0,0.0,300.0,27.094978601427567,22.1225,57.037099999999995,27.2231,26.579900000000002,0,0
99067.0,1.0,39.0,66.1,174.0,21.8,78.2,91.8,28.5,38.4,40.9,3010.0,124.29999999999998,8.0,0.0,1.0,0.0,0.0,0.0,540.0,16.961204085401,11.325899999999999,53.0215,24.21,26.076,0,0
99089.0,2.0,25.0,61.4,158.2,24.5,76.1,94.2,30.2,33.6,37.9,1116.0,46.309999999999995,8.0,0.0,0.0,1.0,1.0,1.0,540.0,30.02737238391023,18.5458,41.086800000000004,19.036,18.8612,0,0
99095.0,2.0,47.0,45.8,152.9,19.6,71.3,87.0,24.3,31.2,34.2,1882.0,96.9,7.5,0.0,0.0,1.0,1.0,1.0,120.0,31.824425719702816,14.635,29.560599999999997,12.1991,14.847100000000001,0,1
99099.0,2.0,45.0,91.4,156.3,37.4,111.0,118.7,42.9,36.0,32.0,1551.0,55.690000000000005,8.0,0.0,0.0,0.0,0.0,0.0,,42.08361181565842,38.7491,51.383300000000006,20.5025,27.968400000000003,0,0
99102.0,1.0,50.0,81.3,166.0,29.5,96.8,100.8,34.5,36.8,40.9,2873.0,110.46999999999998,7.5,0.0,0.0,0.0,0.0,0.0,180.0,29.82154393749162,24.4647,54.9165,25.0965,26.5398,0,0
99103.0,1.0,39.0,83.2,174.8,27.2,89.3,99.4,36.3,39.5,39.0,2586.0,90.11999999999999,7.0,0.0,1.0,0.0,1.0,1.0,300.0,23.728114130755174,19.8835,60.782599999999995,28.701699999999995,28.4253,0,0
99108.0,1.0,51.0,84.5,180.8,25.8,97.0,98.8,32.7,39.0,42.0,3300.0,120.58000000000001,6.0,0.0,1.0,0.0,0.0,0.0,300.0,23.794125097984185,20.1281,61.6706,27.080200000000005,31.045099999999998,0,0
99110.0,2.0,20.0,43.2,146.6,20.1,70.5,83.5,24.2,31.0,34.7,2418.0,116.32999999999998,7.5,1.0,1.0,1.0,1.0,1.0,360.0,30.820939197524932,13.460700000000001,28.521,12.742700000000001,13.4054,0,0
99114.0,1.0,41.0,75.9,167.8,27.0,90.6,96.2,30.2,37.0,39.2,1950.0,73.33000000000001,8.0,0.0,1.0,0.0,0.0,1.0,180.0,24.81761419479219,18.9181,54.548300000000005,23.312,27.7603,0,0
99116.0,2.0,53.0,52.4,160.8,20.3,82.4,89.2,25.3,34.8,37.7,2786.0,165.78,8.0,0.0,0.0,0.0,1.0,0.0,360.0,35.852350702558944,18.9481,32.204,13.0963,16.2081,0,1
99121.0,2.0,20.0,82.7,158.1,33.1,99.9,112.0,33.8,35.2,36.5,566.0,26.42,6.5,0.0,0.0,0.0,0.0,0.0,90.0,41.67647913357537,34.527,46.215,19.7781,23.4782,0,0
99123.0,1.0,29.0,43.7,157.0,17.7,65.3,80.8,24.1,34.3,36.9,1267.0,51.07,8.5,0.0,0.0,1.0,1.0,1.0,420.0,21.864754795748205,9.637,32.9017,15.077300000000001,15.2696,0,1
99128.0,1.0,36.0,80.8,179.6,25.0,84.5,96.2,36.5,41.4,46.0,1461.0,43.32,6.0,0.0,0.0,0.0,1.0,1.0,300.0,20.053492863704818,16.3126,62.5388,31.064700000000002,28.5989,0,0
99136.0,1.0,40.0,80.3,173.6,26.6,98.6,102.4,34.3,37.8,42.2,2838.0,109.39,6.0,0.0,0.0,1.0,0.0,1.0,300.0,32.8919418085572,26.6638,52.0547,23.8138,24.9422,0,0
99138.0,1.0,31.0,73.4,175.6,23.8,83.4,94.3,30.4,40.0,43.0,4637.0,89.31000000000002,8.0,0.0,0.0,1.0,1.0,1.0,240.0,20.837095351709394,15.5202,56.019,26.165599999999998,26.5043,0,0
99151.0,2.0,22.0,69.2,162.2,26.3,83.1,104.3,30.0,36.6,40.0,1895.0,74.51,9.5,0.0,1.0,1.0,1.0,1.0,600.0,36.25499493353479,25.0885,42.0103,18.2623,20.9132,0,0
99153.0,2.0,53.0,61.8,165.3,22.6,93.3,99.2,26.5,37.0,33.0,1375.0,43.53,7.0,0.0,0.0,0.0,0.0,0.0,480.0,35.86152634197044,22.2333,38.0251,15.0337,20.4242,0,0
99154.0,1.0,24.0,94.6,175.1,30.9,105.7,106.7,36.7,38.0,41.4,1313.0,28.369999999999997,9.0,1.0,1.0,1.0,0.0,0.0,360.0,30.03327926875053,28.4068,63.4056,27.338900000000002,32.5941,0,0
99155.0,1.0,28.0,79.0,182.1,23.8,83.6,93.6,35.6,38.3,41.7,2741.0,41.99,7.0,0.0,0.0,0.0,1.0,0.0,120.0,20.403890847527563,16.14,59.683800000000005,28.7053,27.538700000000002,0,0
99159.0,2.0,57.0,60.7,154.2,25.5,84.6,102.7,28.1,34.5,35.2,1074.0,48.6,7.5,0.0,0.0,0.0,0.0,0.0,840.0,43.09643389146201,26.4722,33.2524,13.651099999999998,17.1895,0,0
99167.0,2.0,50.0,79.1,160.4,30.7,85.8,102.8,32.7,33.7,39.6,1465.0,55.07,4.0,0.0,0.0,0.0,0.0,1.0,360.0,41.938324732585706,33.4681,44.1813,19.3425,21.7999,0,0
99168.0,2.0,40.0,53.5,152.7,22.9,76.6,95.8,26.4,32.8,35.6,1485.0,33.95,8.0,0.0,0.0,1.0,1.0,1.0,180.0,41.05400974186954,22.025,30.0917,12.2981,15.4393,0,1
99171.0,1.0,37.0,84.2,172.3,28.4,97.5,100.2,35.2,38.0,40.6,1323.0,44.91,5.5,1.0,1.0,1.0,0.0,0.0,120.0,28.104994193674603,23.860799999999998,58.282,26.931900000000002,27.7423,0,0
99173.0,1.0,18.0,59.1,169.4,20.6,72.2,89.9,28.4,35.2,37.3,2406.0,103.74999999999999,8.0,0.0,0.0,0.0,1.0,0.0,240.0,17.767496421679414,10.6084,46.6469,21.7502,21.8607,0,0
99181.0,1.0,29.0,74.4,176.3,23.9,92.2,99.8,31.0,41.0,41.0,2350.0,82.33000000000001,9.0,0.0,0.0,0.0,0.0,0.0,60.0,28.864393348356636,21.6288,50.787699999999994,23.862299999999998,23.9555,0,0
99182.0,2.0,34.0,79.7,167.7,28.3,99.0,107.4,34.1,36.0,41.1,2109.0,99.96000000000001,6.0,0.0,0.0,0.0,0.0,0.0,300.0,41.066016111311335,32.9628,44.7759,19.9411,21.5995,0,0
99186.0,1.0,26.0,91.8,169.7,31.9,106.2,105.5,38.5,40.4,40.2,3486.0,106.74,7.0,1.0,1.0,0.0,0.0,0.0,240.0,30.265292317302837,27.8872,61.6871,28.2548,29.9143,0,0
99187.0,1.0,42.0,102.9,167.3,36.8,121.2,118.5,40.1,38.5,39.5,2311.0,105.15,8.0,0.0,0.0,1.0,0.0,1.0,360.0,38.01154234317334,39.4456,61.9242,27.7925,30.9378,1,0
99190.0,2.0,53.0,63.5,154.5,26.6,87.0,103.0,32.9,34.0,36.0,1277.0,31.179999999999996,8.0,0.0,0.0,0.0,0.0,0.0,240.0,37.61486420612326,24.1908,38.3885,16.0578,19.623900000000003,0,0
99193.0,2.0,44.0,84.5,150.5,37.3,106.7,121.6,36.6,35.5,34.0,911.0,29.3,7.0,1.0,0.0,0.0,1.0,1.0,120.0,46.427262254029515,39.376599999999996,43.3934,17.842599999999997,22.698400000000003,1,0
99194.0,2.0,30.0,75.9,154.5,31.8,98.7,107.7,32.7,35.4,37.6,4485.0,225.92000000000002,5.0,1.0,1.0,0.0,0.0,0.0,360.0,37.863250028533216,28.9947,45.4048,21.9851,20.472,0,0
99197.0,2.0,28.0,54.0,154.7,22.6,81.8,94.7,25.2,34.2,37.6,2166.0,77.13000000000001,7.0,0.0,1.0,0.0,0.0,0.0,360.0,32.50347108328423,17.6185,34.895199999999996,14.744399999999999,17.4148,0,0
99198.0,2.0,22.0,76.2,162.5,28.9,100.4,103.7,32.9,35.7,40.9,2221.0,93.26,5.0,0.0,0.0,1.0,0.0,0.0,120.0,44.31971814425437,33.8864,40.5039,16.2987,21.0018,0,0
99201.0,2.0,18.0,66.0,162.3,25.1,77.3,100.4,32.6,35.0,37.2,941.0,23.89,7.5,0.0,0.0,0.0,0.0,1.0,480.0,32.670309926635724,21.8205,42.7972,18.0195,22.1253,0,0
99207.0,2.0,24.0,66.7,150.2,29.6,86.8,103.5,31.4,35.8,37.9,520.0,17.57,11.0,0.0,0.0,0.0,0.0,0.0,480.0,37.65622142970761,25.3307,40.048300000000005,18.796400000000002,18.0686,0,0
99208.0,1.0,41.0,89.6,175.5,29.1,99.1,103.3,34.4,39.9,41.6,,,7.0,0.0,0.0,0.0,1.0,1.0,480.0,28.815339470385698,26.0145,61.6358,29.802300000000002,28.449099999999998,0,0
99212.0,1.0,33.0,76.9,174.9,25.1,88.2,97.1,33.0,37.0,42.6,2039.0,73.36999999999999,3.0,1.0,1.0,1.0,0.0,0.0,120.0,17.31931650093236,13.3421,60.8882,29.601200000000002,27.9312,0,0
99221.0,1.0,19.0,72.1,174.8,23.6,84.2,97.1,29.9,38.7,42.0,2081.0,107.28,8.0,0.0,0.0,1.0,1.0,1.0,480.0,21.812662145568098,15.7756,54.1216,26.416400000000003,24.5789,0,0
99224.0,2.0,46.0,94.0,161.8,35.9,94.4,129.3,35.4,41.0,43.7,1033.0,55.17,8.0,0.0,0.0,1.0,0.0,1.0,120.0,45.57459853550837,43.038599999999995,48.6252,24.5665,21.1234,0,0
99227.0,1.0,52.0,79.8,160.7,30.9,113.5,104.6,33.9,35.5,35.2,2755.0,78.36,8.0,1.0,0.0,0.0,0.0,0.0,180.0,34.74319508813528,27.9283,50.5177,21.0145,26.1941,1,0
99232.0,1.0,30.0,117.8,176.3,37.9,124.6,123.7,42.0,38.5,47.0,3160.0,144.66000000000003,8.0,0.0,0.0,0.0,0.0,0.0,180.0,36.93598197342652,43.779199999999996,72.0231,30.904199999999996,37.6529,0,0
99233.0,2.0,20.0,49.6,154.6,20.8,81.0,87.3,25.2,32.0,36.5,3647.0,150.25,9.0,1.0,1.0,0.0,0.0,0.0,240.0,32.288962847267584,16.1167,32.0875,13.269599999999999,16.278299999999998,0,0
99237.0,2.0,44.0,57.9,150.3,25.6,88.6,97.0,31.1,36.0,36.5,1188.0,76.48,7.5,1.0,1.0,0.0,0.0,0.0,300.0,41.744135612324676,24.1764,31.936700000000002,13.6098,15.6652,0,0
99242.0,2.0,46.0,69.4,160.4,27.0,83.3,105.8,32.8,36.2,37.4,598.0,26.1,7.0,0.0,0.0,0.0,0.0,1.0,60.0,37.34278028943896,26.0954,41.6163,17.304599999999997,21.526200000000003,0,0
99246.0,2.0,39.0,75.3,155.0,31.3,103.0,111.4,31.6,34.2,42.2,1263.0,34.17,7.0,0.0,0.0,0.0,0.0,0.0,600.0,40.764003307329475,30.374599999999997,42.2228,18.9392,20.576600000000006,0,0
99247.0,1.0,23.0,100.8,174.8,33.0,117.5,115.7,38.2,41.0,43.0,1756.0,49.76,10.0,0.0,0.0,0.0,0.0,0.0,120.0,35.071143718731214,35.490300000000005,62.8737,28.8446,30.7419,0,0
99249.0,2.0,18.0,69.0,152.7,29.6,96.4,102.7,32.2,35.7,38.3,1433.0,83.75,6.0,0.0,0.0,1.0,0.0,0.0,600.0,45.975498981312526,31.6895,35.556599999999996,16.0215,16.9917,0,0
99251.0,1.0,45.0,89.6,175.0,29.3,103.9,107.2,33.4,37.0,41.5,2462.0,88.84,8.0,0.0,1.0,0.0,1.0,0.0,360.0,26.107461996495367,23.6936,64.2581,29.9611,31.032700000000002,0,0
99257.0,2.0,49.0,78.9,155.0,32.8,120.0,115.9,32.2,32.5,33.0,2502.0,78.78,6.0,0.0,0.0,0.0,0.0,1.0,120.0,45.323150593491874,35.8642,41.314800000000005,15.964099999999998,22.613100000000006,1,0
99260.0,2.0,48.0,100.3,159.2,39.6,128.5,129.9,40.5,35.2,36.0,2872.0,110.18,7.5,0.0,1.0,0.0,0.0,0.0,360.0,46.62043312164192,46.5335,51.1851,20.5183,27.165599999999998,0,0
99263.0,2.0,50.0,55.4,156.0,22.8,81.7,92.5,26.5,35.4,32.8,1607.0,36.39,8.0,1.0,1.0,0.0,0.0,0.0,480.0,35.874560247355156,19.8451,33.534099999999995,13.1531,17.8738,0,1
99271.0,2.0,56.0,42.3,152.9,18.1,65.0,82.2,23.8,31.0,34.0,1382.0,63.81000000000001,7.5,0.0,0.0,0.0,0.0,1.0,120.0,30.256804988697105,12.9482,28.4385,10.8545,15.0618,0,1
99275.0,2.0,18.0,71.8,162.4,27.2,94.8,103.8,30.2,38.9,41.9,966.0,42.66,6.5,0.0,1.0,0.0,0.0,0.0,540.0,37.17736612699351,26.8737,43.1562,18.7245,21.529400000000003,0,0
99284.0,1.0,37.0,54.0,171.3,18.4,69.6,85.0,26.7,36.3,39.8,2055.0,58.540000000000006,2.0,0.0,0.0,0.0,0.0,0.0,720.0,21.736382022380532,11.7599,40.2782,17.9969,19.4682,0,1
99291.0,1.0,42.0,83.5,163.6,31.2,107.2,101.9,36.4,34.2,41.2,3487.0,99.01999999999998,8.0,1.0,1.0,1.0,1.0,1.0,480.0,25.223177566903495,21.2825,60.419599999999996,26.640900000000002,30.2033,0,0
99297.0,1.0,32.0,86.3,168.0,30.6,109.7,107.3,32.5,36.8,41.2,124.0,1.6400000000000001,14.0,0.0,0.0,0.0,0.0,0.0,480.0,36.58877096401689,31.384,52.288199999999996,21.1455,28.2499,1,0
99298.0,2.0,59.0,54.5,162.8,20.6,89.6,89.2,23.2,35.5,37.7,1431.0,62.43,8.0,0.0,0.0,0.0,0.0,0.0,480.0,38.56695358316464,21.0903,32.0599,11.866700000000002,17.309900000000003,0,1
99300.0,2.0,44.0,70.1,159.3,27.6,87.5,101.5,30.2,33.8,36.8,,,4.0,0.0,0.0,0.0,0.0,0.0,240.0,33.57227364664027,23.4985,44.2614,19.7043,21.609,0,0
99304.0,1.0,29.0,101.7,173.5,33.8,107.6,114.9,36.1,39.1,40.6,2807.0,135.56,7.0,1.0,1.0,1.0,1.0,1.0,300.0,30.503427361903046,30.9679,68.3365,32.438,32.6673,0,0
99305.0,1.0,50.0,93.3,171.6,31.7,105.0,103.2,34.2,37.5,43.7,2583.0,59.52,7.0,0.0,1.0,1.0,0.0,0.0,180.0,27.157401515774314,25.535700000000002,65.7824,29.188899999999997,33.1767,0,0
99308.0,1.0,26.0,77.9,186.0,22.5,79.4,93.6,29.9,38.4,46.2,1683.0,42.980000000000004,6.0,1.0,1.0,1.0,0.0,0.0,120.0,17.205268049503506,13.5953,62.6142,30.725199999999997,28.5705,0,0
99315.0,1.0,22.0,65.7,177.5,20.9,78.6,92.7,31.2,38.2,42.6,1094.0,66.85,7.5,0.0,1.0,0.0,1.0,1.0,240.0,20.229413939928932,13.3536,50.4952,24.580299999999998,22.752200000000002,0,0
99316.0,1.0,47.0,81.1,171.5,27.6,96.7,102.0,33.4,39.0,39.4,2390.0,114.58000000000001,8.0,1.0,1.0,0.0,0.0,0.0,180.0,31.661410889391377,25.804299999999998,53.2819,24.105700000000002,25.9681,0,0
99318.0,2.0,28.0,64.5,173.6,21.4,76.0,91.9,28.2,38.0,40.2,1497.0,43.27,10.0,0.0,0.0,0.0,0.0,0.0,360.0,23.234409440226482,15.0959,47.437400000000004,21.6127,22.7937,0,0
99320.0,2.0,30.0,53.6,160.1,20.9,73.7,91.3,26.5,34.0,38.3,845.0,56.09999999999999,7.0,0.0,0.0,0.0,0.0,1.0,480.0,31.040216102488216,16.712400000000002,35.034699999999994,15.0602,17.2186,0,0
99321.0,1.0,45.0,77.4,174.4,25.4,90.4,99.5,32.2,37.0,41.9,1972.0,102.24000000000001,6.0,0.0,0.0,1.0,1.0,0.0,600.0,29.04511999610733,22.9217,53.538199999999996,24.160800000000002,25.6844,0,0
99322.0,2.0,35.0,74.9,155.1,31.1,98.6,107.3,31.7,33.9,36.3,1979.0,96.60000000000001,8.0,0.0,0.0,0.0,0.0,0.0,660.0,41.37778365733302,31.1217,42.2804,19.3236,19.958,0,0
99330.0,1.0,35.0,85.0,178.8,26.6,92.1,102.5,31.0,40.0,44.3,4810.0,134.03000000000003,7.0,0.0,0.0,0.0,1.0,1.0,720.0,25.332821856130234,21.7134,61.2588,27.946399999999997,29.9011,0,0
99335.0,1.0,46.0,73.0,174.4,24.0,85.5,95.4,31.0,38.5,43.6,2245.0,149.27000000000004,7.5,1.0,0.0,0.0,0.0,0.0,60.0,20.095310457531948,14.7289,55.6147,25.7714,26.257900000000003,0,0
99338.0,2.0,37.0,70.0,162.6,26.5,90.2,106.0,29.4,34.3,37.9,2088.0,52.739999999999995,9.0,0.0,1.0,0.0,0.0,0.0,300.0,39.645480626001515,28.249299999999998,41.2609,16.9659,21.5841,0,0
99340.0,2.0,52.0,51.5,161.5,19.7,70.5,86.3,24.9,35.8,37.9,417.0,10.030000000000001,7.5,0.0,1.0,0.0,0.0,0.0,120.0,27.511921018577812,14.3104,35.805800000000005,14.485700000000001,19.071900000000003,0,0
99345.0,1.0,52.0,86.7,167.2,31.0,99.1,104.8,34.5,38.0,38.2,2109.0,48.61,8.0,0.0,0.0,0.0,0.0,0.0,240.0,21.20208799817566,18.325200000000002,65.6332,28.188100000000002,34.2874,0,0
99346.0,1.0,26.0,68.2,171.4,23.2,84.0,89.8,32.2,39.5,40.9,1990.0,75.11,8.0,0.0,0.0,1.0,0.0,0.0,600.0,25.421879199629778,17.6115,49.284,22.683799999999998,23.398799999999998,0,0
99358.0,1.0,43.0,68.7,171.0,23.5,88.1,92.7,31.8,41.3,42.4,3503.0,103.07,6.5,0.0,1.0,0.0,1.0,1.0,300.0,26.281993522617082,18.1135,48.2444,22.238300000000002,22.4305,0,0
99359.0,2.0,37.0,69.4,155.5,28.7,102.4,106.8,30.2,33.9,33.6,1523.0,62.550000000000004,8.0,0.0,0.0,1.0,0.0,0.0,120.0,49.52931613249383,34.4139,33.2965,13.7917,16.8824,1,0
99364.0,1.0,52.0,65.4,161.7,25.0,88.0,87.8,31.7,36.5,36.0,1568.0,89.45,3.5,0.0,0.0,0.0,0.0,0.0,360.0,22.760217687529778,14.9743,48.1798,20.4756,24.4443,0,0
99366.0,2.0,47.0,95.2,153.2,40.6,123.8,128.9,39.9,33.8,30.0,1815.0,88.61,6.5,0.0,0.0,0.0,0.0,0.0,240.0,45.50048442431137,43.3144,49.8579,20.1585,26.859100000000005,1,0
99370.0,2.0,48.0,97.8,159.4,38.5,112.2,122.3,36.8,36.2,38.7,2787.0,107.45,5.5,0.0,0.0,0.0,0.0,0.0,600.0,49.00552432433747,48.353300000000004,48.318,22.2907,23.0715,0,0
99376.0,1.0,53.0,98.7,172.5,33.2,117.7,105.6,42.8,40.7,42.6,1341.0,81.23,6.0,0.0,0.0,0.0,0.0,0.0,480.0,35.29763829500927,35.1496,61.6776,26.7471,31.447200000000002,0,0
99378.0,2.0,36.0,70.5,158.2,28.2,93.6,105.9,30.5,36.6,35.2,2535.0,103.86000000000001,7.0,0.0,0.0,0.0,1.0,0.0,480.0,37.63148597084754,26.617099999999997,41.8515,18.115,20.9997,0,0
99390.0,2.0,41.0,75.2,166.7,27.1,88.0,117.0,30.3,37.1,42.5,1383.0,59.78,9.5,1.0,1.0,1.0,0.0,0.0,120.0,46.69194139286861,35.0472,37.986,17.066,18.2491,0,0
99396.0,2.0,22.0,84.0,159.7,32.9,95.7,106.9,35.4,34.5,38.8,2599.0,98.13,8.0,0.0,0.0,0.0,1.0,1.0,300.0,42.92025852382536,36.2881,45.953,19.526799999999998,23.2471,0,0
99401.0,2.0,22.0,62.7,176.9,20.0,73.6,94.4,26.5,38.5,41.0,1321.0,78.21999999999998,8.0,0.0,0.0,0.0,1.0,1.0,240.0,30.489821375993248,19.1676,41.1109,18.622199999999996,19.738400000000002,0,0
99404.0,2.0,34.0,70.9,168.3,25.0,89.4,104.0,31.9,35.2,40.6,2283.0,99.74000000000001,8.0,0.0,0.0,1.0,0.0,1.0,120.0,37.909448856592995,26.9237,41.837900000000005,18.2136,20.593,0,0
99410.0,2.0,52.0,97.6,161.6,37.4,117.2,128.2,34.5,37.0,34.8,2257.0,69.2,8.0,0.0,0.0,0.0,0.0,0.0,600.0,46.72006819221476,45.601800000000004,50.0155,20.2692,26.54320000000001,0,0
99416.0,1.0,45.0,70.6,169.8,24.5,87.8,95.9,31.4,37.5,41.5,2571.0,87.21000000000001,5.0,1.0,1.0,0.0,0.0,1.0,180.0,28.76270612589949,20.4312,48.5015,22.0899,23.2718,0,0
99417.0,1.0,18.0,71.0,174.8,23.2,78.7,98.6,31.7,35.5,39.3,2382.0,120.73,7.5,0.0,0.0,1.0,0.0,1.0,540.0,25.623295488860542,18.4131,50.7068,23.066399999999998,24.180400000000002,0,0
99419.0,1.0,46.0,72.9,168.3,25.7,92.4,92.4,32.3,38.7,40.2,2778.0,116.14000000000001,9.0,0.0,0.0,0.0,0.0,0.0,60.0,23.498103927617368,17.2759,53.9763,24.043599999999998,26.5849,0,0
99422.0,1.0,57.0,81.9,175.5,26.6,101.0,99.5,30.7,38.0,40.6,,,6.0,0.0,1.0,0.0,0.0,1.0,60.0,29.21707198483033,24.4928,55.9212,24.3564,27.8562,0,0
99424.0,1.0,54.0,99.1,167.3,35.4,112.5,111.0,39.2,39.0,42.0,3543.0,132.78,7.0,0.0,0.0,0.0,0.0,0.0,180.0,28.074920361362395,27.915,68.7619,33.0563,31.8729,0,0
99425.0,2.0,57.0,97.3,165.6,35.5,110.1,113.2,39.0,37.3,42.3,1131.0,41.169999999999995,7.5,0.0,0.0,0.0,0.0,1.0,480.0,41.90284976301089,40.810300000000005,54.502199999999995,24.4122,26.848200000000002,0,0
99427.0,2.0,45.0,107.7,162.8,40.6,134.0,130.8,41.8,39.2,35.0,1372.0,76.05,5.5,0.0,0.0,1.0,0.0,0.0,300.0,46.457147520586325,50.436099999999996,55.87,22.535199999999996,30.4189,0,0
99428.0,2.0,19.0,55.4,159.4,21.8,77.9,92.2,24.7,33.1,37.0,2999.0,56.00000000000001,8.5,0.0,0.0,0.0,1.0,1.0,540.0,29.759831485462996,16.5242,36.8852,15.356300000000001,18.9621,0,0
99431.0,2.0,48.0,84.1,170.2,29.0,94.7,112.4,33.2,38.8,44.4,1788.0,68.26,11.0,0.0,0.0,1.0,0.0,1.0,540.0,41.504740682993976,35.170199999999994,46.401199999999996,21.5536,21.3628,0,0
99434.0,1.0,34.0,68.4,170.4,23.6,87.6,93.8,30.1,35.4,42.2,1758.0,61.21999999999999,8.5,0.0,0.0,1.0,0.0,0.0,600.0,25.309990334422565,17.3585,49.3009,22.2932,23.7088,0,0
99435.0,1.0,20.0,79.1,181.0,24.1,77.7,98.5,36.7,39.8,44.2,2384.0,130.38,8.0,0.0,1.0,1.0,1.0,1.0,480.0,17.373648553827564,13.8781,62.9054,31.217299999999994,28.175099999999997,0,0
99438.0,2.0,41.0,69.0,153.8,29.2,90.1,102.3,31.3,35.0,34.4,,,7.0,0.0,0.0,0.0,0.0,1.0,120.0,41.19173839141984,28.298299999999998,38.7635,17.123099999999997,19.0302,0,0
99439.0,2.0,34.0,50.6,158.4,20.2,73.3,88.6,25.9,32.5,38.0,,,11.0,0.0,0.0,1.0,0.0,1.0,120.0,37.922449366379794,19.3688,29.670900000000003,11.6893,15.5723,0,1
99440.0,2.0,55.0,65.3,155.3,27.1,97.5,97.0,32.3,35.0,34.4,1314.0,54.14,5.5,0.0,0.0,1.0,0.0,0.0,60.0,43.288839807769264,28.1373,35.101099999999995,14.942200000000001,17.267,0,0
99442.0,2.0,35.0,60.9,159.1,24.1,76.2,96.0,29.5,36.3,38.0,1931.0,55.43,9.0,0.0,0.0,0.0,0.0,0.0,480.0,33.59939603614537,20.6415,38.4801,15.3105,20.4005,0,0
99443.0,1.0,57.0,132.3,176.1,42.7,142.4,125.3,40.6,41.4,37.4,3544.0,129.56,7.0,0.0,1.0,0.0,1.0,1.0,360.0,40.46724638641601,53.2476,75.882,32.2061,40.2008,1,0
99444.0,1.0,52.0,98.6,166.6,35.5,117.1,108.2,37.8,37.5,35.2,2838.0,121.19,6.5,1.0,1.0,1.0,0.0,1.0,300.0,33.1551639926834,32.9295,63.5856,26.888199999999998,32.8069,1,0
99446.0,2.0,29.0,71.0,167.4,25.3,86.9,104.3,31.2,36.9,38.0,1709.0,94.52,8.0,0.0,1.0,0.0,0.0,1.0,540.0,38.61454462696426,27.4358,41.476099999999995,16.501199999999997,22.2658,0,0
99448.0,1.0,49.0,74.1,173.8,24.5,85.2,97.1,32.4,39.0,42.2,2806.0,87.16,6.0,0.0,1.0,1.0,0.0,0.0,120.0,18.014365276001136,13.5645,59.2055,26.8536,29.4084,0,0
99449.0,1.0,41.0,109.9,179.4,34.1,108.4,113.7,42.0,39.5,44.7,2927.0,135.59,6.5,0.0,0.0,0.0,0.0,0.0,240.0,29.090457701370564,32.2701,76.02,35.870400000000004,36.1254,0,0
99454.0,1.0,57.0,102.0,183.0,30.5,111.7,106.1,34.3,39.6,42.1,2119.0,53.599999999999994,9.5,0.0,0.0,0.0,0.0,0.0,720.0,34.23721999696035,34.917,64.7846,27.857599999999998,33.0882,0,0
99456.0,1.0,26.0,72.3,172.5,24.3,88.7,97.6,31.5,34.7,40.2,2624.0,90.97,7.5,0.0,0.0,1.0,1.0,1.0,240.0,30.262847411734338,21.8795,48.455400000000004,22.035700000000002,23.3346,0,0
99457.0,1.0,40.0,63.2,158.9,25.0,86.2,92.7,29.5,34.0,40.0,3225.0,61.64999999999999,8.0,0.0,1.0,0.0,1.0,0.0,60.0,22.601103290430395,14.334299999999999,46.723800000000004,20.226,23.3592,0,0
99459.0,2.0,20.0,109.5,162.1,41.7,114.0,123.0,42.0,37.0,40.4,606.0,61.02,11.0,0.0,0.0,0.0,0.0,0.0,240.0,43.619014058802826,48.3992,60.459199999999996,24.295,32.6931,0,0
99460.0,1.0,30.0,64.7,163.9,24.1,84.3,92.7,29.1,33.2,42.0,1858.0,42.97999999999999,8.0,0.0,0.0,0.0,1.0,0.0,120.0,18.519328205399464,12.1138,51.0338,22.930699999999998,24.9515,0,0
99463.0,2.0,23.0,77.6,159.1,30.7,93.6,110.2,31.6,37.0,41.1,2782.0,61.269999999999996,8.0,0.0,0.0,0.0,0.0,0.0,480.0,40.57870934581388,31.5321,44.1223,18.7973,21.8767,0,0
99464.0,1.0,48.0,76.7,169.0,26.9,86.8,97.8,35.1,36.7,40.6,4426.0,85.1,5.0,0.0,0.0,1.0,0.0,0.0,660.0,26.126800451832207,20.088099999999997,54.2292,24.036,27.1509,0,0
99466.0,2.0,29.0,90.1,146.4,42.0,113.9,128.2,38.0,31.3,34.8,1441.0,64.48000000000002,7.0,0.0,0.0,0.0,0.0,0.0,60.0,47.39056588442108,43.041599999999995,45.7199,18.589699999999997,24.0315,1,0
99471.0,1.0,19.0,101.1,177.8,32.0,105.3,117.1,37.2,41.6,45.2,1791.0,72.95,7.0,1.0,0.0,0.0,0.0,1.0,480.0,27.54288995553172,28.0215,70.7916,33.484300000000005,33.548,0,0
99473.0,1.0,41.0,82.5,179.4,25.6,79.7,97.2,33.8,41.3,38.5,1283.0,42.859999999999985,5.5,1.0,1.0,0.0,1.0,1.0,180.0,15.258056043319337,12.5535,66.32130000000001,32.1072,30.5311,0,0
99481.0,2.0,32.0,64.4,155.0,26.8,76.4,103.1,30.6,33.0,35.2,2090.0,35.28,7.0,1.0,1.0,1.0,0.0,1.0,480.0,33.53242204394506,21.8717,41.3146,17.5753,21.3172,0,0
99484.0,2.0,51.0,109.1,161.8,41.7,138.6,137.3,33.0,34.2,34.0,2678.0,97.58000000000001,9.0,1.0,1.0,0.0,0.0,0.0,300.0,47.044137507611964,51.690400000000004,55.9267,19.875400000000003,33.0028,1,0
99488.0,1.0,57.0,70.3,168.4,24.8,89.8,93.9,30.6,37.6,38.6,1905.0,68.35000000000001,9.0,1.0,1.0,0.0,0.0,1.0,120.0,24.968027128599,17.7931,50.9312,21.876300000000004,25.8473,0,0
99489.0,1.0,51.0,77.9,163.7,29.1,99.6,103.1,33.0,35.4,38.6,3120.0,108.99,9.5,0.0,0.0,0.0,0.0,0.0,240.0,30.30875434916756,23.634900000000002,52.003099999999996,24.311799999999998,24.4513,0,0
99494.0,2.0,46.0,71.0,157.2,28.7,92.5,100.5,32.5,36.5,36.0,2103.0,59.52,6.5,0.0,0.0,1.0,0.0,0.0,240.0,33.590229151069416,24.0261,45.3396,17.8719,24.5999,0,0
99495.0,2.0,43.0,49.2,155.8,20.3,68.8,82.5,24.0,35.7,33.5,616.0,23.039999999999996,8.0,1.0,1.0,1.0,0.0,1.0,180.0,23.300563342888143,11.4794,36.0166,15.0244,18.37,0,0
99496.0,2.0,43.0,57.9,151.1,25.4,91.2,92.8,29.2,34.9,34.6,1278.0,43.28,7.0,0.0,0.0,0.0,0.0,0.0,360.0,35.90102727807829,20.89,35.5354,15.423,17.6921,0,0
99498.0,1.0,32.0,82.0,168.5,28.9,94.7,95.8,38.3,36.4,37.7,2169.0,69.29,7.5,0.0,0.0,0.0,1.0,1.0,300.0,27.047927325154987,22.4411,57.741,24.7367,29.853099999999998,0,0
99502.0,1.0,18.0,91.7,173.9,30.3,101.8,108.6,36.2,41.2,43.0,3624.0,174.44,8.0,0.0,0.0,1.0,1.0,1.0,420.0,31.225079707128025,28.905099999999997,60.961800000000004,28.2316,29.591,0,0
99505.0,2.0,45.0,75.8,170.4,26.1,87.6,102.5,33.0,40.3,37.0,3240.0,75.13,11.0,0.0,0.0,1.0,0.0,0.0,420.0,38.32233246430615,28.643099999999997,43.7064,18.181300000000004,22.6914,0,0
99510.0,2.0,35.0,43.1,159.3,17.0,68.8,82.4,20.8,33.5,36.0,2222.0,121.49,11.0,0.0,0.0,1.0,0.0,0.0,300.0,26.308357782222004,11.4026,30.0544,11.7875,15.556700000000001,0,1
99511.0,2.0,55.0,76.6,152.8,32.8,110.6,117.1,35.0,36.4,33.4,2555.0,106.73000000000002,7.5,0.0,1.0,0.0,0.0,0.0,180.0,45.342815898554214,34.7904,40.2,16.9626,20.370099999999997,0,0
99517.0,2.0,39.0,82.2,161.6,31.5,109.9,109.2,34.7,37.5,34.8,2062.0,49.220000000000006,8.5,0.0,0.0,0.0,0.0,0.0,660.0,41.79787832754323,34.572300000000006,45.6944,19.08,23.251,0,0
99525.0,2.0,26.0,82.6,171.8,28.0,94.0,114.6,33.6,37.9,36.8,2790.0,75.88,7.5,1.0,1.0,0.0,1.0,1.0,240.0,40.35794692469822,33.7005,47.3355,19.5502,24.8934,0,0
99531.0,2.0,55.0,68.6,162.1,26.1,101.6,102.7,33.6,37.3,39.6,1562.0,45.84,7.0,0.0,0.0,1.0,0.0,0.0,180.0,40.11719964538342,27.5988,39.1836,16.4124,19.9788,0,0
99540.0,1.0,57.0,75.0,162.1,28.5,100.5,97.5,33.9,36.4,40.0,4707.0,100.53999999999999,6.0,0.0,0.0,0.0,0.0,0.0,300.0,26.28671049217173,19.885099999999998,53.293,22.5503,27.6627,0,0
99541.0,1.0,43.0,112.7,179.8,34.9,116.8,119.6,38.7,39.0,46.2,963.0,63.56,5.0,0.0,0.0,1.0,0.0,0.0,480.0,34.04988334525182,38.444300000000005,71.6028,33.646,34.5002,0,0
99545.0,1.0,29.0,84.7,163.9,31.5,96.2,103.5,35.8,34.6,40.0,3923.0,112.99,8.5,0.0,0.0,1.0,1.0,1.0,180.0,25.60757878798059,21.8771,61.067099999999996,27.178,30.417900000000003,0,0
99547.0,1.0,19.0,77.7,172.8,26.0,88.6,101.7,33.7,41.0,43.2,,,9.0,0.0,0.0,0.0,1.0,0.0,660.0,24.50810090988997,19.2727,56.613099999999996,26.175800000000002,27.218799999999998,0,0
99563.0,1.0,52.0,92.5,178.2,29.1,110.3,100.6,36.2,41.9,42.7,2421.0,94.73,7.0,0.0,0.0,0.0,0.0,0.0,120.0,31.91254112173753,29.714,60.3919,26.816599999999998,29.968700000000002,0,0
99568.0,2.0,52.0,45.7,155.8,18.8,76.4,86.6,23.2,32.7,35.7,1523.0,93.97,7.5,0.0,0.0,1.0,0.0,0.0,480.0,28.892238506303347,13.4635,31.3259,12.4445,16.334,0,1
99573.0,1.0,25.0,74.3,174.6,24.4,77.8,95.5,34.5,39.1,45.1,88.0,1.28,7.5,1.0,1.0,0.0,1.0,1.0,90.0,13.839513517850325,10.298,60.6335,29.039200000000005,27.917,0,0
99577.0,2.0,27.0,84.2,166.1,30.5,90.3,117.6,35.2,36.8,40.9,2243.0,79.19999999999999,7.0,0.0,1.0,0.0,1.0,1.0,300.0,41.1468286365531,35.0731,47.955,21.4365,23.5723,0,0
99583.0,2.0,23.0,51.7,158.7,20.5,74.0,87.0,25.0,35.0,38.0,1589.0,84.17000000000002,7.5,0.0,0.0,0.0,1.0,0.0,120.0,22.563629404112852,11.7188,38.4364,15.6648,20.003700000000002,0,0
99584.0,1.0,21.0,86.7,168.9,30.4,96.7,106.2,35.7,34.7,38.9,1447.0,68.17,7.5,0.0,0.0,0.0,0.0,0.0,90.0,33.12403612502147,29.0281,56.542300000000004,24.731800000000003,28.1579,0,0
99589.0,1.0,56.0,120.6,184.3,35.5,131.2,126.1,36.5,45.5,45.4,2372.0,69.53999999999999,9.0,1.0,1.0,0.0,0.0,1.0,360.0,34.4475819193461,41.5009,75.992,34.2624,37.6383,0,0
99593.0,1.0,34.0,71.2,178.4,22.4,79.0,98.0,29.6,38.6,43.1,,,8.0,0.0,0.0,1.0,1.0,0.0,240.0,15.878477554949304,11.4398,57.374900000000004,27.019199999999998,26.9087,0,0
99596.0,1.0,48.0,79.1,167.0,28.4,102.7,102.0,33.0,36.9,37.0,2794.0,95.38,5.5,0.0,0.0,0.0,0.0,0.0,960.0,30.93633912883012,24.6772,52.2944,22.9415,25.7227,0,0
99599.0,2.0,48.0,90.6,180.4,27.8,93.6,117.0,32.2,40.9,43.1,3711.0,109.47000000000001,7.0,0.0,0.0,0.0,0.0,1.0,480.0,36.76907013195923,33.3905,54.6036,23.3869,28.3529,0,0
99605.0,1.0,46.0,135.4,179.1,42.2,137.2,120.7,40.2,39.5,40.2,2976.0,133.29000000000002,6.0,0.0,1.0,0.0,1.0,1.0,480.0,34.898280440056304,47.356300000000005,85.5638,36.92439999999999,44.626,0,0
99613.0,1.0,38.0,88.9,179.4,27.6,90.2,101.7,34.0,39.9,44.8,1780.0,52.09000000000001,9.0,0.0,1.0,0.0,1.0,1.0,240.0,17.91798136686319,16.1327,69.3178,34.584399999999995,30.858900000000002,0,0
99618.0,1.0,46.0,64.0,177.3,20.4,74.9,89.1,28.6,39.0,39.8,,,8.0,0.0,0.0,0.0,0.0,0.0,300.0,13.537329690983945,8.736600000000001,52.9,24.8161,25.2485,0,0
99619.0,1.0,50.0,76.1,159.9,29.8,98.0,98.3,36.0,36.5,36.8,3151.0,94.27000000000001,8.0,0.0,1.0,0.0,1.0,1.0,120.0,30.952738881131264,23.534200000000002,50.427699999999994,22.3803,24.8413,1,0
99624.0,1.0,45.0,92.7,184.5,27.2,109.4,105.3,33.7,39.5,44.7,2548.0,87.83,9.0,1.0,1.0,0.0,0.0,0.0,360.0,30.38295579786937,28.3781,62.3071,27.738599999999998,31.7472,0,0
99631.0,1.0,40.0,63.3,168.1,22.4,86.1,88.6,28.9,34.9,43.2,2580.0,118.17,6.0,0.0,0.0,0.0,0.0,1.0,420.0,29.54866866355869,18.8005,42.5385,19.0093,20.296799999999998,0,1
99637.0,1.0,30.0,86.5,178.5,27.1,93.2,100.5,37.0,42.0,45.0,2415.0,116.33,8.5,0.0,1.0,0.0,1.0,1.0,600.0,27.549129467837062,24.0686,60.424,28.5527,28.5375,0,0
99653.0,1.0,53.0,70.7,160.6,27.4,97.0,93.9,31.4,36.5,38.7,2582.0,110.67000000000002,7.5,0.0,1.0,0.0,0.0,0.0,300.0,29.13615639220962,20.851200000000002,48.5505,21.9369,23.4444,0,0
99655.0,1.0,38.0,80.0,172.2,27.0,93.9,102.9,33.2,39.0,43.1,1793.0,37.37,10.0,0.0,0.0,1.0,0.0,0.0,240.0,24.849574070662843,20.1137,57.798,27.0012,26.7497,0,0
99659.0,2.0,41.0,61.5,158.0,24.6,85.9,97.2,29.2,33.8,37.5,2193.0,79.42,7.0,0.0,0.0,0.0,0.0,1.0,60.0,34.98185737889778,21.737099999999998,38.6129,16.791300000000003,18.962400000000002,0,0
99661.0,2.0,48.0,62.0,158.3,24.7,90.0,98.8,26.0,35.7,33.5,722.0,16.04,8.0,0.0,0.0,1.0,0.0,1.0,120.0,36.01982514520093,22.4217,37.6374,15.653400000000001,18.8283,0,0
99665.0,2.0,46.0,69.4,152.0,30.0,88.7,103.6,34.1,34.3,32.4,1081.0,42.080000000000005,6.0,0.0,0.0,0.0,0.0,1.0,720.0,42.55043345796744,29.7396,38.1832,16.145599999999998,19.0735,0,0
99676.0,2.0,51.0,60.8,154.1,25.6,85.2,100.4,27.7,33.6,36.3,1262.0,37.10999999999999,7.5,0.0,0.0,0.0,0.0,0.0,180.0,42.91236884294395,26.3092,33.019800000000004,13.226600000000001,17.165599999999998,0,0
99686.0,1.0,40.0,78.9,188.6,22.2,89.5,97.1,28.4,42.5,48.1,3680.0,138.99,5.0,1.0,0.0,1.0,0.0,0.0,30.0,22.202804556831808,17.6292,58.675599999999996,26.3819,28.7904,0,0
99689.0,1.0,28.0,77.4,180.9,23.7,87.7,92.5,33.3,39.9,41.3,2301.0,87.06,8.5,1.0,1.0,1.0,1.0,1.0,480.0,18.982373656378922,14.8384,60.926199999999994,27.191599999999998,30.2877,0,0
99691.0,2.0,44.0,64.9,166.0,23.6,80.4,100.2,26.7,38.5,36.0,1493.0,67.72999999999999,7.5,0.0,0.0,0.0,0.0,0.0,180.0,34.60712779784981,22.6687,40.826,17.2258,20.4851,0,0
99705.0,2.0,40.0,90.2,159.1,35.6,99.5,119.4,35.6,34.1,37.2,961.0,37.15,6.0,0.0,0.0,1.0,0.0,0.0,15.0,43.110935475111326,39.0548,49.3513,20.9694,25.1643,0,0
99709.0,1.0,26.0,74.7,179.8,23.1,80.0,96.0,30.3,40.1,43.5,2782.0,167.53,8.5,0.0,0.0,1.0,1.0,1.0,480.0,17.817924119015668,13.446299999999999,59.064699999999995,27.9127,27.6025,0,0
99710.0,2.0,30.0,58.2,163.3,21.8,76.9,98.3,27.5,37.5,40.6,2531.0,88.59,9.0,0.0,1.0,1.0,1.0,1.0,120.0,29.63159807185963,17.3615,39.147400000000005,17.2699,19.260900000000003,0,0
99714.0,2.0,35.0,92.7,157.8,37.2,122.5,118.9,35.5,35.0,38.5,2163.0,79.06000000000002,5.0,0.0,0.0,0.0,0.0,1.0,60.0,40.93374938803365,38.0765,52.8201,22.296799999999998,27.490599999999997,0,0
99720.0,1.0,53.0,80.2,176.7,25.7,97.1,98.5,32.1,38.5,39.5,2428.0,62.32,9.0,0.0,0.0,1.0,0.0,1.0,600.0,31.777675260725847,25.424799999999998,52.4036,22.4056,26.8886,0,0
99724.0,1.0,56.0,84.5,175.5,27.4,99.8,94.4,32.0,40.8,38.1,2851.0,84.98,10.0,0.0,1.0,1.0,0.0,0.0,240.0,24.508640495786082,20.7045,61.6975,27.759800000000002,30.4145,0,0
99744.0,2.0,51.0,67.0,172.3,22.6,87.0,94.5,28.0,36.0,39.0,1684.0,23.189999999999998,8.5,0.0,0.0,0.0,0.0,0.0,300.0,36.008074556727934,24.3807,40.8591,16.5855,21.2947,0,0
99745.0,1.0,33.0,87.6,164.7,32.3,96.3,104.3,36.4,37.3,38.2,2152.0,113.84,5.5,0.0,0.0,1.0,1.0,1.0,600.0,26.21618520438242,23.1903,62.7766,29.8514,29.3362,0,0
99751.0,2.0,27.0,90.8,164.0,33.8,99.7,117.3,41.9,37.0,37.4,1757.0,95.49999999999999,8.0,0.0,1.0,0.0,1.0,1.0,600.0,39.82933732951678,36.9544,53.3666,22.429599999999997,27.9709,0,0
99759.0,1.0,50.0,105.3,166.1,38.2,117.9,114.4,36.2,34.6,38.7,1470.0,87.88,9.0,0.0,0.0,0.0,1.0,1.0,180.0,29.529445571128534,31.404400000000003,72.5338,31.9193,37.1195,0,0
99762.0,2.0,55.0,81.7,170.5,28.1,99.7,105.0,32.0,38.0,41.5,3666.0,249.95,9.0,0.0,0.0,1.0,1.0,1.0,240.0,39.83680269996579,32.4978,47.0993,20.3127,24.001400000000007,0,0
99763.0,2.0,54.0,57.7,154.6,24.1,86.7,90.1,29.5,34.3,35.7,1777.0,58.730000000000004,7.5,0.0,0.0,0.0,0.0,0.0,180.0,35.31044327066893,20.4329,35.5109,14.2195,18.6082,0,0
99765.0,2.0,46.0,66.6,160.0,26.0,86.8,108.7,27.0,33.8,38.7,972.0,41.660000000000004,7.0,0.0,0.0,0.0,0.0,0.0,360.0,40.438329165277985,26.9844,37.7155,15.480300000000002,19.7208,0,0
99766.0,1.0,49.0,70.9,167.7,25.2,95.3,99.2,30.7,37.6,39.9,972.0,44.73,7.0,0.0,0.0,0.0,0.0,1.0,600.0,32.86311220318809,23.407799999999998,45.7977,19.388,23.5877,1,1
99768.0,2.0,28.0,120.0,166.4,43.3,131.2,138.0,45.4,39.5,36.0,2698.0,98.56000000000002,6.0,0.0,0.0,0.0,0.0,0.0,360.0,47.15776470913149,56.3482,60.3286,24.0335,33.23929999999999,0,0
99778.0,1.0,46.0,69.2,175.6,22.4,81.3,91.6,32.4,38.5,40.8,2581.0,90.93999999999998,8.0,0.0,0.0,0.0,1.0,0.0,360.0,15.64894092910986,10.9915,56.808099999999996,26.0619,27.294,0,0
99782.0,2.0,53.0,62.8,163.2,23.6,97.6,95.8,28.2,33.1,35.5,739.0,28.610000000000003,9.5,0.0,1.0,0.0,0.0,0.0,120.0,41.334801620831904,26.0347,35.3331,14.117,18.772299999999998,0,1
99783.0,1.0,35.0,92.9,165.0,34.1,104.9,103.9,37.1,40.0,38.5,2484.0,92.92000000000002,7.0,1.0,1.0,1.0,1.0,1.0,180.0,26.771035572327428,25.126099999999997,65.7921,29.0972,33.7296,0,0
99790.0,1.0,24.0,78.7,178.2,24.8,83.0,96.6,35.0,41.0,41.2,2144.0,228.49000000000007,9.0,0.0,0.0,0.0,1.0,1.0,480.0,21.69214240631944,17.208599999999997,59.2155,28.1681,27.5646,0,0
99793.0,2.0,26.0,78.2,164.3,29.0,91.3,107.2,31.6,35.3,39.3,2114.0,109.81999999999998,7.0,0.0,1.0,1.0,0.0,1.0,360.0,35.397898935920566,27.9057,48.4065,21.576,23.9823,0,0
99795.0,2.0,21.0,122.1,153.3,52.0,127.4,139.0,45.1,36.0,38.2,2910.0,69.41000000000001,6.5,0.0,0.0,0.0,0.0,1.0,240.0,49.07601847623327,60.673300000000005,60.3664,27.5641,29.3678,0,0
99800.0,1.0,18.0,89.5,172.0,30.3,102.2,105.1,34.9,38.0,40.6,2393.0,84.38000000000001,8.0,0.0,1.0,0.0,0.0,0.0,180.0,31.045812195608697,27.8932,59.3016,26.743299999999998,29.1985,0,0
99807.0,1.0,27.0,76.9,168.2,27.2,93.4,102.8,33.2,35.8,39.1,1046.0,44.879999999999995,8.0,0.0,1.0,0.0,0.0,0.0,720.0,28.257078780613366,21.9071,53.304199999999994,24.3119,25.8733,0,0
99808.0,2.0,39.0,77.0,158.7,30.6,102.9,116.4,32.8,34.0,39.3,562.0,32.43,8.0,0.0,0.0,0.0,0.0,0.0,120.0,45.74810138608626,35.439699999999995,39.808,16.7894,20.5216,0,0
99811.0,2.0,48.0,76.5,149.8,34.1,108.5,109.8,34.7,34.3,34.3,2460.0,106.90000000000002,4.0,1.0,1.0,0.0,0.0,0.0,660.0,40.48431153226434,31.238799999999998,43.9537,16.826,24.017,1,0
99813.0,1.0,48.0,77.5,173.3,25.8,94.2,100.6,30.7,37.6,40.7,1513.0,51.46999999999999,7.5,0.0,1.0,0.0,0.0,1.0,600.0,29.108069653259278,22.438200000000002,52.4726,24.670900000000003,24.8804,0,0
99817.0,2.0,57.0,72.5,165.3,26.5,93.0,106.5,30.5,37.3,38.3,1731.0,80.03,7.0,1.0,0.0,0.0,0.0,1.0,300.0,43.89853655049839,31.9359,38.413599999999995,16.8223,18.243,0,0
99824.0,2.0,33.0,63.6,165.1,23.3,76.3,98.2,29.4,36.7,39.1,2410.0,95.41999999999999,6.5,1.0,1.0,0.0,1.0,1.0,360.0,28.91999898351818,18.550099999999997,43.218,20.3304,20.0641,0,0
99831.0,1.0,58.0,92.2,171.4,31.4,110.3,108.2,31.5,39.4,43.3,,,11.5,0.0,0.0,1.0,0.0,1.0,480.0,26.457448244577403,24.5778,65.3689,28.951,32.37370000000001,0,0
99834.0,1.0,44.0,59.2,167.2,21.2,84.0,95.1,27.0,36.8,40.2,2038.0,85.86,7.0,0.0,0.0,0.0,0.0,1.0,300.0,32.08872462123977,19.1663,38.6385,16.621199999999998,19.171599999999998,1,1
99838.0,2.0,48.0,83.7,152.4,36.0,113.9,110.3,32.1,33.5,26.8,1390.0,22.55,8.0,0.0,1.0,1.0,0.0,0.0,480.0,44.158964041979594,36.921800000000005,45.052699999999994,16.594,25.5007,1,0
99841.0,1.0,21.0,71.7,155.4,29.7,95.4,94.8,33.3,34.0,37.6,644.0,22.4,9.0,0.0,0.0,1.0,1.0,0.0,480.0,30.98933419284386,22.373099999999997,47.9423,21.3642,22.9868,1,0
99842.0,1.0,47.0,98.9,177.6,31.4,106.4,105.8,36.1,40.3,42.3,2492.0,98.77,8.0,1.0,0.0,0.0,0.0,0.0,360.0,32.679287901451296,32.4655,64.4729,28.6459,32.4707,0,0
99844.0,1.0,45.0,120.7,176.0,39.0,124.0,122.4,42.7,38.6,45.2,1271.0,45.730000000000004,6.0,1.0,0.0,1.0,0.0,1.0,300.0,36.60734021939413,43.8866,73.3874,35.4124,34.4959,0,0
99848.0,2.0,39.0,69.4,170.9,23.8,95.1,97.7,28.4,38.0,41.0,2585.0,76.17999999999999,5.5,0.0,1.0,0.0,0.0,0.0,180.0,37.486563750714694,26.2256,41.6231,17.0694,21.730700000000002,0,0
99857.0,2.0,36.0,86.6,153.3,36.8,105.5,117.0,38.0,36.0,37.2,1512.0,40.13,9.0,0.0,0.0,0.0,1.0,1.0,480.0,37.7068216738589,32.8159,52.014199999999995,22.672,26.291899999999995,0,0
99861.0,2.0,30.0,56.2,164.6,20.7,68.9,97.5,25.6,37.1,37.1,1920.0,69.46000000000001,7.0,0.0,0.0,0.0,1.0,1.0,360.0,31.46996609725281,17.7712,36.4892,15.129700000000001,18.609900000000003,0,0
99871.0,2.0,25.0,99.5,161.6,38.1,119.6,115.4,40.5,36.7,39.2,2166.0,60.45,8.0,0.0,1.0,1.0,0.0,1.0,120.0,41.55394121155182,41.179,55.5571,23.169700000000002,29.200599999999998,0,0
99873.0,1.0,49.0,67.8,161.4,26.0,87.0,91.0,32.4,37.6,35.0,1287.0,75.88000000000001,5.0,0.0,0.0,0.0,0.0,0.0,120.0,26.950606846371468,18.4443,47.8003,20.6266,23.9022,0,0
99876.0,1.0,25.0,100.3,180.9,30.6,105.0,109.0,37.0,42.0,44.6,2971.0,37.06,6.0,1.0,1.0,0.0,0.0,0.0,240.0,23.975946491429585,24.3277,73.5036,34.4882,35.294,0,0
99879.0,2.0,27.0,49.7,159.0,19.7,71.6,89.1,23.6,33.4,39.1,2062.0,59.38999999999999,8.0,1.0,0.0,0.0,0.0,0.0,60.0,25.192489651974736,12.6869,35.8391,16.0215,17.0363,0,0
99883.0,1.0,51.0,83.7,169.4,29.2,103.7,105.2,33.9,39.5,37.8,1525.0,51.6,7.0,1.0,1.0,0.0,0.0,1.0,300.0,27.662414010534448,23.339,58.7236,26.5765,28.857,0,0
99891.0,2.0,36.0,53.7,161.6,20.6,77.7,90.1,24.9,34.6,37.6,2556.0,87.0,7.5,1.0,1.0,0.0,0.0,0.0,300.0,26.958695628459044,14.5805,37.4699,15.8635,18.977700000000002,0,0
99892.0,2.0,19.0,58.0,165.4,21.2,73.8,95.0,27.7,37.1,39.8,1560.0,59.36,9.5,1.0,1.0,0.0,1.0,0.0,120.0,30.151163355749986,17.4971,38.5681,16.8057,19.1815,0,0
99893.0,2.0,41.0,76.9,159.0,30.4,98.9,112.0,32.3,36.6,41.4,2553.0,103.55,7.0,1.0,1.0,0.0,0.0,0.0,240.0,45.99944928187417,35.5655,39.827400000000004,17.3466,19.5643,0,0
99894.0,1.0,32.0,73.7,159.2,29.1,96.4,97.0,30.6,35.6,36.1,1708.0,122.94,8.0,0.0,0.0,0.0,0.0,0.0,60.0,24.735980673669992,18.4471,53.9148,22.3095,28.0505,1,0
99896.0,1.0,47.0,79.9,163.4,29.9,100.3,98.4,35.1,37.7,38.0,2974.0,183.64000000000001,6.5,0.0,0.0,0.0,0.0,0.0,120.0,26.408364578181786,21.215400000000002,56.5757,27.5096,25.9523,0,0
99899.0,1.0,59.0,94.8,174.7,31.1,103.2,106.2,40.0,39.0,39.2,3876.0,141.58,6.5,1.0,0.0,0.0,1.0,0.0,360.0,28.055956948579823,26.7587,65.5476,29.089,32.9328,0,0
99900.0,1.0,50.0,76.8,173.2,25.6,98.8,96.2,30.9,39.6,39.5,1102.0,56.22,8.0,0.0,0.0,0.0,0.0,0.0,300.0,30.95674801170033,24.0408,51.082300000000004,22.769899999999996,25.0271,0,0
99901.0,2.0,36.0,110.7,159.2,43.7,112.7,135.3,41.3,36.5,43.2,2486.0,98.24999999999999,7.5,0.0,0.0,0.0,0.0,0.0,480.0,48.00153923187773,53.09,54.888400000000004,25.848,25.8375,0,0
99905.0,1.0,45.0,90.3,174.2,29.8,94.6,102.4,37.4,41.2,43.6,2757.0,120.45999999999997,6.5,0.0,0.0,0.0,1.0,1.0,360.0,22.353468505864946,20.3771,68.0103,33.876599999999996,29.9515,0,0
99909.0,1.0,42.0,85.4,175.3,27.8,96.2,104.0,33.7,43.0,44.3,4028.0,158.67999999999998,7.0,1.0,1.0,0.0,0.0,0.0,240.0,27.886047491676674,24.0798,59.7113,27.0448,29.596799999999998,0,0
99910.0,2.0,30.0,56.4,156.4,23.1,74.3,91.8,27.0,32.6,35.0,1639.0,68.97999999999999,8.5,0.0,0.0,1.0,0.0,1.0,420.0,33.58318278121477,19.0276,35.604099999999995,14.479899999999999,18.3206,0,0
99924.0,2.0,21.0,52.4,157.0,21.3,67.3,90.6,26.1,32.6,36.7,1588.0,102.78999999999999,8.0,1.0,1.0,1.0,1.0,1.0,300.0,27.62769032508882,14.5825,36.17,14.7568,18.5352,0,0
99925.0,1.0,38.0,82.9,173.0,27.7,94.6,104.3,33.5,38.5,42.6,2435.0,106.89,7.0,0.0,1.0,1.0,1.0,1.0,300.0,24.13821344005844,20.1305,60.655300000000004,28.5058,29.0657,0,0
99926.0,2.0,54.0,83.9,160.6,32.5,101.8,110.6,34.8,37.0,35.9,1243.0,39.870000000000005,8.0,0.0,0.0,0.0,0.0,0.0,60.0,41.27569909118413,34.7481,47.6469,19.360400000000002,25.3155,0,0
99928.0,1.0,29.0,128.0,168.7,45.0,131.4,124.4,41.8,38.8,39.1,1451.0,60.78,7.0,0.0,0.0,0.0,0.0,0.0,720.0,35.05034458911215,45.046099999999996,80.3475,35.368300000000005,41.513,1,0
99931.0,2.0,20.0,58.1,155.4,24.1,79.0,89.2,28.1,33.5,35.7,2279.0,64.22999999999999,11.0,0.0,0.0,0.0,1.0,1.0,60.0,37.40706127688646,21.7265,34.522400000000005,14.4579,17.3362,0,0
99935.0,2.0,42.0,91.0,170.2,31.4,93.9,113.7,34.3,36.9,41.8,1317.0,96.03,7.5,1.0,1.0,1.0,0.0,0.0,240.0,41.40279849939487,38.0101,51.3241,24.041400000000003,24.4392,0,0
99937.0,2.0,54.0,63.8,152.3,27.5,93.1,104.6,27.7,32.2,33.3,1009.0,35.67999999999999,5.0,0.0,0.0,0.0,1.0,1.0,720.0,36.704659742722214,23.4154,38.6121,15.8122,20.163,0,0
99938.0,2.0,37.0,51.5,161.6,19.7,74.0,91.2,26.4,33.2,38.1,884.0,16.37,7.5,0.0,0.0,1.0,0.0,0.0,240.0,26.48853640033575,13.6454,35.6285,15.479700000000001,17.5687,0,0
99939.0,2.0,39.0,62.1,160.5,24.1,81.7,99.6,29.5,34.5,38.3,2096.0,67.85000000000001,10.0,0.0,0.0,1.0,0.0,0.0,480.0,35.95052364608085,22.4671,37.9925,16.8407,18.291700000000002,0,0
99942.0,2.0,35.0,67.3,158.2,26.9,92.6,100.9,30.3,34.8,37.6,1587.0,82.79000000000003,7.5,0.0,0.0,0.0,0.0,0.0,420.0,36.6436497193997,24.66,40.6342,16.2795,21.5185,0,0
99949.0,2.0,21.0,80.8,154.6,33.8,99.0,109.5,35.4,36.0,38.2,1020.0,28.21,8.0,0.0,1.0,0.0,0.0,0.0,180.0,42.608548148264525,34.7139,44.5713,18.8575,22.504099999999998,0,0
99951.0,2.0,38.0,67.4,157.9,27.0,80.1,101.5,30.3,32.4,37.2,938.0,52.529999999999994,9.0,0.0,0.0,0.0,0.0,0.0,180.0,38.47946398242546,25.941200000000002,39.4938,17.3273,19.7978,0,0
99959.0,1.0,48.0,112.0,171.9,37.9,117.7,114.9,41.6,38.8,41.4,3246.0,91.63,6.0,0.0,1.0,0.0,0.0,0.0,240.0,29.13899158378278,32.7227,77.16839999999999,36.2442,37.1611,0,0
99961.0,2.0,39.0,65.4,164.0,24.3,87.9,97.6,29.4,32.6,37.1,1510.0,66.98,9.0,0.0,1.0,0.0,1.0,1.0,300.0,33.715823963672456,22.3191,41.465199999999996,17.382900000000003,20.973,0,0
99968.0,2.0,19.0,85.1,155.4,35.2,104.2,116.7,36.0,34.8,38.1,6083.0,165.41,9.0,0.0,0.0,1.0,0.0,0.0,,45.49024916205933,38.8486,44.362199999999994,20.155,21.408900000000003,0,0
99974.0,2.0,26.0,54.6,163.8,20.4,80.9,86.7,26.2,36.0,39.7,,,9.0,0.0,0.0,1.0,1.0,0.0,60.0,26.243742986153862,14.347100000000001,38.0736,15.8,19.2688,0,0
99984.0,2.0,54.0,87.7,164.9,32.3,104.7,113.0,33.7,39.2,36.7,2050.0,65.76000000000002,7.5,0.0,0.0,0.0,1.0,1.0,540.0,42.74281217558786,36.6525,46.871199999999995,19.1853,24.5052,0,0
99985.0,2.0,37.0,67.5,165.5,24.6,88.5,103.5,32.4,35.0,38.9,1235.0,66.15,7.0,0.0,0.0,0.0,1.0,1.0,360.0,30.753708804690287,20.9317,44.691300000000005,17.534299999999998,24.267799999999998,0,0
99987.0,1.0,58.0,86.3,161.4,33.1,105.2,103.2,36.0,35.1,37.2,2467.0,148.38,7.0,1.0,1.0,0.0,0.0,1.0,240.0,27.0667903544305,23.4675,60.629400000000004,27.887,29.3428,0,0
99988.0,1.0,18.0,91.9,174.9,30.0,108.4,107.6,32.6,40.5,45.2,1207.0,45.17,12.0,1.0,1.0,1.0,0.0,0.0,240.0,32.3800562620041,29.7879,59.8754,27.5164,28.6933,0,0
99989.0,2.0,21.0,89.2,166.1,32.3,98.5,116.4,34.0,35.5,39.0,2664.0,66.01,8.0,0.0,0.0,1.0,1.0,1.0,600.0,41.09256839358885,37.0754,50.9953,21.8172,26.2039,0,0
99994.0,2.0,48.0,64.9,149.5,29.0,94.4,102.3,27.8,32.4,33.1,,,6.0,1.0,1.0,1.0,0.0,1.0,120.0,43.942946678892994,28.6955,34.7977,13.0839,19.092200000000002,1,0
100000.0,2.0,21.0,73.9,156.0,30.4,92.7,105.4,35.3,34.7,37.8,2500.0,66.42999999999999,8.0,0.0,0.0,0.0,0.0,0.0,180.0,37.4134247650752,27.9082,44.6147,19.897599999999997,21.8145,0,0
100001.0,1.0,39.0,96.0,176.4,30.9,102.5,107.0,35.4,39.5,42.4,1470.0,42.9,8.0,1.0,1.0,0.0,0.0,0.0,720.0,32.079138762803694,30.55,62.1471,27.316,30.9879,0,0
100003.0,2.0,19.0,62.5,165.0,23.0,83.7,96.5,27.0,37.0,40.0,887.0,18.47,8.0,0.0,0.0,1.0,1.0,1.0,480.0,39.369634053110985,24.677799999999998,35.9409,16.0369,16.9942,0,0
100008.0,2.0,56.0,73.3,156.5,29.9,101.1,99.0,32.3,35.0,34.3,,,7.0,0.0,0.0,1.0,0.0,1.0,300.0,39.57977869154316,29.0615,42.3351,18.3763,20.762400000000003,0,0
100009.0,2.0,19.0,86.5,153.5,36.7,102.3,119.9,34.6,34.6,37.3,1030.0,40.59,10.0,0.0,1.0,0.0,0.0,0.0,120.0,43.13447684151323,37.648,47.6916,19.929,24.9092,0,0
100012.0,1.0,51.0,130.7,170.2,45.1,140.9,133.9,45.0,39.5,37.5,1969.0,79.35000000000001,8.5,0.0,0.0,1.0,0.0,0.0,360.0,35.60435159415705,46.1931,80.9055,35.621300000000005,41.956100000000006,0,0
100013.0,2.0,43.0,59.0,153.6,25.0,86.2,95.8,30.5,33.5,34.0,,,8.0,0.0,0.0,0.0,1.0,1.0,480.0,40.591480804056076,24.1767,33.436099999999996,13.2028,17.365,0,0
100015.0,1.0,27.0,69.8,171.8,23.6,87.0,91.0,32.7,38.5,40.0,3827.0,165.67999999999998,5.0,1.0,1.0,0.0,0.0,0.0,120.0,23.097997143851824,16.2551,51.456900000000005,23.1377,25.234900000000003,0,0
100016.0,1.0,36.0,82.8,167.4,29.5,100.6,102.1,34.7,37.8,37.9,2913.0,88.07000000000001,8.0,0.0,0.0,1.0,1.0,1.0,720.0,33.587266829825175,28.0267,52.8896,24.4381,25.1053,0,0
100018.0,1.0,22.0,66.9,178.0,21.1,91.3,89.6,27.3,39.4,40.5,795.0,31.560000000000002,7.0,0.0,0.0,0.0,0.0,0.0,300.0,27.009101047472335,18.2148,47.018800000000006,19.7055,24.4728,0,1
100019.0,1.0,22.0,57.7,172.8,19.3,70.7,86.0,25.7,38.0,40.5,3214.0,74.38,6.5,0.0,1.0,0.0,1.0,1.0,480.0,14.98572400892089,8.752,47.0465,21.455099999999998,22.7065,0,0
100024.0,2.0,39.0,91.2,170.1,31.5,104.2,112.0,37.5,39.0,41.0,2254.0,70.69,7.5,0.0,0.0,0.0,0.0,0.0,60.0,39.0393090876073,35.772,53.3251,22.916199999999996,27.4962,0,0
100026.0,2.0,22.0,75.4,161.0,29.1,94.0,101.5,31.4,35.5,39.0,1729.0,48.61,9.0,0.0,0.0,0.0,0.0,1.0,600.0,35.15656905082122,26.773,47.2831,20.794300000000003,23.3609,0,0
100029.0,2.0,20.0,54.3,154.8,22.7,76.1,96.4,27.6,34.0,37.5,1397.0,59.910000000000004,8.0,0.0,1.0,0.0,1.0,1.0,240.0,38.425035499201016,21.0693,32.0565,12.811599999999999,16.5865,0,1
100032.0,2.0,27.0,48.0,152.5,20.6,70.6,86.6,25.7,31.6,35.4,1354.0,57.38,7.5,0.0,0.0,1.0,1.0,1.0,240.0,36.87587954424722,17.8055,28.9279,11.6285,14.9105,0,1
100037.0,1.0,54.0,86.8,171.1,29.6,101.0,101.4,37.0,37.6,39.6,3399.0,130.35000000000002,7.0,0.0,1.0,0.0,0.0,1.0,360.0,28.59775332725178,25.048,60.0161,26.611699999999995,29.7174,0,0
100039.0,1.0,28.0,68.3,171.7,23.2,88.3,97.2,28.2,38.0,42.7,481.0,29.22,10.5,1.0,1.0,1.0,0.0,1.0,180.0,31.724692848800444,21.7956,44.413,19.1793,22.174799999999998,0,1
100044.0,1.0,27.0,73.7,176.4,23.7,90.2,102.3,31.2,39.0,43.9,655.0,27.74,8.0,1.0,1.0,0.0,1.0,0.0,300.0,28.63265413331673,21.2023,50.2156,21.0725,26.188200000000002,0,1
100046.0,1.0,51.0,107.6,177.3,34.2,110.4,111.1,39.9,43.0,39.9,3444.0,239.55,6.0,1.0,1.0,0.0,0.0,0.0,360.0,27.81644934692406,29.890900000000002,75.20689999999999,32.84179999999999,38.7887,0,0
100047.0,1.0,42.0,79.0,173.2,26.3,90.7,100.8,33.2,40.0,46.8,2042.0,64.14,7.5,1.0,1.0,0.0,0.0,1.0,300.0,23.902796868414153,18.810599999999997,57.2376,26.8142,27.1845,0,0
100055.0,2.0,47.0,76.0,153.1,32.4,99.2,108.4,35.1,32.1,34.5,2217.0,103.82,7.0,0.0,0.0,0.0,1.0,1.0,600.0,39.80420561412045,30.235799999999998,43.646699999999996,18.735599999999998,21.8522,0,0
100061.0,2.0,55.0,54.4,162.1,20.7,80.2,92.2,27.7,33.2,36.1,1283.0,50.519999999999996,7.0,0.0,0.0,1.0,0.0,0.0,300.0,35.9274865683007,19.7409,33.4071,13.7665,16.9058,0,1
100062.0,2.0,48.0,61.1,147.3,28.2,86.8,92.7,31.3,31.6,33.1,2419.0,91.25000000000001,9.5,0.0,0.0,0.0,0.0,0.0,300.0,40.78838908406924,25.0135,34.502199999999995,14.433,17.333299999999998,1,0
100068.0,2.0,22.0,57.8,154.5,24.2,90.6,96.5,29.2,35.5,38.0,2481.0,72.35,6.0,0.0,0.0,0.0,0.0,0.0,480.0,40.452373504984074,23.589299999999998,33.0181,13.2405,17.2784,0,0
100069.0,2.0,20.0,53.1,146.7,24.7,81.2,90.9,28.2,33.0,36.2,551.0,26.88,8.0,0.0,0.0,0.0,1.0,1.0,480.0,39.66679978430431,21.0972,30.606,12.4322,15.4022,1,0
100070.0,2.0,28.0,59.2,162.2,22.5,82.4,95.5,29.8,37.3,40.6,1038.0,24.39,6.0,1.0,1.0,0.0,0.0,1.0,180.0,35.24342233658753,21.0744,36.8145,15.334700000000002,18.6453,0,0
100072.0,2.0,33.0,49.8,155.2,20.7,78.4,87.0,26.0,34.1,34.0,941.0,28.79,11.0,0.0,1.0,1.0,0.0,0.0,5.0,36.23542951792666,18.122400000000003,30.0858,10.3671,16.8974,1,1
100073.0,1.0,18.0,70.6,176.9,22.6,81.5,93.8,27.8,39.9,43.0,4186.0,80.96999999999998,8.0,0.0,0.0,1.0,1.0,0.0,240.0,23.243826306093034,16.558,51.956900000000005,24.1866,24.8034,0,0
100087.0,2.0,30.0,91.2,157.8,36.6,119.2,123.2,33.9,35.0,40.4,2760.0,115.70000000000002,7.0,0.0,0.0,0.0,0.0,0.0,660.0,41.1384783822533,37.597199999999994,51.6366,21.544,27.2752,0,0
100090.0,2.0,24.0,63.3,153.8,26.8,86.1,104.6,29.0,34.7,34.7,2974.0,68.52,13.0,1.0,1.0,0.0,0.0,0.0,180.0,43.11418752746363,27.3549,34.259699999999995,13.9222,17.5556,0,0
100099.0,1.0,45.0,100.6,179.1,31.4,105.3,112.7,36.3,41.0,43.0,4594.0,228.8,6.0,1.0,1.0,0.0,0.0,1.0,300.0,26.030593694968445,26.3586,72.3388,33.285599999999995,35.5398,0,0
100102.0,1.0,41.0,95.5,171.3,32.5,110.7,104.0,39.6,39.0,40.4,4107.0,158.52999999999997,7.0,1.0,1.0,0.0,0.0,0.0,240.0,34.15010615644735,32.7004,60.9141,26.8515,30.8442,0,0
100107.0,1.0,23.0,51.8,170.0,17.9,67.5,84.6,27.0,35.7,42.3,3359.0,96.95,9.5,0.0,0.0,1.0,0.0,0.0,240.0,17.38054758432336,9.0596,40.5413,18.2617,19.0727,0,1
100108.0,2.0,27.0,71.5,173.8,23.7,81.4,108.4,28.1,38.5,41.9,1677.0,59.12,8.0,0.0,0.0,0.0,1.0,1.0,480.0,37.393057899692394,26.8388,42.694,18.449099999999998,21.311,0,0
100110.0,1.0,26.0,76.0,176.2,24.5,82.7,100.5,33.7,37.9,46.0,2334.0,66.57,6.0,0.0,0.0,1.0,0.0,0.0,900.0,26.28728619339098,20.1003,53.9051,24.2392,26.1337,0,0
100111.0,1.0,26.0,69.0,175.6,22.4,77.3,91.9,32.4,39.3,39.3,3546.0,123.91,8.0,0.0,1.0,0.0,1.0,1.0,240.0,18.57576880155079,12.8819,53.7307,25.0691,25.290599999999998,0,0
100112.0,2.0,57.0,50.6,155.7,20.9,73.8,93.3,26.3,32.6,33.9,1179.0,58.54999999999999,8.0,0.0,0.0,1.0,0.0,1.0,720.0,31.95049535054803,16.1826,33.0137,12.793700000000001,17.5808,0,1
100115.0,2.0,47.0,72.4,159.6,28.4,94.0,108.1,31.0,35.1,39.5,2397.0,121.98999999999998,9.0,0.0,0.0,0.0,0.0,0.0,540.0,41.681937652491705,30.2518,40.5372,17.2035,20.8661,0,0
100117.0,2.0,29.0,64.6,154.9,26.9,87.2,99.0,29.6,36.0,36.4,1620.0,58.800000000000004,7.0,0.0,0.0,0.0,0.0,0.0,600.0,38.982117015545015,25.5772,38.1409,16.747400000000003,18.411,0,0
100119.0,2.0,47.0,116.1,162.5,44.0,130.3,143.6,42.2,39.1,31.3,1964.0,91.07000000000001,8.5,0.0,0.0,0.0,0.0,1.0,300.0,47.66090538608457,55.343300000000006,58.2322,23.6277,30.9656,0,0
100127.0,1.0,55.0,96.0,169.3,33.5,111.6,110.1,36.5,41.5,37.9,2619.0,89.09000000000002,8.0,1.0,1.0,0.0,0.0,0.0,120.0,31.472860428075087,30.258200000000002,63.3804,26.6516,33.502300000000005,0,0
100128.0,1.0,47.0,133.4,178.1,42.1,128.3,126.3,42.7,41.0,47.3,3011.0,107.15,6.5,0.0,1.0,0.0,1.0,1.0,600.0,34.059909996971285,45.8711,85.0774,39.215300000000006,41.921800000000005,0,0
100148.0,2.0,22.0,61.2,170.6,21.0,78.2,92.4,26.6,37.3,43.4,4465.0,186.94000000000003,7.0,0.0,0.0,1.0,0.0,0.0,60.0,27.22863928316433,16.715,42.389199999999995,19.164900000000003,20.1474,0,0
100165.0,1.0,56.0,71.9,171.1,24.6,93.5,97.5,31.5,36.0,41.5,3642.0,117.7,6.5,0.0,1.0,0.0,0.0,0.0,240.0,29.39095657147285,21.315900000000003,49.2117,20.8675,25.3838,0,0
100168.0,1.0,51.0,75.6,166.3,27.3,95.0,96.2,34.0,39.0,39.0,2960.0,127.46000000000001,8.5,1.0,0.0,0.0,0.0,0.0,240.0,23.627148786853024,17.956599999999998,55.8363,25.745099999999997,26.659299999999998,0,0
100171.0,2.0,28.0,70.7,158.2,28.2,102.6,97.6,30.2,35.0,34.0,,,11.0,0.0,0.0,1.0,0.0,0.0,180.0,37.80940422436485,26.8565,41.9848,16.2513,22.585099999999997,0,0
100175.0,1.0,33.0,87.8,180.2,27.0,87.6,103.4,35.4,40.9,45.0,3429.0,114.53,7.5,0.0,1.0,0.0,1.0,0.0,240.0,22.05882269687116,19.482200000000002,65.0777,32.2583,29.2156,0,0
100181.0,2.0,37.0,91.8,158.1,36.7,113.9,121.1,37.8,35.0,38.3,1613.0,64.77,8.0,0.0,0.0,0.0,0.0,1.0,480.0,47.02032356179708,43.655300000000004,47.234300000000005,20.077,23.9173,0,0
100190.0,2.0,32.0,98.0,168.7,34.4,112.7,120.9,35.3,38.0,38.2,1655.0,48.75000000000001,9.0,0.0,0.0,0.0,0.0,1.0,600.0,41.85275107805724,41.0372,54.5325,23.2881,28.0796,0,0
100192.0,1.0,56.0,93.9,164.6,34.7,117.2,104.8,37.5,38.0,40.0,2655.0,199.84,7.0,1.0,0.0,0.0,0.0,0.0,120.0,32.81969009309445,30.894299999999998,60.6456,26.5067,31.064799999999998,1,0
100195.0,2.0,32.0,56.6,159.2,22.3,81.6,96.5,25.2,35.5,37.5,1857.0,94.43,8.0,0.0,0.0,0.0,1.0,1.0,720.0,33.553971361984416,19.1688,35.767300000000006,15.4683,17.468,0,0
100200.0,2.0,43.0,104.5,162.7,39.5,114.6,124.4,40.9,36.4,33.9,1655.0,56.800000000000004,7.0,0.0,0.0,0.0,0.0,0.0,300.0,41.62677404888639,43.264900000000004,58.3371,23.3197,31.5804,0,0
100201.0,1.0,43.0,82.3,171.9,27.9,96.9,105.1,33.5,40.0,43.1,2216.0,90.71000000000001,3.0,1.0,1.0,0.0,1.0,1.0,240.0,27.930746592917878,23.1206,56.923300000000005,25.285,28.1448,0,0
100202.0,2.0,22.0,85.7,156.4,35.0,104.5,115.7,35.6,33.6,40.6,3091.0,127.26000000000002,10.0,0.0,1.0,0.0,0.0,1.0,360.0,46.64799103010573,40.064699999999995,43.868,18.8718,22.1206,0,0
100211.0,2.0,41.0,72.7,152.9,31.1,102.1,110.4,33.9,36.0,37.2,1700.0,60.419999999999995,7.0,0.0,0.0,0.0,0.0,0.0,30.0,43.57370620365171,31.7249,39.279300000000006,16.129600000000003,20.1482,0,0
100214.0,1.0,57.0,147.9,167.4,52.8,145.8,152.7,52.1,40.5,38.1,1570.0,95.84,,0.0,0.0,0.0,0.0,1.0,480.0,48.57015348625636,71.14439999999999,73.0703,29.298599999999997,40.29,1,0
100216.0,2.0,42.0,52.8,158.0,21.2,74.0,89.1,26.9,32.7,36.1,2759.0,118.99,6.0,0.0,0.0,0.0,1.0,1.0,600.0,24.931094611053496,13.2868,37.9586,15.686,19.659,0,0
100221.0,2.0,30.0,68.3,173.5,22.7,76.6,102.3,26.8,37.0,43.9,2076.0,115.31999999999998,8.0,0.0,0.0,0.0,1.0,1.0,120.0,22.132957787208536,15.184899999999999,50.7745,22.0505,25.541400000000003,0,0
100234.0,2.0,30.0,49.2,151.2,21.5,74.3,92.2,24.4,32.0,33.1,1835.0,77.09,9.0,0.0,0.0,0.0,0.0,0.0,600.0,35.706145126537,17.701400000000003,30.2267,12.3013,15.3638,0,1
100241.0,2.0,36.0,55.5,161.4,21.3,75.3,92.5,27.2,33.5,35.8,1790.0,94.0,6.0,1.0,1.0,0.0,0.0,1.0,300.0,32.296561671241804,18.047900000000002,35.8419,14.5372,18.797100000000004,0,0
100246.0,2.0,22.0,44.0,155.6,18.2,66.5,86.9,22.5,32.0,35.0,1545.0,57.81,9.0,0.0,1.0,1.0,0.0,1.0,420.0,30.547103692957876,13.447,29.1304,12.232599999999998,14.111600000000001,0,1
100248.0,1.0,28.0,71.4,168.5,25.1,80.6,90.4,34.1,35.5,39.0,1751.0,48.46,6.5,1.0,1.0,0.0,1.0,1.0,480.0,18.528717393200758,13.4237,56.549800000000005,26.544100000000004,26.5888,0,0
100250.0,2.0,57.0,78.0,172.5,26.2,91.0,110.2,29.3,35.4,37.3,1717.0,62.94,8.5,0.0,1.0,0.0,0.0,1.0,300.0,39.688185080277925,31.044400000000003,44.8655,19.168,22.6516,0,0
100251.0,2.0,45.0,122.9,171.9,41.6,122.3,132.2,45.5,41.2,46.6,2527.0,76.89999999999996,10.0,0.0,0.0,0.0,0.0,1.0,960.0,44.56457686398239,54.926300000000005,65.2604,31.052699999999998,30.9032,0,0
100253.0,1.0,30.0,91.1,177.1,29.0,105.4,109.9,35.2,39.4,43.3,2369.0,134.70999999999998,6.0,0.0,0.0,1.0,1.0,1.0,480.0,30.860172570365872,28.3923,60.5259,28.021699999999996,29.191599999999998,0,0
100254.0,2.0,28.0,72.4,169.7,25.1,84.3,96.7,30.5,38.7,41.4,,,3.0,0.0,0.0,0.0,1.0,1.0,300.0,24.431284634250545,17.853,52.671,25.676800000000004,23.6608,0,0
100257.0,2.0,55.0,75.6,162.5,28.6,93.8,103.0,33.1,34.5,38.5,1506.0,66.21,7.0,1.0,1.0,1.0,0.0,0.0,300.0,41.410145393137896,31.5669,42.754,18.515300000000003,21.4295,0,0
100260.0,2.0,18.0,80.0,154.5,33.5,109.3,112.7,36.7,37.0,38.5,1544.0,68.69999999999999,6.5,0.0,1.0,1.0,1.0,1.0,300.0,40.561159082053535,32.1454,45.0655,21.117900000000002,21.1685,0,0
100262.0,2.0,18.0,67.9,167.5,24.2,85.5,97.2,30.0,37.5,40.6,2347.0,104.43000000000002,8.0,0.0,0.0,0.0,1.0,1.0,300.0,31.55084213294781,21.5574,44.2821,19.6382,21.695400000000003,0,0
100265.0,2.0,55.0,52.9,160.2,20.6,77.7,89.2,25.5,34.5,36.5,,,8.0,0.0,0.0,1.0,0.0,1.0,420.0,37.64393449675539,20.230400000000003,31.8765,12.3792,16.664,0,1
100266.0,2.0,40.0,49.8,164.6,18.4,72.6,88.4,23.6,36.0,36.2,1509.0,62.88999999999999,10.0,0.0,0.0,1.0,1.0,1.0,60.0,25.23049679594588,12.6863,35.6366,14.244399999999999,18.734,0,1
100269.0,2.0,24.0,76.4,163.3,28.6,91.2,103.5,31.6,37.0,38.3,2149.0,104.02000000000001,8.5,0.0,1.0,0.0,0.0,1.0,300.0,35.573475145559215,27.4342,47.5155,20.0597,24.703599999999998,0,0
100271.0,2.0,36.0,81.1,159.8,31.8,109.8,116.5,35.6,33.6,39.2,2741.0,72.61,8.0,0.0,1.0,0.0,0.0,1.0,480.0,43.692064286162505,35.5802,43.8335,19.254199999999997,21.551599999999997,0,0
100277.0,2.0,18.0,96.3,164.2,35.7,100.5,123.0,36.3,38.2,41.0,1482.0,95.6,9.0,0.0,0.0,1.0,1.0,0.0,300.0,47.96282562583951,46.2412,47.878699999999995,22.1583,22.655099999999997,0,0
100281.0,2.0,59.0,97.7,152.9,41.8,116.8,135.6,43.5,34.4,36.1,1424.0,47.72,7.0,0.0,0.0,0.0,0.0,0.0,120.0,49.490952277574166,48.443599999999996,47.686699999999995,20.2532,24.4408,1,0
100287.0,2.0,18.0,54.5,157.3,22.0,75.1,88.5,26.3,33.6,33.6,,,9.0,0.0,1.0,0.0,1.0,1.0,300.0,38.083544535323924,21.0296,32.4597,12.916599999999999,16.726200000000002,0,1
100294.0,2.0,40.0,71.9,166.9,25.8,95.5,103.2,28.0,38.2,40.1,1527.0,42.89999999999999,7.0,0.0,1.0,0.0,1.0,0.0,360.0,41.878031005843276,30.4793,40.0417,16.2562,20.511400000000002,0,0
100295.0,1.0,36.0,75.8,175.4,24.6,85.7,97.0,36.4,39.0,42.6,,,8.0,1.0,1.0,0.0,1.0,1.0,300.0,22.917271543894913,17.357200000000002,55.752300000000005,26.8017,25.7424,0,0
100305.0,1.0,48.0,120.6,176.2,38.8,120.4,116.3,41.8,40.2,41.0,4266.0,244.23000000000002,6.5,1.0,1.0,0.0,0.0,0.0,240.0,31.63841864278948,38.0522,79.02239999999999,36.2386,38.5432,0,0
100311.0,1.0,55.0,91.1,166.5,32.9,105.0,105.4,35.3,35.5,37.6,2027.0,96.42000000000003,9.0,0.0,1.0,1.0,0.0,1.0,300.0,24.852151733805012,22.8429,66.5718,28.286099999999998,34.348699999999994,0,0
100313.0,2.0,35.0,57.4,169.5,20.0,81.8,90.3,27.4,36.0,37.8,2265.0,68.43,7.5,0.0,1.0,0.0,0.0,0.0,600.0,30.558935261257602,17.7849,37.764199999999995,16.0202,19.3357,0,0
100318.0,1.0,41.0,112.4,175.5,36.5,124.9,113.0,40.0,39.0,44.0,3480.0,131.62,12.0,0.0,0.0,0.0,0.0,0.0,720.0,35.21705969197283,39.4785,70.1983,31.241400000000002,35.7117,0,0
100319.0,2.0,47.0,119.2,165.3,43.6,122.5,137.5,40.0,39.0,37.4,2612.0,94.44999999999999,9.0,0.0,0.0,0.0,0.0,1.0,240.0,46.992543454803375,56.3321,61.2375,25.384400000000003,32.9914,0,0
100324.0,2.0,46.0,69.2,154.1,29.1,86.2,102.6,34.0,33.7,35.1,2212.0,70.97000000000001,5.0,0.0,1.0,0.0,1.0,1.0,240.0,42.9243205029372,29.806,37.933,15.91,19.2988,0,0
100329.0,2.0,27.0,84.2,158.3,33.6,109.5,111.0,40.8,36.0,39.4,1784.0,84.65,7.5,0.0,0.0,0.0,0.0,0.0,180.0,45.300404737561664,38.157599999999995,44.0559,19.0936,22.197,0,0
100333.0,1.0,29.0,72.6,161.7,27.8,89.8,96.5,32.0,36.7,41.7,2127.0,82.46000000000001,7.5,0.0,0.0,1.0,1.0,0.0,360.0,28.659445199193428,20.91,49.6879,22.771,23.8491,0,0
100334.0,1.0,25.0,81.6,173.3,27.2,93.9,103.4,35.0,37.6,41.2,5314.0,146.09,8.0,1.0,1.0,1.0,1.0,1.0,360.0,26.524971681698872,21.7027,57.6053,25.7875,28.478099999999998,0,0
100336.0,1.0,18.0,65.9,179.7,20.4,73.9,92.3,28.2,40.7,48.2,2706.0,89.58999999999999,6.0,1.0,1.0,1.0,1.0,1.0,480.0,15.627971745528912,10.3698,52.9916,26.0002,23.951700000000002,0,0
100338.0,1.0,45.0,75.4,176.8,24.1,93.2,99.2,28.5,38.2,41.5,2460.0,65.77000000000001,7.0,0.0,0.0,0.0,1.0,0.0,300.0,25.58797836073238,19.376099999999997,53.7722,25.1331,25.808,0,0
100347.0,1.0,57.0,83.5,175.0,27.3,99.2,101.7,33.3,40.8,40.0,2273.0,90.36,8.5,0.0,0.0,0.0,1.0,1.0,720.0,28.21933553668123,23.7408,57.5151,26.8883,27.6174,0,0
100361.0,1.0,57.0,115.4,176.4,37.1,122.5,117.3,41.4,41.1,41.5,2610.0,157.05,7.5,0.0,0.0,0.0,0.0,0.0,420.0,32.79880086184812,37.936099999999996,75.12360000000001,32.406600000000005,39.003800000000005,0,0
100365.0,2.0,22.0,63.7,156.9,25.9,85.3,102.2,27.2,33.4,38.3,3184.0,82.4,8.0,0.0,1.0,0.0,1.0,0.0,240.0,38.01909223588941,24.4373,37.844300000000004,15.449699999999998,19.119400000000002,0,0
100369.0,2.0,55.0,61.0,147.2,28.2,90.0,94.0,32.6,33.2,33.0,2614.0,131.98,5.0,1.0,1.0,0.0,0.0,0.0,300.0,41.70081631848813,25.6079,34.179300000000005,14.8757,16.467599999999997,0,0
100376.0,1.0,49.0,84.9,178.0,26.8,83.0,99.0,38.0,39.5,44.0,2390.0,90.07,7.0,1.0,1.0,0.0,1.0,1.0,180.0,16.38177433920808,14.0764,68.6664,33.5189,31.7793,0,0
100377.0,1.0,47.0,69.6,160.9,26.9,92.1,93.5,33.4,36.0,37.0,1663.0,72.49,6.0,0.0,0.0,0.0,0.0,0.0,600.0,31.661163494522636,22.1836,45.5892,20.740099999999998,21.6816,1,0
100378.0,2.0,44.0,116.6,148.1,53.2,122.4,136.2,44.7,34.9,36.4,2434.0,122.60000000000001,6.5,0.0,0.0,0.0,1.0,1.0,900.0,48.46196549062433,56.3416,57.8221,23.4795,31.181900000000002,1,0
100382.0,1.0,45.0,141.6,170.9,48.5,129.3,144.0,41.3,36.5,40.0,1255.0,58.78999999999999,7.5,0.0,1.0,0.0,0.0,0.0,480.0,42.07126251248031,59.1865,78.3937,31.2715,42.427699999999994,1,0
100388.0,2.0,56.0,96.3,150.5,42.5,117.6,131.1,38.4,33.1,34.2,1945.0,51.14999999999999,10.0,0.0,1.0,0.0,0.0,0.0,420.0,46.724201021253826,44.6016,49.2296,19.815099999999997,26.539699999999996,1,0
100389.0,2.0,55.0,78.7,159.2,31.1,106.4,101.6,31.2,36.5,36.0,694.0,9.09,6.0,1.0,1.0,1.0,0.0,0.0,780.0,38.05968204293324,30.0827,46.465300000000006,20.9734,22.9808,0,0
100393.0,1.0,52.0,105.5,173.8,34.9,115.4,109.2,39.8,37.4,41.6,1313.0,50.930000000000014,7.5,0.0,0.0,0.0,0.0,0.0,420.0,28.431575686195586,30.201700000000002,73.4019,32.018,37.6195,0,0
100402.0,2.0,51.0,69.5,155.0,28.9,105.5,100.7,29.8,35.0,37.0,895.0,35.190000000000005,6.5,0.0,1.0,1.0,0.0,0.0,300.0,42.90632684229308,29.9146,38.1682,15.2715,20.39229999999999,0,0
100407.0,1.0,55.0,85.0,174.4,27.9,99.2,100.8,37.0,38.4,44.4,,,7.5,0.0,0.0,0.0,0.0,0.0,180.0,28.75937584916065,24.4908,58.0636,28.6227,26.0093,0,0
100420.0,1.0,34.0,97.5,180.5,29.9,98.7,108.3,37.6,41.0,44.6,1048.0,56.59,7.0,1.0,1.0,0.0,1.0,0.0,180.0,27.367273863997365,26.929599999999997,67.6233,32.052699999999994,31.6068,0,0
100421.0,2.0,50.0,57.8,159.4,22.7,84.7,94.2,30.6,36.3,37.6,1216.0,39.449999999999996,6.5,0.0,0.0,0.0,0.0,0.0,180.0,33.29726894769564,19.173299999999998,36.5443,15.4882,18.5087,0,0
100428.0,2.0,29.0,68.0,149.8,30.3,91.8,98.6,33.0,35.2,33.6,4503.0,263.68,8.0,0.0,1.0,0.0,0.0,1.0,540.0,41.813812118995294,28.213,37.280199999999994,16.723200000000002,17.9696,0,0
100429.0,1.0,33.0,90.5,173.5,30.1,107.1,105.8,34.6,38.0,44.2,,,6.0,0.0,0.0,0.0,0.0,0.0,60.0,29.044791857190294,26.4877,61.860800000000005,26.6918,31.6953,0,0
100432.0,1.0,29.0,89.0,169.0,31.2,99.1,102.6,38.6,33.1,40.1,1906.0,57.2,9.5,0.0,1.0,0.0,1.0,0.0,180.0,30.31514608112202,27.1973,59.9553,26.197499999999998,30.2458,0,0
100434.0,2.0,32.0,104.5,152.5,44.9,122.2,137.5,41.3,33.7,34.8,748.0,95.28,8.5,0.0,0.0,0.0,0.0,1.0,120.0,56.11198062233925,59.216,44.4845,18.5476,23.372800000000005,1,0
100438.0,2.0,22.0,60.5,159.7,23.7,80.2,98.7,27.1,32.8,36.7,2969.0,135.52999999999997,7.5,0.0,1.0,0.0,1.0,1.0,300.0,30.595664488547293,18.618599999999997,40.0546,16.3217,20.978900000000003,0,0
100439.0,1.0,19.0,65.7,159.6,25.8,88.8,90.5,31.6,36.2,36.5,523.0,6.8,7.0,1.0,1.0,1.0,1.0,1.0,360.0,27.14810828374728,18.046799999999998,46.667699999999996,20.4954,23.4347,0,0
100440.0,2.0,28.0,61.3,154.3,25.7,86.7,99.7,31.2,33.0,37.4,,,7.0,0.0,0.0,0.0,1.0,1.0,60.0,42.86235297447447,26.501900000000003,33.568,13.7542,17.2763,0,0
100443.0,1.0,26.0,134.1,173.7,44.4,126.9,122.1,43.5,40.2,41.8,2265.0,64.91,3.0,0.0,0.0,0.0,0.0,0.0,360.0,35.57773501878523,48.456900000000005,84.7418,38.873,41.65360000000001,0,0
100447.0,1.0,50.0,92.1,181.6,27.9,103.6,103.6,33.8,40.3,42.2,1422.0,58.54,6.5,1.0,1.0,1.0,0.0,1.0,45.0,23.927604623131263,22.7533,68.9319,30.083099999999998,35.341800000000006,0,0
100451.0,2.0,40.0,58.7,155.9,24.2,80.8,91.0,28.8,34.0,33.5,1067.0,54.68,7.0,0.0,0.0,1.0,0.0,1.0,60.0,33.727265447604466,19.6274,36.6566,15.611,18.1365,0,0
100454.0,2.0,52.0,60.8,154.4,25.5,90.4,100.6,28.7,35.0,33.8,2016.0,58.31,5.5,0.0,1.0,0.0,0.0,1.0,60.0,39.1344597667054,24.0113,35.2727,14.3241,18.323900000000002,0,0
100457.0,2.0,19.0,54.8,152.0,23.7,70.1,94.2,27.0,32.5,35.1,895.0,31.519999999999996,9.0,0.0,0.0,0.0,0.0,1.0,60.0,31.167893354184027,17.2043,36.106300000000005,15.285,18.154400000000003,0,0
100461.0,2.0,19.0,52.9,160.4,20.6,69.1,96.1,24.7,35.5,39.4,2683.0,110.36999999999998,9.0,1.0,0.0,1.0,0.0,0.0,360.0,26.33128821836545,13.9357,37.207800000000006,17.2713,17.136900000000004,0,0
100463.0,1.0,28.0,58.4,175.0,19.1,74.5,87.0,26.3,37.8,44.8,2123.0,57.86,8.5,1.0,1.0,0.0,1.0,1.0,300.0,13.26846454138278,7.936,49.4225,22.8425,23.612299999999998,0,0
100464.0,1.0,32.0,116.7,180.6,35.8,104.3,120.2,43.0,38.5,46.6,4219.0,118.44,7.0,1.0,1.0,0.0,1.0,1.0,180.0,21.26442070376307,24.886599999999998,88.16539999999999,43.878699999999995,40.2551,0,0
100466.0,1.0,18.0,146.5,169.6,50.9,146.4,140.0,48.4,43.7,42.2,317.0,5.397605346934028e-79,7.0,1.0,1.0,1.0,0.0,0.0,600.0,44.36664170906725,64.9446,78.3876,36.8523,37.7362,1,0
100467.0,1.0,19.0,84.3,176.1,27.2,92.9,105.8,34.1,40.0,44.3,1521.0,61.84,6.5,0.0,0.0,0.0,0.0,0.0,420.0,28.538504006446413,24.161,57.972,26.0319,28.6142,0,0
100468.0,2.0,52.0,83.1,157.7,33.4,98.7,109.3,34.5,36.8,36.1,542.0,37.32,7.0,0.0,0.0,0.0,0.0,1.0,120.0,40.61220517601505,33.8648,47.656099999999995,21.8957,22.8674,0,0
100476.0,2.0,38.0,56.9,158.9,22.5,82.5,93.2,28.1,35.8,38.3,1946.0,96.35000000000001,9.0,0.0,0.0,0.0,0.0,0.0,600.0,35.024720288813505,20.0398,35.2128,15.3856,17.2129,0,0
100481.0,2.0,59.0,74.7,162.0,28.5,98.2,100.5,30.4,34.8,32.6,1828.0,76.24000000000001,7.0,0.0,0.0,0.0,0.0,1.0,420.0,40.08489781196858,30.0517,42.655199999999994,18.482400000000002,21.289,0,0
100483.0,2.0,51.0,85.5,158.9,33.9,103.7,113.3,36.8,37.0,38.0,1867.0,75.41,6.0,0.0,0.0,0.0,0.0,0.0,60.0,45.60133875061992,39.1066,44.598099999999995,17.4786,23.8736,0,0
100494.0,1.0,29.0,104.6,177.2,33.3,99.2,107.8,42.1,42.2,43.7,5180.0,388.21,8.0,0.0,1.0,1.0,1.0,1.0,420.0,25.908717931270566,27.1101,74.717,36.1401,34.7692,0,0
100500.0,2.0,34.0,86.8,168.0,30.8,108.5,120.7,33.3,37.5,43.0,2316.0,95.5,4.0,0.0,0.0,1.0,1.0,0.0,120.0,41.7347656455829,36.4342,49.0881,21.8808,23.758599999999998,0,0
100505.0,2.0,57.0,63.4,148.7,28.7,89.9,102.5,31.4,33.0,31.4,,,6.0,0.0,0.0,0.0,0.0,0.0,150.0,43.18661085973704,27.4998,34.5495,14.4511,17.1675,1,0
100514.0,1.0,37.0,98.0,166.5,35.4,111.6,106.8,38.9,39.8,39.6,4900.0,169.77,6.0,1.0,1.0,0.0,0.0,0.0,360.0,32.42807518261273,31.9135,64.1083,27.720200000000002,32.811099999999996,1,0
100521.0,1.0,58.0,97.9,183.7,29.0,103.1,108.9,33.6,40.4,39.9,2977.0,85.93,9.0,0.0,0.0,0.0,0.0,1.0,240.0,24.185767274138676,23.8409,71.57339999999999,31.899199999999997,35.6962,0,0
100530.0,1.0,52.0,73.7,161.4,28.3,94.6,101.4,35.3,38.4,38.6,1445.0,51.56,7.5,1.0,0.0,0.0,0.0,0.0,360.0,27.169254735049552,20.140900000000002,51.841,24.004099999999998,24.7892,0,0
100532.0,2.0,46.0,90.6,162.8,34.2,114.6,115.2,33.9,34.2,38.8,1869.0,87.23,8.0,0.0,0.0,0.0,0.0,0.0,180.0,43.34436312666625,39.4521,49.323800000000006,21.3062,24.8416,0,0
100535.0,2.0,56.0,68.0,156.5,27.8,89.5,97.5,29.9,36.9,33.9,1861.0,59.04999999999999,5.0,0.0,1.0,0.0,0.0,0.0,480.0,36.11977018267531,24.518099999999997,41.664,17.460300000000004,21.340400000000002,0,0
100537.0,2.0,32.0,96.4,152.3,41.6,121.9,129.0,39.4,33.0,37.9,4230.0,158.19,7.0,0.0,0.0,1.0,0.0,0.0,420.0,48.45111158906407,46.8114,48.1595,18.322200000000002,26.850699999999996,1,0
100546.0,2.0,31.0,85.5,182.4,25.7,97.0,113.2,34.3,41.0,45.7,2303.0,128.42000000000002,8.0,0.0,0.0,0.0,1.0,1.0,480.0,34.569450029996204,29.7162,53.2513,23.8149,26.4954,0,0
100548.0,2.0,33.0,49.6,151.1,21.7,72.9,89.3,26.4,32.2,35.0,2095.0,72.52999999999999,8.5,0.0,1.0,0.0,1.0,1.0,300.0,30.202350584202907,15.087399999999999,33.2005,14.1208,16.630200000000002,0,0
100557.0,1.0,52.0,76.7,171.9,26.0,92.4,99.8,33.0,37.7,41.0,644.0,42.120000000000005,5.0,1.0,0.0,0.0,0.0,0.0,300.0,25.74888813220561,19.7366,54.2839,25.772299999999998,25.2055,0,0
100563.0,2.0,45.0,115.7,166.8,41.6,117.3,126.8,42.5,36.1,39.6,2089.0,73.52000000000001,12.0,0.0,0.0,0.0,0.0,0.0,360.0,42.67500595957711,49.0869,63.307300000000005,28.3668,31.497500000000006,0,0
100568.0,1.0,46.0,99.9,171.8,33.8,114.1,109.6,36.2,38.6,40.0,3357.0,91.34000000000002,7.0,0.0,0.0,1.0,0.0,1.0,60.0,36.5785586661213,36.7824,61.143800000000006,25.291400000000003,32.4929,1,0
100571.0,1.0,30.0,77.0,172.7,25.8,87.2,101.1,33.1,38.8,43.8,3116.0,97.40999999999998,8.0,0.0,0.0,0.0,1.0,1.0,480.0,25.232243502491496,19.555400000000002,55.5664,26.368699999999997,26.1466,0,0
100572.0,1.0,41.0,123.3,180.0,38.1,127.8,103.2,41.8,41.1,41.1,3905.0,113.57000000000001,7.0,1.0,0.0,0.0,0.0,0.0,60.0,32.199406955985694,39.9167,80.9292,35.2002,42.3004,0,0
100575.0,2.0,50.0,59.8,152.2,25.8,94.7,86.7,26.7,31.5,34.8,877.0,54.09,6.0,0.0,1.0,0.0,0.0,1.0,120.0,34.50055846436831,20.7727,37.7558,14.026299999999999,21.2415,0,0
100577.0,2.0,27.0,58.3,162.2,22.2,74.1,94.0,29.3,37.9,39.9,2093.0,54.4,9.0,0.0,1.0,1.0,0.0,0.0,300.0,24.50680717276879,14.4274,41.828,19.615599999999997,19.472,0,0
100579.0,1.0,59.0,91.6,164.0,34.1,108.9,112.5,35.2,39.0,37.5,2690.0,116.60000000000002,9.0,1.0,1.0,0.0,0.0,0.0,180.0,30.9809284055221,28.6375,61.1507,25.652199999999997,32.4321,1,0
100583.0,2.0,29.0,63.8,151.7,27.7,85.7,102.0,32.7,34.0,36.2,4134.0,154.95,7.0,0.0,1.0,1.0,0.0,1.0,120.0,40.55982934935089,26.102700000000002,36.408699999999996,15.348900000000002,18.1674,0,0
100592.0,1.0,18.0,108.9,176.5,35.0,110.5,123.8,38.7,39.0,45.5,3133.0,114.88,6.5,0.0,0.0,1.0,1.0,1.0,600.0,32.50843127240181,35.9804,71.66380000000001,33.9435,33.5832,0,0
100599.0,1.0,54.0,81.5,166.8,29.3,104.2,96.2,34.8,36.0,37.5,1954.0,104.59,6.5,0.0,1.0,1.0,0.0,1.0,360.0,33.22039616184171,27.139200000000002,52.2737,21.423299999999998,27.548599999999997,1,0
100607.0,1.0,19.0,71.7,178.9,22.4,79.2,93.5,31.1,41.5,44.3,3585.0,118.79,7.5,0.0,0.0,1.0,1.0,0.0,420.0,17.564875054657676,12.7219,56.6415,27.3597,26.485599999999998,0,0
100611.0,1.0,43.0,83.8,177.0,26.7,90.5,101.1,34.6,38.0,41.2,6145.0,179.05000000000004,7.0,1.0,1.0,0.0,0.0,0.0,180.0,25.737190744039772,21.8816,59.8386,26.647000000000002,29.642599999999998,0,0
100614.0,1.0,18.0,123.6,178.1,39.0,120.2,123.0,40.3,39.2,50.0,1648.0,77.69,6.0,0.0,0.0,1.0,0.0,0.0,480.0,38.32191750830808,47.6978,73.6318,33.4758,36.1142,0,0
100619.0,2.0,28.0,87.0,170.6,29.9,103.2,108.6,34.7,37.7,39.4,2296.0,130.94999999999993,8.5,0.0,1.0,0.0,1.0,1.0,300.0,31.292887758793704,27.5145,58.076800000000006,24.431199999999997,30.609900000000003,0,0
100622.0,1.0,43.0,59.3,184.6,17.4,77.7,90.0,24.9,41.5,46.5,1570.0,39.03,7.0,0.0,1.0,0.0,0.0,0.0,420.0,24.023489316544563,14.126100000000001,42.2789,18.523400000000002,20.8522,0,1
100623.0,2.0,36.0,71.4,171.3,24.3,87.3,106.5,29.3,36.5,40.0,1855.0,70.35000000000001,7.5,0.0,0.0,0.0,0.0,1.0,540.0,40.72695263223175,29.4535,40.1941,16.6866,20.701400000000003,0,0
100624.0,1.0,23.0,85.2,170.0,29.5,106.3,107.2,35.1,38.4,39.6,3831.0,132.07,7.0,1.0,1.0,1.0,0.0,0.0,60.0,32.265830040686744,27.5705,55.569199999999995,24.3992,27.814799999999998,0,0
100625.0,2.0,54.0,75.2,149.9,33.5,99.7,109.5,36.4,37.0,30.8,853.0,61.41,9.0,0.0,0.0,0.0,0.0,0.0,240.0,43.25314454947849,32.6357,41.003,16.4002,22.0564,1,0
100627.0,2.0,43.0,42.2,147.1,19.5,68.7,80.0,26.8,31.5,35.2,1024.0,33.96,4.0,0.0,0.0,0.0,0.0,1.0,720.0,31.535566002605492,13.355,27.5269,10.574200000000001,14.4615,0,1
100628.0,1.0,33.0,100.1,173.9,33.1,102.5,106.0,38.7,38.5,40.0,1556.0,74.41000000000001,7.0,0.0,1.0,1.0,0.0,1.0,300.0,26.734630385247097,26.8281,70.6213,32.2343,34.4056,0,0
100630.0,1.0,18.0,73.8,174.4,24.3,80.5,98.8,31.0,39.5,39.7,3487.0,142.55,8.5,0.0,0.0,0.0,1.0,1.0,300.0,21.287668617573193,15.7441,55.6217,24.454199999999997,27.7233,0,0
100641.0,2.0,24.0,49.1,160.5,19.1,71.0,87.6,25.8,33.0,36.5,,,10.0,0.0,0.0,0.0,1.0,0.0,300.0,21.285530861395056,10.5021,36.763400000000004,16.3788,17.6403,0,0
100644.0,2.0,31.0,62.7,161.2,24.1,86.0,100.2,29.3,33.0,36.0,1095.0,38.9,7.5,1.0,1.0,1.0,0.0,0.0,120.0,35.974509000487984,22.8094,38.5871,15.429200000000002,20.471,0,0
100647.0,1.0,33.0,62.6,155.5,25.9,94.7,92.1,28.5,33.8,35.9,1838.0,88.95,6.5,0.0,0.0,0.0,0.0,0.0,300.0,28.652700188777384,17.7325,42.0816,18.1612,20.8705,1,0
100653.0,1.0,25.0,88.8,175.5,28.8,99.5,106.2,33.1,38.5,47.1,1709.0,93.01,8.0,0.0,0.0,0.0,0.0,1.0,480.0,27.645132876442634,24.6155,61.8125,28.724400000000003,29.265700000000002,0,0
100667.0,1.0,20.0,61.9,169.4,21.6,68.5,85.8,34.4,39.2,40.8,892.0,30.64,8.0,1.0,1.0,0.0,1.0,0.0,300.0,12.51488323668343,7.8674,52.6827,25.015099999999997,24.2383,0,0
100670.0,1.0,41.0,77.7,164.8,28.6,96.7,99.3,38.7,36.2,37.3,,,8.0,1.0,1.0,0.0,0.0,0.0,300.0,29.60537598008934,23.2196,52.8717,23.6265,25.8124,0,0
100672.0,2.0,25.0,75.0,156.9,30.5,97.0,106.5,34.2,35.5,38.0,2351.0,80.93000000000002,8.0,0.0,0.0,0.0,0.0,0.0,240.0,36.13571217613174,27.1255,46.0743,19.9372,22.8733,0,0
100673.0,2.0,35.0,47.9,150.5,21.1,69.6,86.8,25.2,32.1,35.3,2899.0,74.78999999999999,9.0,0.0,0.0,0.0,0.0,0.0,180.0,28.738333514912867,13.8485,32.6413,13.579,16.435200000000002,0,0
100677.0,2.0,56.0,72.4,167.5,25.8,91.7,107.6,33.8,37.2,41.2,1355.0,24.759999999999998,7.0,0.0,0.0,0.0,0.0,0.0,360.0,41.30456224935822,29.8578,40.2806,16.9019,20.5574,0,0
100680.0,1.0,18.0,72.8,169.7,25.3,85.3,98.3,31.7,38.0,40.7,3111.0,68.67,11.0,0.0,0.0,1.0,0.0,0.0,120.0,25.914824757941858,19.0463,52.2376,24.761599999999998,23.5637,0,0
100681.0,2.0,56.0,72.2,160.6,28.0,97.3,99.3,32.7,35.6,34.9,1791.0,50.62,10.0,1.0,1.0,0.0,0.0,0.0,60.0,41.65447000658279,30.5379,40.725,16.5766,21.2485,0,0
100689.0,1.0,21.0,126.5,170.4,43.6,112.0,133.3,43.7,38.6,46.0,1808.0,71.27000000000001,5.0,1.0,0.0,1.0,1.0,1.0,480.0,37.389300409715794,47.688,76.9611,38.2695,34.918800000000005,0,0
100698.0,2.0,48.0,60.8,163.7,22.7,80.0,94.4,26.5,34.8,35.9,1397.0,74.1,6.5,0.0,0.0,1.0,1.0,1.0,300.0,33.5594446567969,20.9574,38.9711,15.663200000000002,19.932299999999998,0,0
100705.0,2.0,56.0,93.7,161.9,35.7,118.0,121.4,34.2,34.4,38.5,1847.0,55.89000000000001,7.5,0.0,0.0,0.0,0.0,0.0,360.0,43.34172856992898,40.9175,51.2902,22.0258,26.2575,0,0
100713.0,2.0,38.0,67.6,164.6,25.0,87.2,107.3,29.5,36.0,39.0,955.0,51.67999999999999,6.5,0.0,1.0,0.0,0.0,1.0,360.0,37.51416625393601,25.518099999999997,40.529300000000006,16.8312,20.7881,0,0
100714.0,2.0,37.0,78.0,171.0,26.7,95.5,103.7,30.0,39.6,40.1,2070.0,68.11,7.0,0.0,1.0,0.0,0.0,1.0,480.0,43.17109445493749,33.9792,42.389300000000006,17.5432,21.852400000000003,0,0
100715.0,2.0,51.0,89.0,163.3,33.4,98.3,117.5,34.0,37.0,37.0,1606.0,63.43,,0.0,0.0,0.0,0.0,0.0,180.0,42.1762095531726,37.4222,49.1691,21.813599999999997,24.6579,0,0
100720.0,1.0,59.0,77.7,185.0,22.7,93.3,97.3,30.7,42.4,42.2,3313.0,94.47,5.0,1.0,1.0,0.0,0.0,1.0,360.0,23.058043865867546,18.032700000000002,57.456300000000006,23.578400000000002,30.727400000000003,0,1
100727.0,1.0,26.0,83.3,177.6,26.4,97.0,105.1,33.7,40.5,41.4,3182.0,82.84,5.0,0.0,0.0,0.0,0.0,0.0,480.0,30.861647371476604,26.0638,55.997699999999995,24.7852,27.933,0,0
100730.0,2.0,44.0,93.9,157.9,37.7,110.0,128.2,34.3,35.0,36.9,,,8.0,1.0,1.0,0.0,0.0,1.0,480.0,48.85227223444914,46.4096,46.306599999999996,19.229899999999997,23.965799999999998,1,0
100732.0,1.0,35.0,115.8,170.0,40.1,115.8,117.7,43.6,38.2,38.4,3615.0,355.67,4.5,0.0,1.0,1.0,0.0,0.0,180.0,29.843653807408643,34.617,78.728,34.3196,40.1494,0,0
100740.0,1.0,20.0,80.0,178.0,25.2,90.1,103.5,31.6,40.4,40.9,2522.0,88.13,9.0,0.0,1.0,0.0,0.0,0.0,600.0,30.550381990273852,24.5373,53.4724,23.1259,27.111900000000002,0,0
100742.0,1.0,34.0,73.8,183.8,21.8,81.2,96.1,31.0,41.0,46.5,2205.0,82.29,6.0,0.0,1.0,0.0,0.0,0.0,120.0,18.359107909801804,13.675,57.6536,28.1068,26.0478,0,0
100743.0,2.0,52.0,77.5,167.4,27.7,95.7,105.0,32.2,40.2,37.0,1730.0,71.18,8.0,0.0,0.0,1.0,0.0,0.0,480.0,40.51351631447557,31.391099999999998,44.0283,19.155099999999997,22.1949,0,0
100759.0,1.0,35.0,81.4,180.3,25.0,93.2,100.1,31.5,35.2,43.2,2398.0,81.63,3.5,1.0,1.0,0.0,1.0,1.0,120.0,23.519223415350737,19.4045,60.048199999999994,27.0356,29.4434,0,0
100764.0,2.0,47.0,61.7,157.3,24.9,86.9,101.1,27.6,32.7,36.9,1815.0,50.660000000000004,8.0,0.0,0.0,0.0,1.0,0.0,360.0,40.256387512863085,25.0525,35.3155,14.253300000000001,18.304299999999998,0,0
100765.0,2.0,48.0,56.5,154.6,23.6,83.0,92.7,28.0,33.2,32.0,,,7.0,0.0,0.0,1.0,0.0,0.0,180.0,32.132212655498265,18.3104,36.5986,14.879700000000001,18.846700000000002,0,0
100775.0,2.0,21.0,50.6,156.7,20.6,75.6,88.2,23.2,34.0,38.7,1275.0,45.849999999999994,9.0,0.0,0.0,1.0,1.0,0.0,600.0,26.89468896009745,13.891399999999999,35.946400000000004,14.7914,18.513900000000003,0,0
100780.0,1.0,54.0,94.4,182.1,28.5,106.7,108.0,33.2,40.5,44.4,3032.0,107.58,9.0,0.0,1.0,0.0,0.0,0.0,480.0,39.11538592958136,36.975699999999996,54.9669,22.542,29.281700000000004,0,1
100801.0,1.0,34.0,107.3,173.1,35.8,111.5,116.4,39.2,37.2,40.7,2927.0,57.73,9.5,0.0,1.0,1.0,0.0,1.0,240.0,33.674984672871346,36.6144,69.36410000000001,29.5775,36.25,0,0
100802.0,2.0,51.0,91.9,156.5,37.5,112.3,125.2,35.4,31.3,36.5,3557.0,126.13000000000001,6.5,0.0,0.0,0.0,0.0,1.0,480.0,41.855178611138925,38.622,51.298300000000005,22.440699999999996,25.5832,0,0
100814.0,2.0,19.0,110.1,167.7,39.1,123.2,127.2,40.3,39.5,42.4,1812.0,109.9,6.0,0.0,0.0,1.0,0.0,0.0,960.0,46.86931217587381,51.3988,56.196400000000004,25.051199999999998,28.1133,0,0
100816.0,2.0,43.0,93.3,170.8,32.0,110.4,108.9,38.3,37.0,37.0,1006.0,49.49999999999999,9.0,0.0,1.0,0.0,0.0,1.0,240.0,41.89027741106655,39.203900000000004,52.0841,20.4852,28.7447,0,0
100818.0,2.0,27.0,58.4,152.5,25.1,86.3,99.0,29.0,33.9,36.0,1502.0,102.78999999999998,7.0,1.0,1.0,0.0,0.0,0.0,240.0,42.73725144633742,25.055,31.809,12.690700000000001,16.5685,1,1
100841.0,2.0,41.0,56.6,160.9,21.9,80.4,92.9,27.2,36.0,36.0,1227.0,65.52,8.0,0.0,1.0,0.0,0.0,0.0,180.0,32.731424091961614,18.7393,36.428,14.4985,18.5843,0,0
100855.0,2.0,30.0,63.5,167.1,22.7,83.6,97.1,26.7,36.4,37.2,3329.0,93.05,7.0,0.0,1.0,0.0,1.0,1.0,180.0,30.2008060428739,19.3717,42.454,18.779,21.0103,0,0
100860.0,2.0,36.0,123.6,169.7,42.9,127.1,129.8,42.5,37.0,39.6,784.0,30.630000000000003,7.0,1.0,1.0,1.0,0.0,1.0,180.0,46.36455687208001,56.376,62.569,26.3541,32.4715,0,0
100861.0,1.0,36.0,154.9,172.8,51.9,143.4,146.6,48.2,39.3,38.1,2009.0,55.75,7.0,0.0,1.0,0.0,0.0,1.0,120.0,40.42689804772234,62.8992,89.40960000000001,40.3864,45.320899999999995,1,0
100866.0,1.0,46.0,128.0,181.0,39.1,126.6,128.0,41.5,41.0,47.0,2674.0,121.04,5.5,0.0,0.0,0.0,1.0,0.0,480.0,34.67468451919751,44.720699999999994,81.1814,37.2199,40.122800000000005,0,0
100874.0,1.0,55.0,61.1,164.9,22.5,78.0,93.2,29.2,35.0,39.1,1979.0,93.71999999999998,5.5,1.0,1.0,0.0,1.0,1.0,120.0,21.48279774039737,13.2479,46.1579,20.1346,22.7503,0,0
100881.0,1.0,26.0,86.5,185.3,25.2,86.9,101.9,33.7,43.8,45.0,1478.0,40.5,9.0,0.0,0.0,0.0,0.0,0.0,360.0,27.062745277114452,24.18,62.4467,29.9644,28.8563,0,0
100892.0,1.0,23.0,79.9,168.0,28.3,86.5,100.9,35.6,33.9,42.1,3193.0,112.55,8.0,0.0,0.0,0.0,1.0,1.0,540.0,20.719525557673602,16.708299999999998,61.1989,28.3537,29.5113,0,0
100895.0,2.0,58.0,63.3,156.9,25.7,89.0,96.7,29.3,35.0,38.0,1111.0,31.079999999999995,6.5,0.0,0.0,1.0,0.0,1.0,480.0,43.05998830749505,27.5245,34.5865,13.733099999999999,18.1005,0,0
100896.0,2.0,28.0,95.8,160.8,37.1,118.5,119.2,40.4,36.0,37.0,1691.0,64.77999999999999,6.0,1.0,1.0,0.0,0.0,0.0,420.0,42.54516293947528,40.8943,52.671800000000005,22.1415,27.5687,0,0
100898.0,2.0,42.0,69.3,156.6,28.3,95.0,103.6,33.0,35.7,35.0,1816.0,75.78999999999999,8.5,1.0,1.0,0.0,0.0,0.0,480.0,41.73643721366061,29.1745,38.8411,16.128700000000002,20.2092,0,0
100902.0,2.0,52.0,56.5,154.8,23.6,87.9,92.8,26.7,33.7,35.3,1696.0,49.07,7.0,0.0,0.0,0.0,0.0,0.0,600.0,34.75524303505043,19.6391,34.9619,13.825700000000001,18.4763,0,0
100907.0,1.0,41.0,100.2,176.2,32.3,110.7,109.5,36.6,40.5,43.0,1235.0,44.74000000000001,7.5,1.0,1.0,0.0,0.0,0.0,240.0,31.275452887228234,31.4255,65.98389999999999,29.973599999999998,32.4305,0,0
100911.0,1.0,26.0,107.3,184.1,31.7,103.0,111.9,42.3,45.0,48.3,2369.0,129.24,7.5,0.0,1.0,1.0,1.0,1.0,600.0,25.32975734172532,27.650299999999998,78.56939999999999,37.9145,37.1981,0,0
100913.0,2.0,23.0,70.3,157.9,28.2,92.6,100.3,34.1,33.7,39.9,2549.0,80.35000000000001,9.5,1.0,0.0,0.0,0.0,1.0,600.0,40.3131113793584,28.4069,40.0964,18.1765,19.1462,0,0
100923.0,1.0,22.0,69.7,161.1,26.9,84.3,92.8,32.1,35.0,39.5,1450.0,29.540000000000003,8.0,1.0,0.0,1.0,0.0,0.0,240.0,27.223172532506574,19.1805,49.0305,23.091199999999997,22.5849,0,0
100925.0,2.0,45.0,74.4,168.4,26.2,93.8,114.2,30.6,38.0,43.2,85.0,0.2,7.0,0.0,1.0,0.0,0.0,0.0,300.0,45.41590537861676,33.8129,38.5501,16.9298,18.8032,0,0
100926.0,1.0,51.0,51.9,155.8,21.4,80.0,83.8,26.3,33.3,36.2,2417.0,60.79,8.0,1.0,1.0,1.0,1.0,1.0,540.0,24.74227198043636,12.9506,37.6424,16.6947,17.9835,1,1
100928.0,1.0,25.0,57.0,173.1,19.0,76.6,86.1,25.0,39.1,42.4,2269.0,103.43999999999998,6.0,1.0,1.0,0.0,0.0,0.0,360.0,18.603783390027413,10.6395,44.4699,20.5925,21.2377,0,1
100930.0,2.0,59.0,77.9,162.6,29.5,106.0,109.0,33.0,36.0,34.0,3514.0,111.04,8.0,1.0,1.0,0.0,0.0,1.0,240.0,37.83940812269979,29.7372,46.667300000000004,17.7171,25.6842,0,0
100934.0,2.0,37.0,105.6,163.8,39.4,109.0,129.8,39.8,40.0,40.5,1735.0,56.00999999999999,6.5,1.0,1.0,0.0,1.0,1.0,180.0,44.56447533178918,47.032300000000006,55.7442,23.426599999999997,29.5504,0,0
100935.0,1.0,20.0,72.8,184.9,21.3,75.2,94.5,29.4,41.3,41.0,4720.0,158.43,8.0,0.0,0.0,0.0,0.0,0.0,240.0,13.918869664293215,10.184700000000001,59.6699,27.788800000000002,28.6361,0,0
100940.0,2.0,18.0,44.5,163.0,16.7,66.8,84.2,22.1,36.3,41.0,1135.0,16.689999999999998,7.5,0.0,0.0,1.0,0.0,0.0,300.0,31.40175257857127,13.966299999999999,28.8857,12.678700000000001,13.8167,0,1
100952.0,1.0,21.0,70.1,183.4,20.8,80.0,98.0,27.6,40.5,46.4,1438.0,72.46,11.0,1.0,1.0,0.0,0.0,1.0,360.0,22.861551790713115,16.1277,51.632400000000004,22.2912,26.186,0,1
100954.0,1.0,47.0,98.1,173.5,32.6,116.1,107.3,36.8,39.0,44.2,2229.0,113.39,3.0,0.0,0.0,0.0,0.0,0.0,480.0,34.94259019888205,34.372099999999996,61.4998,28.293400000000002,29.949,0,0
100961.0,2.0,20.0,49.4,169.3,17.2,69.9,90.3,22.7,36.5,40.8,2731.0,66.48,11.0,1.0,1.0,0.0,0.0,1.0,120.0,28.08876662125795,13.9922,33.872800000000005,13.9015,17.2558,0,1
100965.0,2.0,25.0,45.4,159.2,17.9,68.7,83.0,22.7,35.0,39.5,,,4.0,0.0,1.0,1.0,0.0,0.0,240.0,22.50691358358406,10.3247,33.6431,15.1117,15.9614,0,0
100966.0,2.0,37.0,53.2,156.2,21.8,81.4,93.5,27.0,33.0,39.0,1638.0,62.849999999999994,9.0,0.0,0.0,0.0,0.0,0.0,180.0,31.785203459773374,16.9847,34.5122,14.231699999999998,17.7265,0,0
100967.0,2.0,38.0,69.9,158.2,27.9,91.0,110.8,30.4,35.0,39.8,,,8.0,0.0,0.0,0.0,0.0,0.0,180.0,41.608727088701514,29.0727,38.8705,16.5755,19.6483,0,0
100971.0,2.0,22.0,85.5,142.3,42.2,118.9,110.6,39.2,32.8,34.7,1704.0,33.86,12.0,0.0,0.0,0.0,1.0,0.0,240.0,43.77082325795494,37.5604,46.2764,19.170300000000005,23.876100000000005,1,0
100972.0,1.0,57.0,96.7,178.2,30.5,105.1,105.9,37.2,39.0,42.6,924.0,26.85,9.0,1.0,1.0,0.0,0.0,0.0,90.0,28.27624946163007,27.580599999999997,66.65610000000001,31.277099999999997,31.4979,0,0
100973.0,1.0,28.0,133.0,186.0,38.4,116.6,129.0,44.1,42.6,47.8,3561.0,119.17000000000002,7.0,1.0,1.0,1.0,1.0,0.0,300.0,32.92876896416425,44.219,86.5654,40.7008,41.7339,0,0
100975.0,1.0,34.0,74.8,168.4,26.4,91.6,96.6,33.1,36.8,37.5,1766.0,56.13,8.0,1.0,0.0,0.0,0.0,0.0,120.0,25.650591257515,19.362099999999998,53.6254,24.0225,26.4358,0,0
100978.0,2.0,18.0,48.5,157.2,19.6,71.4,88.0,23.9,33.0,37.5,1818.0,63.51000000000001,9.0,1.0,1.0,0.0,1.0,1.0,240.0,26.35694261837529,12.8901,34.0255,14.677899999999998,16.7503,0,0
100980.0,2.0,30.0,73.2,163.1,27.5,95.6,101.4,29.8,34.6,38.9,2146.0,52.82,8.0,1.0,1.0,1.0,0.0,0.0,240.0,42.73071526553542,31.353,39.938199999999995,17.1144,19.899,0,0
100983.0,2.0,42.0,72.1,154.5,30.2,96.5,104.0,33.3,33.6,34.6,1684.0,144.24,7.5,1.0,0.0,0.0,0.0,0.0,180.0,42.04652949708094,30.425099999999997,39.8643,17.2889,19.726200000000002,0,0
100986.0,2.0,50.0,72.2,163.1,27.1,91.5,103.0,28.2,37.5,37.0,2214.0,60.10000000000001,9.5,0.0,0.0,1.0,0.0,0.0,240.0,35.655440121256625,25.8293,44.4893,18.6333,23.2684,0,0
100992.0,1.0,27.0,105.1,176.0,33.9,97.8,109.6,45.6,42.9,46.7,1780.0,210.22,6.0,0.0,0.0,0.0,1.0,1.0,600.0,21.84587227639825,23.1636,80.2712,39.8411,36.9146,0,0
100994.0,1.0,28.0,70.5,162.8,26.6,95.8,95.5,32.6,36.6,37.7,,,6.0,1.0,1.0,0.0,0.0,0.0,120.0,30.94397901328594,21.9399,46.7473,20.25,23.2082,1,0
100999.0,2.0,29.0,91.1,166.4,32.9,103.8,111.6,34.9,37.2,38.0,1886.0,47.11,9.0,0.0,0.0,0.0,0.0,1.0,780.0,41.981454615814975,38.36,50.4855,21.6373,25.4288,0,0
101002.0,2.0,37.0,49.8,162.3,18.9,69.7,87.6,23.7,31.1,40.0,2177.0,35.019999999999996,5.5,0.0,1.0,0.0,0.0,0.0,600.0,25.718829900746915,12.774799999999999,35.0565,15.445399999999998,16.7298,0,0
101004.0,1.0,29.0,58.6,177.3,18.6,74.0,89.0,27.3,37.1,44.4,2327.0,41.480000000000004,8.0,1.0,1.0,1.0,0.0,0.0,480.0,15.688663902538849,9.146,47.208,21.6286,22.6918,0,1
101011.0,1.0,23.0,97.0,176.7,31.1,106.2,108.4,36.9,40.0,43.8,1068.0,39.38,7.5,1.0,1.0,0.0,1.0,1.0,120.0,30.823144611718057,30.123900000000003,64.89,30.1097,31.607,0,0
101014.0,2.0,42.0,59.1,170.0,20.4,78.5,95.4,25.9,37.0,41.6,771.0,31.139999999999997,7.0,0.0,0.0,0.0,0.0,0.0,180.0,28.993020588246676,17.230700000000002,40.2911,15.8991,21.534999999999993,0,0
101023.0,1.0,52.0,77.4,175.1,25.2,94.5,99.9,32.7,39.9,40.6,2398.0,97.75999999999998,7.5,0.0,0.0,1.0,1.0,1.0,300.0,30.98761599666163,24.3567,51.2689,22.184199999999997,25.9632,0,0
101024.0,1.0,53.0,74.7,172.6,25.1,97.2,96.2,31.3,38.0,41.0,1159.0,39.01999999999999,12.0,0.0,1.0,0.0,0.0,1.0,180.0,29.260632514860053,21.7731,50.2973,22.3243,24.8194,0,0
101028.0,2.0,59.0,61.6,159.1,24.3,82.5,97.0,33.3,37.0,36.5,1235.0,88.74000000000001,7.5,1.0,0.0,0.0,0.0,0.0,300.0,38.765299749664216,23.7359,35.7065,16.2267,16.9997,0,0
101031.0,1.0,27.0,89.0,169.6,30.9,97.2,103.9,35.1,34.6,39.7,1669.0,95.53,8.0,0.0,0.0,0.0,1.0,1.0,780.0,28.15744399583131,25.351,61.746,28.815199999999997,29.3734,0,0
101034.0,2.0,46.0,72.3,150.1,32.1,105.0,108.6,32.8,34.1,36.1,1531.0,44.629999999999995,9.0,0.0,0.0,0.0,1.0,0.0,420.0,46.459706423818034,33.7259,36.9595,15.725500000000002,18.671,1,0
101037.0,2.0,41.0,106.8,155.1,44.4,122.2,136.9,42.9,35.5,32.5,3146.0,105.29,5.5,1.0,1.0,1.0,1.0,0.0,120.0,46.31209074177782,49.6678,55.3625,22.8938,29.1231,0,0
101047.0,1.0,18.0,58.0,167.8,20.6,71.1,88.2,28.8,36.6,40.6,1643.0,56.4,8.5,1.0,1.0,0.0,1.0,1.0,300.0,14.259439762210643,8.2802,47.4635,22.636400000000002,21.9602,0,0
101051.0,1.0,57.0,82.9,177.1,26.4,95.0,107.2,30.2,37.0,41.1,1524.0,52.47,7.0,0.0,0.0,1.0,0.0,0.0,180.0,36.680925011949945,30.5727,50.392199999999995,21.0412,25.8457,0,1
101064.0,1.0,28.0,96.9,170.6,33.3,103.0,105.0,37.0,38.5,39.4,2482.0,147.92000000000004,11.0,0.0,1.0,1.0,1.0,1.0,300.0,24.339069391480685,23.7213,71.01310000000001,32.5081,35.020300000000006,0,0
101068.0,2.0,55.0,47.2,154.8,19.7,66.5,86.2,26.1,31.0,37.1,4968.0,173.30999999999997,9.0,1.0,1.0,0.0,1.0,1.0,240.0,26.1787743882549,12.4876,33.317800000000005,14.671299999999999,15.9456,0,0
101069.0,1.0,32.0,92.6,174.1,30.6,95.4,104.1,38.4,37.5,44.2,3021.0,139.81999999999996,7.0,1.0,1.0,1.0,1.0,1.0,120.0,25.0152587728656,23.5664,68.1613,33.609,30.721700000000002,0,0
101070.0,2.0,34.0,89.0,166.4,32.1,101.4,113.5,33.0,37.9,36.0,1271.0,61.43000000000001,8.0,0.0,0.0,0.0,1.0,1.0,420.0,39.328919549683484,35.4239,52.5742,22.2158,27.1956,0,0
101076.0,2.0,22.0,58.8,158.6,23.4,78.5,97.4,26.7,36.8,39.1,1380.0,67.67,8.5,0.0,1.0,0.0,0.0,1.0,600.0,39.94614632732107,23.3682,33.3333,13.1639,17.5416,0,1
101077.0,1.0,36.0,74.3,184.2,21.9,86.8,94.5,30.2,41.1,41.0,1403.0,56.73,6.5,1.0,0.0,0.0,0.0,1.0,180.0,33.41042510026102,24.8243,47.366,20.3245,23.9664,0,1
101079.0,2.0,51.0,46.4,155.0,19.3,78.0,85.8,24.3,32.0,36.0,2764.0,82.58999999999999,5.0,0.0,0.0,1.0,0.0,1.0,240.0,27.179127246254303,12.7905,32.4058,12.7983,17.026,0,1
101084.0,2.0,46.0,67.3,171.4,22.9,83.0,101.2,30.3,36.8,38.7,1949.0,49.169999999999995,7.5,0.0,0.0,0.0,1.0,0.0,780.0,37.80572741983968,25.593400000000003,39.5934,16.835699999999996,20.0031,0,0
101086.0,1.0,32.0,104.5,179.6,32.4,102.9,115.6,40.8,41.0,43.9,4806.0,81.63,8.5,1.0,1.0,0.0,1.0,0.0,60.0,27.09085406969367,28.6739,74.2015,35.5778,34.6905,0,0
101089.0,2.0,19.0,125.7,159.7,49.3,134.5,134.4,48.2,36.5,38.2,2842.0,136.34,9.0,0.0,0.0,1.0,0.0,0.0,300.0,46.05958523604506,57.4309,65.0139,23.189700000000002,38.5646,1,0
101095.0,2.0,56.0,47.1,162.9,17.7,74.1,87.2,22.6,34.5,36.8,,,9.0,0.0,0.0,0.0,0.0,1.0,180.0,30.56562772689919,14.4315,31.309900000000003,12.551200000000001,16.0638,0,1
101096.0,2.0,56.0,81.0,156.0,33.3,99.9,110.6,40.4,35.0,35.4,1824.0,106.09999999999997,9.0,0.0,0.0,0.0,0.0,0.0,120.0,43.394982278286825,35.188900000000004,43.790099999999995,18.6797,22.3324,0,0
101097.0,2.0,39.0,76.4,155.3,31.7,111.1,107.9,36.5,34.4,35.0,1082.0,62.53,9.0,0.0,0.0,0.0,0.0,0.0,120.0,37.04767708689145,28.384,46.2711,19.3725,23.958099999999998,0,0
101099.0,2.0,23.0,90.9,159.8,35.6,116.8,112.0,34.3,36.5,40.7,1842.0,31.28,9.0,0.0,0.0,1.0,0.0,0.0,780.0,40.05740683290136,36.605599999999995,52.694199999999995,21.0385,28.5233,0,0
101101.0,1.0,22.0,83.4,177.7,26.4,91.1,96.8,34.4,39.5,44.0,3356.0,154.79000000000002,5.5,0.0,0.0,0.0,0.0,0.0,120.0,23.86120414809216,20.052400000000002,61.279,28.557399999999998,29.1419,0,0
101106.0,2.0,49.0,108.7,166.3,39.3,112.4,128.5,40.6,40.0,43.2,1350.0,51.99999999999999,6.5,0.0,0.0,1.0,0.0,1.0,420.0,45.81699590339483,50.455,57.33,25.092599999999997,28.2916,0,0
101107.0,2.0,44.0,68.8,158.0,27.6,98.0,101.1,29.0,34.6,33.0,2812.0,99.72999999999999,7.0,1.0,1.0,0.0,0.0,0.0,120.0,39.50563634786589,27.2366,40.0781,16.5864,21.0084,0,0
101108.0,2.0,59.0,52.3,151.9,22.7,83.5,93.4,25.5,35.0,37.6,2743.0,57.44000000000001,8.0,0.0,0.0,0.0,0.0,0.0,600.0,33.31633831853767,17.9961,34.3708,13.0068,18.522000000000002,0,0
101112.0,2.0,45.0,48.7,158.4,19.4,70.8,88.1,23.2,32.8,34.1,1409.0,59.57000000000001,7.0,0.0,0.0,0.0,0.0,1.0,120.0,21.096439412763942,10.162600000000001,36.0419,14.7085,18.434,0,0
101113.0,2.0,19.0,65.1,160.3,25.3,82.4,101.5,29.7,37.1,39.2,1790.0,30.76,6.0,0.0,0.0,0.0,1.0,1.0,300.0,32.208064587840106,21.008,42.1223,18.6513,20.6632,0,0
101119.0,2.0,48.0,76.8,149.2,34.5,106.6,110.3,32.8,31.3,29.2,1586.0,44.160000000000004,9.0,0.0,0.0,0.0,0.0,0.0,300.0,43.7615598368704,33.569300000000005,40.8453,14.479299999999999,23.04580000000001,1,0
101123.0,2.0,59.0,49.6,168.4,17.5,75.5,85.0,22.5,37.0,39.0,3476.0,73.63000000000001,7.5,0.0,1.0,0.0,0.0,0.0,420.0,31.408472223681837,15.541,32.1962,12.3985,17.4559,0,1
101125.0,2.0,33.0,60.3,155.7,24.9,93.1,96.0,28.9,34.0,34.0,4142.0,107.67999999999998,12.0,1.0,1.0,0.0,0.0,1.0,360.0,35.65048885205854,21.648,37.116,14.4983,20.0068,0,0
101126.0,1.0,37.0,135.6,182.3,40.8,127.9,120.4,45.0,41.4,41.5,1341.0,61.6,9.5,0.0,0.0,0.0,0.0,0.0,300.0,35.86883491845097,49.1046,84.6657,37.8791,42.631099999999996,0,0
101130.0,2.0,19.0,54.6,161.8,20.9,72.7,90.0,24.0,36.0,39.0,2969.0,91.61,9.0,0.0,1.0,0.0,1.0,0.0,420.0,25.190840254585705,13.737200000000001,38.399800000000006,16.813800000000004,18.4351,0,0
101132.0,1.0,31.0,81.0,172.0,27.4,97.6,101.5,35.0,39.3,37.0,2692.0,88.01999999999998,8.0,0.0,0.0,1.0,1.0,1.0,240.0,28.772565243105134,23.5272,55.4055,26.091,26.1,0,0
101138.0,2.0,33.0,118.0,171.4,40.2,121.4,128.5,39.0,38.1,42.2,2661.0,88.88000000000001,7.5,0.0,0.0,0.0,0.0,1.0,600.0,47.84745047362444,56.8538,59.3371,27.3177,28.9157,0,0
101139.0,2.0,33.0,70.2,163.6,26.2,99.3,110.0,27.6,35.5,37.5,2265.0,90.89,7.5,0.0,0.0,0.0,0.0,0.0,480.0,42.678320141283876,30.019,38.3971,15.238599999999998,20.3004,0,0
101149.0,1.0,59.0,116.6,169.5,40.6,131.0,120.2,41.0,39.6,37.7,1415.0,73.53999999999999,9.5,0.0,0.0,0.0,1.0,1.0,360.0,40.71021154183793,47.0236,66.07339999999999,28.933799999999998,33.64379999999999,1,0
101152.0,1.0,19.0,111.0,169.9,38.5,126.4,119.2,40.7,38.4,44.7,1364.0,68.46000000000001,8.0,0.0,1.0,1.0,1.0,0.0,480.0,40.93399996485933,46.1285,63.887699999999995,28.9916,31.2103,1,0
101160.0,2.0,49.0,65.7,151.4,28.7,88.2,101.6,32.5,33.8,35.3,,,6.0,0.0,1.0,0.0,0.0,1.0,360.0,43.68952720950116,28.6101,35.1238,14.6934,17.8095,1,0
101164.0,2.0,26.0,51.4,158.8,20.4,71.8,84.4,26.6,35.2,36.9,1356.0,42.4,8.0,0.0,0.0,0.0,1.0,0.0,720.0,33.14902740284879,17.1855,32.828300000000006,13.554799999999998,16.5843,0,1
101166.0,2.0,28.0,49.8,164.7,18.4,69.4,89.0,25.1,35.6,37.0,2031.0,75.33,8.0,0.0,0.0,1.0,0.0,1.0,720.0,30.179780517515052,15.2693,33.505199999999995,13.531,17.5105,0,1
101168.0,2.0,18.0,47.1,163.0,17.7,70.0,82.4,22.4,36.5,39.0,2571.0,83.64999999999999,7.0,0.0,1.0,1.0,0.0,1.0,360.0,24.153207735361413,11.4686,34.1203,14.077,17.573,0,1
101169.0,2.0,58.0,69.4,157.6,27.9,93.9,99.5,29.9,35.5,34.5,3566.0,118.24000000000001,9.0,0.0,0.0,0.0,0.0,1.0,300.0,41.35060414908647,28.950599999999998,39.5056,16.6945,19.6298,0,0
101171.0,2.0,47.0,63.1,159.5,24.8,92.5,97.8,30.9,33.3,37.3,2128.0,56.51,7.0,0.0,0.0,0.0,0.0,0.0,720.0,37.11552385703004,23.7285,38.4837,15.7127,20.189700000000002,0,0
101175.0,1.0,55.0,90.0,172.3,30.3,107.6,103.8,35.5,41.8,40.0,2970.0,133.36999999999998,10.5,0.0,0.0,0.0,0.0,0.0,480.0,31.542408030704088,28.7497,59.853699999999996,26.8215,29.5367,0,0
101181.0,2.0,50.0,61.9,156.7,25.2,82.0,99.7,29.4,35.0,36.0,1947.0,84.47,5.5,0.0,0.0,0.0,1.0,0.0,600.0,37.26527444290258,23.1807,37.112199999999994,16.1282,18.3495,0,0
101182.0,1.0,58.0,86.2,173.1,28.8,98.7,105.8,36.4,41.0,44.4,3306.0,213.09,5.0,1.0,1.0,0.0,0.0,1.0,240.0,22.631936189425062,19.642400000000002,64.5395,30.5136,30.3258,0,0
101185.0,2.0,57.0,70.1,156.7,28.5,98.2,103.9,33.7,34.5,36.2,2128.0,84.33,7.0,0.0,0.0,1.0,0.0,0.0,180.0,43.57564011189457,30.936700000000002,38.1179,14.9234,20.1303,0,0
101186.0,1.0,35.0,96.6,171.5,32.8,94.9,108.9,41.3,40.0,45.0,1359.0,83.88000000000001,6.5,0.0,0.0,0.0,1.0,0.0,300.0,18.643920260817332,18.12,76.0236,36.6045,36.056400000000004,0,0
101187.0,1.0,33.0,72.0,161.2,27.7,88.8,94.1,36.4,36.0,36.5,2770.0,187.73999999999998,6.5,0.0,0.0,1.0,1.0,0.0,300.0,26.126010900328232,18.9765,51.1635,23.386599999999998,24.5793,0,0
101191.0,2.0,35.0,76.9,158.5,30.6,105.0,109.5,31.9,34.5,38.0,1700.0,47.300000000000004,13.0,1.0,0.0,1.0,0.0,1.0,420.0,39.84496801661235,30.722099999999998,44.283300000000004,17.3818,23.987599999999997,0,0
101201.0,1.0,55.0,74.6,168.6,26.2,99.0,95.0,30.2,38.6,37.2,,,8.5,0.0,1.0,0.0,0.0,0.0,180.0,27.22041215079795,20.4262,52.3404,22.529,26.5723,0,0
101206.0,1.0,34.0,80.0,167.0,28.7,92.6,99.0,35.3,36.7,40.1,2091.0,97.66000000000001,9.0,0.0,1.0,0.0,0.0,0.0,240.0,23.662417222649374,19.0809,59.2102,26.9527,28.8457,0,0
101216.0,2.0,55.0,107.2,164.6,39.6,122.0,129.5,42.3,37.0,38.0,2401.0,53.35,9.0,1.0,1.0,1.0,0.0,0.0,240.0,43.416072149885245,46.3895,58.682199999999995,24.977400000000003,30.6997,0,0
101221.0,1.0,54.0,121.0,178.6,37.9,121.9,123.1,39.2,42.0,43.9,3050.0,113.14999999999998,8.0,1.0,0.0,1.0,0.0,1.0,900.0,35.49431440494387,43.326,75.4328,34.1757,37.664300000000004,0,0
101222.0,1.0,48.0,96.1,167.9,34.1,113.3,108.1,37.1,37.5,39.8,2180.0,67.61,6.0,0.0,1.0,0.0,1.0,1.0,240.0,35.358679959204956,34.101,59.9664,27.5616,28.7299,0,0
101226.0,1.0,44.0,83.5,167.7,29.7,100.0,101.3,35.0,37.5,41.2,2350.0,114.37,6.5,0.0,1.0,0.0,0.0,0.0,120.0,28.622122400998705,23.968400000000003,57.635,25.0488,29.3175,0,0
101229.0,2.0,38.0,74.5,151.6,32.4,107.2,107.8,32.8,35.3,35.0,2051.0,60.54,8.0,1.0,1.0,0.0,1.0,1.0,180.0,40.74570661911758,30.5383,42.6024,17.334899999999998,22.3715,0,0
101230.0,2.0,50.0,77.3,159.0,30.6,107.2,112.0,31.0,38.0,37.7,2222.0,66.58,8.5,0.0,0.0,0.0,0.0,1.0,720.0,41.993201916270145,32.999900000000004,43.362,18.8025,21.6462,0,0
101236.0,1.0,26.0,66.5,177.1,21.2,74.0,89.7,28.5,39.0,45.0,4785.0,241.03,3.0,1.0,0.0,0.0,1.0,0.0,600.0,15.112685212754448,10.1564,54.3205,25.364800000000002,25.336599999999997,0,0
101238.0,1.0,36.0,80.4,174.2,26.5,91.4,97.8,35.2,39.5,40.5,4329.0,201.52,10.0,1.0,1.0,1.0,0.0,0.0,,22.9934505285115,18.626900000000003,59.6427,28.7938,27.6784,0,0
101241.0,1.0,27.0,91.3,171.1,31.2,95.6,109.6,39.9,39.6,42.4,3762.0,201.32999999999998,7.0,0.0,0.0,0.0,1.0,1.0,360.0,28.545634703632956,26.1525,62.781699999999994,29.986099999999997,29.385,0,0
101242.0,2.0,57.0,65.1,153.8,27.5,97.5,98.3,29.0,34.6,35.9,1071.0,34.09,5.0,0.0,0.0,0.0,0.0,0.0,600.0,35.98107947707652,23.3475,40.1584,16.0303,21.611500000000007,0,0
101246.0,1.0,54.0,95.7,175.5,31.1,105.7,103.4,36.3,36.9,43.5,1802.0,34.3,5.0,1.0,1.0,0.0,0.0,0.0,120.0,30.265158750747602,29.0262,64.1814,27.603900000000003,33.415,0,0
101250.0,2.0,38.0,92.5,171.1,31.6,97.8,112.2,35.7,38.0,39.2,1995.0,63.29,8.0,0.0,1.0,0.0,1.0,1.0,240.0,34.58393221392304,32.0764,57.8928,25.088300000000004,29.7227,0,0
101251.0,2.0,18.0,53.1,164.2,19.7,76.9,91.0,21.2,35.5,39.0,,,8.0,0.0,0.0,1.0,0.0,0.0,480.0,26.137732461864548,14.037,37.6946,16.0796,18.8205,0,0
101252.0,2.0,33.0,98.5,157.0,40.0,120.8,126.9,35.7,37.6,41.1,1048.0,42.67,,1.0,1.0,1.0,0.0,1.0,,48.816749180706005,48.3598,48.7511,21.232400000000002,24.538800000000002,0,0
101253.0,1.0,57.0,95.3,175.3,31.0,111.8,104.0,37.9,38.0,44.1,2819.0,107.59000000000002,9.0,1.0,1.0,0.0,0.0,0.0,300.0,27.894095419126558,26.543599999999998,66.2332,28.753500000000003,34.32659999999999,0,0
101254.0,2.0,29.0,51.7,163.5,19.3,69.1,87.3,24.0,35.2,38.2,628.0,18.51,3.0,0.0,1.0,1.0,0.0,1.0,120.0,17.74996048899056,9.2319,40.4071,18.4203,19.0755,0,0
101256.0,2.0,34.0,138.6,161.9,52.9,141.1,140.4,45.3,33.5,39.0,277.0,6.42,6.0,0.0,0.0,1.0,0.0,1.0,300.0,44.55730899645353,61.6471,74.29480000000001,33.759600000000006,37.2101,0,0
101262.0,1.0,25.0,127.3,175.7,41.2,119.0,128.3,39.4,37.9,43.0,3302.0,128.59,7.0,1.0,0.0,0.0,1.0,0.0,120.0,36.05832030795937,46.251599999999996,79.0793,37.3662,37.7258,0,0
101265.0,2.0,47.0,68.2,161.7,26.1,88.2,95.9,32.4,36.5,37.0,1823.0,70.59,7.0,0.0,0.0,1.0,0.0,1.0,300.0,39.07971929349661,26.6794,39.8114,18.507099999999998,18.383599999999998,0,0
101281.0,2.0,34.0,59.0,150.3,26.1,86.0,94.0,30.1,32.7,32.0,3586.0,98.2,8.0,0.0,0.0,1.0,0.0,0.0,120.0,35.1358939973098,20.7978,36.6186,14.124400000000001,19.6058,0,0
101283.0,2.0,56.0,106.2,158.8,42.1,122.8,127.1,39.4,35.7,33.7,1602.0,47.04,8.0,0.0,0.0,0.0,1.0,1.0,600.0,51.0518258920029,54.2132,49.5138,20.695400000000003,25.1992,1,0
101285.0,1.0,30.0,112.1,181.1,34.2,108.9,121.6,40.0,39.9,42.0,2708.0,78.65000000000002,7.0,1.0,1.0,0.0,0.0,0.0,420.0,29.036724289028776,32.593,76.2835,34.931400000000004,37.738099999999996,0,0
101294.0,2.0,39.0,95.3,161.6,36.5,122.2,121.1,42.0,37.0,37.0,1091.0,38.74,7.5,1.0,1.0,1.0,0.0,0.0,180.0,39.78807162460263,38.1261,55.1292,25.0057,26.973599999999998,0,0
101307.0,2.0,47.0,124.0,170.3,42.8,134.8,140.5,39.9,40.0,40.2,2584.0,61.87000000000001,7.5,0.0,0.0,0.0,0.0,0.0,540.0,50.00033263767973,62.3806,60.033300000000004,27.7531,28.9118,0,0
101308.0,2.0,25.0,76.9,171.4,26.2,85.6,109.5,32.8,36.8,41.3,1954.0,80.57000000000001,8.5,0.0,0.0,0.0,0.0,0.0,600.0,40.61720636458824,31.5529,43.7301,18.689799999999998,22.1895,0,0
101311.0,1.0,30.0,110.1,180.3,33.9,112.1,112.4,41.9,38.9,41.5,3688.0,152.57999999999998,8.0,0.0,0.0,1.0,1.0,1.0,480.0,34.89311353365842,39.063199999999995,69.7207,29.8825,35.2389,0,0
101316.0,1.0,22.0,70.4,180.6,21.6,71.5,95.9,35.8,40.6,46.0,,,6.5,0.0,0.0,0.0,1.0,1.0,540.0,16.377915129518648,11.516,55.9429,27.9615,24.845299999999998,0,0
101319.0,1.0,34.0,125.6,175.3,40.9,130.1,127.9,37.0,38.7,39.5,1482.0,74.11999999999999,8.0,0.0,0.0,1.0,1.0,1.0,360.0,31.71527872276109,39.9944,83.2015,33.132400000000004,46.40330000000001,0,0
101322.0,1.0,57.0,84.9,163.8,31.6,105.2,95.0,35.0,38.3,35.0,2434.0,162.14,8.5,0.0,0.0,0.0,1.0,1.0,600.0,31.75500175747089,27.084799999999998,56.156800000000004,23.097900000000003,30.137900000000002,1,0
101327.0,2.0,52.0,79.1,174.1,26.1,97.4,110.6,31.8,37.7,41.3,1846.0,81.03,3.0,0.0,1.0,0.0,0.0,0.0,1200.0,41.052198057083636,32.6547,44.7076,18.2415,23.4113,0,0
101330.0,2.0,22.0,58.7,164.5,21.7,76.7,97.3,28.1,36.1,38.0,2052.0,79.92999999999999,9.0,0.0,0.0,0.0,1.0,1.0,120.0,37.923980004612446,22.397,34.7592,14.200899999999999,17.6769,0,1
101345.0,2.0,29.0,111.1,169.0,38.9,118.9,132.2,37.0,39.0,41.0,2514.0,106.01,12.0,0.0,0.0,1.0,0.0,0.0,180.0,40.657540652367445,45.9766,64.2834,27.759700000000002,32.2929,0,0
101355.0,1.0,46.0,92.9,182.0,28.0,104.0,106.5,32.8,40.2,47.1,1580.0,45.77,6.0,1.0,1.0,0.0,0.0,0.0,300.0,25.498287968418133,23.7858,65.9644,31.406799999999997,30.6771,0,0
101356.0,2.0,54.0,53.4,165.6,19.5,72.5,94.0,26.4,35.0,39.2,1364.0,104.09000000000002,6.5,0.0,0.0,0.0,0.0,1.0,720.0,31.86687583710246,17.1687,34.9319,13.7586,18.7046,0,1
101359.0,2.0,52.0,75.7,155.5,31.3,89.0,105.0,34.0,36.0,35.0,2828.0,96.45000000000002,7.5,0.0,0.0,1.0,0.0,0.0,120.0,33.66848664616976,25.727700000000002,48.2087,19.5216,25.8987,0,0
101366.0,2.0,52.0,63.1,163.8,23.5,80.7,94.5,29.2,34.6,33.0,1641.0,37.61,6.5,0.0,0.0,0.0,0.0,1.0,360.0,36.86967916068768,23.5228,38.0522,15.838899999999999,19.3315,0,0
101370.0,2.0,31.0,59.9,165.0,22.0,75.4,101.3,29.2,36.2,37.9,2268.0,110.83999999999999,7.0,0.0,1.0,1.0,0.0,1.0,540.0,33.32793354587342,19.956400000000002,37.808800000000005,15.0599,19.9,0,0
101372.0,2.0,29.0,58.1,156.3,23.8,80.8,95.4,30.2,32.0,37.2,1278.0,59.42999999999999,8.5,0.0,1.0,0.0,0.0,1.0,60.0,40.0157330105385,23.480900000000002,33.165,14.108300000000002,16.1781,0,0
101375.0,1.0,53.0,72.6,166.6,26.2,95.0,98.8,30.7,35.3,36.9,,,7.0,0.0,1.0,0.0,0.0,1.0,120.0,23.645944894250796,17.367099999999997,53.4905,22.6771,27.412,0,0
101378.0,2.0,34.0,64.8,160.1,25.3,82.1,99.4,29.5,35.5,37.8,2660.0,109.88,7.5,0.0,0.0,0.0,0.0,0.0,360.0,44.95206588824934,29.1385,33.6857,13.848,16.7308,0,1
101379.0,1.0,55.0,60.0,168.2,21.2,74.5,87.0,29.5,38.0,42.0,3590.0,117.52,7.5,0.0,0.0,1.0,0.0,0.0,180.0,16.38599585481934,9.9632,48.194900000000004,23.175900000000002,21.9722,0,0
101384.0,1.0,22.0,88.6,176.6,28.4,95.4,101.2,34.3,41.8,46.1,1169.0,44.519999999999996,12.0,0.0,1.0,1.0,1.0,1.0,60.0,20.30165710581546,18.1053,68.2561,32.8932,32.1863,0,0
101386.0,2.0,49.0,67.0,161.8,25.6,98.5,101.0,30.8,36.0,34.5,3637.0,141.07999999999998,7.0,0.0,0.0,0.0,0.0,0.0,180.0,35.945088576384286,24.0456,41.0444,16.0986,22.194300000000002,0,0
101389.0,1.0,42.0,92.9,164.1,34.5,117.5,109.6,34.2,36.6,37.0,3381.0,89.96000000000001,8.0,0.0,0.0,0.0,0.0,0.0,600.0,34.49104026185056,32.0112,58.911300000000004,24.9881,30.7078,1,0
101390.0,1.0,40.0,111.5,181.4,33.9,113.0,111.5,39.7,41.0,44.5,2338.0,134.74,6.0,0.0,0.0,0.0,0.0,1.0,360.0,29.247898942382967,32.8038,76.4833,35.6815,37.270300000000006,0,0
101394.0,1.0,39.0,65.2,171.3,22.2,82.8,91.5,30.9,37.0,39.5,951.0,73.89999999999999,12.0,0.0,0.0,1.0,0.0,0.0,300.0,23.586081093809945,15.3996,47.7184,20.945300000000003,23.4226,0,0
101399.0,1.0,41.0,81.9,181.7,24.8,95.1,101.8,30.0,39.8,45.6,4608.0,172.48999999999998,8.0,1.0,1.0,0.0,0.0,0.0,180.0,24.751440156728734,20.361,59.0124,26.4647,29.162500000000005,0,0
101400.0,1.0,53.0,82.0,169.2,28.6,99.1,100.6,32.7,35.5,36.5,1941.0,60.55,9.0,0.0,0.0,0.0,0.0,1.0,600.0,29.71935808410333,24.3764,55.6779,24.853900000000003,27.3921,0,0
101401.0,1.0,52.0,59.3,168.9,20.8,80.4,89.5,28.4,35.0,38.5,2304.0,91.11999999999999,9.5,1.0,0.0,0.0,0.0,0.0,180.0,22.960457037140035,13.7213,43.8913,19.9103,20.9252,0,1
101412.0,2.0,39.0,47.6,155.5,19.7,69.7,86.0,26.2,31.1,33.0,2001.0,108.02000000000001,9.0,0.0,1.0,0.0,0.0,0.0,360.0,31.948758900089057,15.2832,30.89,12.674900000000001,15.639700000000001,0,1
101415.0,2.0,38.0,53.2,160.2,20.7,76.3,94.5,26.0,35.6,37.8,1736.0,63.79,7.0,0.0,1.0,0.0,0.0,0.0,300.0,31.40086948409931,16.6285,34.4452,13.8407,18.0415,0,1
101416.0,1.0,44.0,78.8,181.2,24.0,95.7,102.3,31.6,37.5,43.8,3003.0,113.99,7.0,0.0,1.0,0.0,0.0,1.0,360.0,30.08668216463934,23.8473,52.9342,22.424899999999997,27.1412,0,1
101427.0,2.0,24.0,73.0,169.0,25.6,91.8,109.2,30.5,37.0,39.4,2005.0,63.970000000000006,9.0,0.0,1.0,0.0,0.0,1.0,300.0,41.76238634273908,30.6809,40.728199999999994,16.3997,21.417099999999998,0,0
101438.0,2.0,48.0,71.9,162.2,27.3,87.2,96.1,32.3,33.9,38.3,1264.0,28.689999999999998,6.0,0.0,0.0,1.0,0.0,1.0,120.0,36.38621280357624,26.4405,43.665,18.117099999999997,22.6225,0,0
101439.0,1.0,38.0,89.7,171.5,30.5,93.6,105.9,36.6,39.8,43.1,984.0,30.130000000000003,5.0,0.0,0.0,1.0,1.0,0.0,180.0,26.458679076471686,23.965700000000002,63.761,31.7418,28.207099999999997,0,0
101446.0,2.0,30.0,57.5,173.6,19.1,74.3,96.7,25.8,35.6,38.7,2102.0,75.6,8.0,0.0,0.0,0.0,1.0,1.0,840.0,27.75051633724529,16.0778,39.8091,17.0571,20.1025,0,0
101448.0,1.0,49.0,83.6,177.7,26.5,102.0,101.6,34.0,40.0,42.4,1477.0,82.02000000000001,4.0,1.0,1.0,0.0,0.0,0.0,360.0,26.442285663279723,22.2178,59.0993,26.149299999999997,29.2682,0,0
101449.0,2.0,59.0,120.1,175.7,38.9,115.0,127.4,37.0,40.8,41.1,2371.0,82.77,8.0,0.0,0.0,0.0,0.0,1.0,360.0,50.620335091553294,61.0535,56.7496,25.9513,27.637299999999996,0,0
101450.0,1.0,39.0,94.7,169.9,32.8,109.4,107.3,36.8,40.2,40.7,2918.0,118.78,7.5,0.0,0.0,1.0,0.0,0.0,120.0,27.610781092111857,26.245,66.26910000000001,29.360299999999995,33.0131,0,0
101454.0,2.0,55.0,72.7,162.3,27.6,109.4,100.2,29.0,36.0,35.5,1639.0,65.21,7.0,1.0,1.0,0.0,0.0,1.0,120.0,43.82666902168237,32.0587,39.1207,15.7237,20.614099999999997,0,0
101464.0,2.0,50.0,50.2,156.0,20.6,68.7,84.5,26.8,34.2,34.8,1170.0,39.91,8.0,0.0,1.0,0.0,0.0,1.0,120.0,21.140183609185467,10.8026,37.935300000000005,16.0564,19.1762,0,0
101472.0,2.0,51.0,65.6,150.7,28.9,90.5,101.0,32.0,34.0,37.7,2003.0,120.29,6.0,0.0,0.0,0.0,0.0,1.0,300.0,45.37898415000284,29.815,34.3485,13.764100000000001,17.6817,1,0
101481.0,2.0,29.0,60.4,149.7,27.0,91.2,105.4,30.2,34.5,37.5,1518.0,54.99,6.5,0.0,0.0,0.0,0.0,0.0,240.0,41.804664847487786,25.4618,33.732800000000005,13.894800000000002,17.497400000000003,0,0
101484.0,1.0,49.0,88.4,179.0,27.6,99.7,112.7,33.9,40.1,43.5,2655.0,106.45,8.0,0.0,0.0,0.0,0.0,0.0,720.0,32.157927683836405,28.629099999999998,57.7744,25.9644,28.4332,0,0
101489.0,2.0,51.0,46.6,146.5,21.7,82.1,89.5,26.5,31.0,31.4,814.0,19.900000000000002,7.5,0.0,1.0,1.0,0.0,0.0,240.0,40.64587307887649,19.0469,26.254900000000003,9.598600000000001,14.2668,1,1
101504.0,2.0,18.0,47.8,152.7,20.5,64.4,87.3,26.3,34.2,39.4,1469.0,48.83,9.0,0.0,1.0,0.0,0.0,0.0,300.0,28.946203796505195,13.912,32.2037,14.4578,15.0472,0,0
101513.0,1.0,35.0,67.8,173.9,22.4,86.3,97.0,29.0,37.0,43.7,2407.0,84.57000000000001,5.0,0.0,0.0,1.0,0.0,0.0,720.0,24.492791921620263,16.7574,49.2935,21.1779,25.090900000000005,0,0
101515.0,1.0,51.0,101.3,180.7,31.0,109.5,112.8,32.6,37.0,44.5,3306.0,144.57000000000002,9.0,1.0,1.0,0.0,0.0,1.0,420.0,20.49434264855296,20.824900000000003,77.7743,35.5835,38.4914,0,0
101516.0,2.0,30.0,65.4,166.8,23.5,83.3,103.9,28.7,35.2,42.2,1777.0,72.30999999999997,8.5,0.0,0.0,0.0,1.0,0.0,480.0,29.255574771575937,19.115299999999998,44.0856,19.191800000000004,22.051299999999998,0,0
101517.0,2.0,34.0,69.1,162.3,26.2,83.3,100.8,31.2,37.8,44.3,,,6.0,0.0,1.0,0.0,1.0,1.0,600.0,33.23393185527909,22.9625,43.8143,21.3403,19.325,0,0
101530.0,1.0,51.0,95.6,172.9,32.0,110.6,115.3,32.9,36.7,38.4,2056.0,69.68,7.0,0.0,0.0,0.0,1.0,1.0,240.0,32.8069277059042,31.610400000000002,61.9085,28.477300000000003,30.0608,0,0
101537.0,1.0,33.0,97.7,172.9,32.7,102.1,107.4,37.6,39.0,41.0,2714.0,102.19999999999999,7.5,0.0,1.0,0.0,1.0,0.0,420.0,25.87312003153004,25.471,69.9038,30.8406,35.207,0,0
101542.0,1.0,48.0,71.0,167.0,25.5,92.5,95.6,31.7,36.2,39.6,3835.0,186.90999999999997,5.5,0.0,1.0,0.0,0.0,0.0,120.0,27.330519620352163,19.4817,49.3344,22.3202,23.379,0,0
101544.0,2.0,44.0,71.2,162.5,27.0,85.0,105.5,30.0,35.0,41.0,1618.0,133.33,8.0,0.0,0.0,0.0,1.0,0.0,300.0,30.910457222695765,22.298299999999998,47.796,19.8027,25.4172,0,0
101545.0,1.0,22.0,98.7,177.8,31.2,100.2,109.4,38.2,38.0,45.0,1914.0,73.73,6.0,1.0,1.0,0.0,1.0,0.0,300.0,27.412939293981665,27.169400000000003,68.65660000000001,30.833599999999997,34.2217,0,0
101547.0,2.0,42.0,125.5,160.2,48.9,128.5,147.5,43.2,36.0,35.0,3125.0,99.25,9.0,0.0,0.0,0.0,0.0,0.0,540.0,45.56612771314922,57.531,66.4159,28.816,34.728,0,0
101549.0,2.0,43.0,64.4,159.1,25.4,83.5,98.2,29.8,32.6,37.8,1342.0,42.07,7.5,0.0,0.0,0.0,0.0,1.0,120.0,37.008583956030385,23.9712,38.6638,15.8152,19.7937,0,0
101552.0,1.0,35.0,119.1,175.4,38.7,119.3,121.3,43.7,37.9,44.6,,,7.0,1.0,1.0,0.0,0.0,1.0,300.0,36.36750102890939,42.945,72.1186,34.1693,33.946400000000004,0,0
101556.0,1.0,37.0,93.1,170.5,32.0,108.6,107.5,37.0,39.0,40.2,2370.0,99.21000000000001,6.5,0.0,0.0,1.0,0.0,0.0,720.0,32.8519494771488,30.7982,60.8301,27.723700000000004,29.7272,0,0
101558.0,1.0,54.0,64.8,157.9,26.0,96.0,93.4,29.4,36.8,36.9,902.0,34.61,5.0,0.0,1.0,0.0,0.0,0.0,20.0,25.922583493283323,16.981900000000003,46.423199999999994,20.162200000000002,22.8812,1,0
101559.0,1.0,27.0,99.2,167.7,35.3,110.5,106.3,36.6,37.7,39.9,2006.0,82.94,6.0,1.0,1.0,0.0,0.0,0.0,240.0,29.15040283212432,29.056900000000002,68.1786,30.8053,33.779900000000005,0,0
101565.0,1.0,46.0,128.7,178.9,40.2,124.4,127.0,42.8,38.7,42.9,2605.0,137.54000000000002,7.5,1.0,1.0,0.0,1.0,1.0,300.0,30.58125344325929,40.088800000000006,87.1789,39.7949,42.8753,0,0
101574.0,2.0,22.0,45.7,159.5,18.0,66.5,83.8,21.6,35.0,39.0,3462.0,105.25,10.5,0.0,0.0,0.0,1.0,0.0,480.0,19.885537269343544,9.1128,34.7711,15.375,16.6248,0,0
101578.0,2.0,55.0,58.8,166.8,21.1,77.4,99.0,27.3,34.0,39.0,3290.0,100.52999999999999,7.5,0.0,0.0,0.0,1.0,0.0,180.0,38.98463796385608,23.2476,34.4935,14.4868,16.9574,0,1
101588.0,2.0,23.0,49.9,158.7,19.8,74.5,92.7,25.2,35.1,35.8,863.0,46.00000000000001,9.0,0.0,0.0,0.0,0.0,0.0,30.0,35.20939024458997,17.4868,30.296599999999998,12.2738,15.6134,0,1
101590.0,1.0,24.0,93.9,170.2,32.4,112.5,109.0,38.0,38.7,44.2,2238.0,31.08,8.5,0.0,1.0,0.0,0.0,0.0,300.0,36.23131241800497,34.3086,57.8977,25.744799999999998,28.8818,0,0
101593.0,2.0,49.0,74.0,147.5,34.0,101.2,107.7,38.5,34.0,32.5,1208.0,38.160000000000004,8.0,0.0,0.0,1.0,0.0,0.0,300.0,42.663789349116286,31.4662,40.5215,17.235,20.5596,1,0
101594.0,2.0,43.0,74.5,163.0,28.0,92.5,106.0,31.5,36.4,39.4,1034.0,31.94,6.5,0.0,0.0,0.0,0.0,1.0,120.0,39.91312093517016,30.0932,43.139300000000006,18.5405,21.825400000000002,0,0
101595.0,1.0,19.0,54.9,171.2,18.7,67.9,82.0,30.2,36.3,42.6,3082.0,141.41000000000003,9.0,1.0,1.0,0.0,1.0,0.0,180.0,13.694319045854087,7.541,45.3213,21.609,20.7382,0,0
101596.0,2.0,44.0,53.7,150.3,23.8,80.4,95.7,25.7,32.5,36.5,2065.0,108.98000000000002,5.5,0.0,1.0,0.0,0.0,0.0,300.0,28.442835517726444,15.302200000000001,36.641400000000004,16.527,17.290200000000002,0,0
101599.0,1.0,22.0,98.2,173.9,32.5,106.2,109.0,37.1,39.2,40.0,3780.0,120.63000000000001,8.0,0.0,1.0,0.0,0.0,0.0,720.0,35.302329650323045,34.623599999999996,61.1856,27.6859,30.4816,0,0
101604.0,1.0,22.0,44.9,162.0,17.1,62.3,77.8,24.0,36.1,42.1,2530.0,47.53999999999999,3.0,1.0,1.0,0.0,1.0,0.0,240.0,14.865805836320902,6.6652,36.2623,16.7235,16.770799999999998,0,1
101606.0,1.0,58.0,76.7,173.5,25.5,96.3,100.2,31.4,37.5,45.3,726.0,24.5,7.0,0.0,0.0,0.0,0.0,0.0,180.0,24.464374837496898,18.8278,55.459300000000006,25.2168,27.0147,0,0
101609.0,1.0,22.0,58.7,165.9,21.3,72.8,84.3,26.3,38.2,39.4,1090.0,59.32,7.0,0.0,0.0,0.0,1.0,0.0,360.0,19.0272521680374,11.184899999999999,45.362300000000005,21.612099999999998,20.838900000000002,0,0
101620.0,2.0,29.0,53.4,160.8,20.7,76.0,90.3,25.0,33.0,36.8,1305.0,62.80999999999999,9.0,0.0,1.0,1.0,1.0,1.0,120.0,32.35726676361334,17.2578,34.0757,14.849,16.7011,0,0
101625.0,1.0,21.0,97.7,166.9,35.1,113.4,115.8,36.1,37.6,45.0,1787.0,48.730000000000004,6.0,0.0,0.0,0.0,0.0,0.0,480.0,34.174248639958776,33.638,62.328,28.089899999999997,29.696900000000003,0,0
101626.0,2.0,55.0,58.7,163.1,22.1,88.5,93.0,25.8,37.5,39.7,2069.0,58.52,7.5,0.0,0.0,1.0,0.0,1.0,480.0,34.49613959707706,20.3573,36.83,14.327,19.9382,0,1
101640.0,2.0,55.0,94.7,171.8,32.1,115.4,112.6,30.7,38.6,41.3,2054.0,68.73999999999998,7.0,0.0,1.0,0.0,0.0,0.0,720.0,43.42163481700331,41.364599999999996,51.594300000000004,21.7426,26.913700000000002,0,0
101647.0,2.0,58.0,61.4,161.3,23.6,85.5,99.4,29.1,34.0,39.8,2289.0,52.779999999999994,7.5,0.0,0.0,1.0,0.0,0.0,20.0,38.61833190130443,23.8618,36.055099999999996,14.904800000000002,18.354200000000002,0,0
101649.0,2.0,40.0,74.5,167.6,26.5,91.4,113.5,29.6,33.4,40.9,1722.0,78.54,8.0,0.0,1.0,0.0,1.0,0.0,300.0,35.72738906119492,26.8666,46.1263,21.335300000000004,22.318,0,0
101652.0,1.0,20.0,115.9,177.4,36.8,122.9,129.2,36.8,37.6,42.9,,,7.0,1.0,1.0,1.0,0.0,1.0,240.0,42.425312165032544,49.514199999999995,64.7111,28.541800000000002,32.6085,1,0
101655.0,1.0,20.0,93.5,182.1,28.2,95.5,110.4,34.7,42.0,48.6,1659.0,82.42,8.0,1.0,1.0,1.0,1.0,1.0,300.0,23.568375143629922,22.2733,68.706,33.4625,31.8745,0,0
101657.0,1.0,28.0,70.4,176.4,22.6,83.0,98.2,29.8,38.1,43.0,1173.0,63.93,7.0,1.0,1.0,0.0,0.0,1.0,120.0,22.604735174225702,16.0239,52.3564,23.614,25.872700000000002,0,0
101659.0,2.0,36.0,58.6,166.0,21.3,75.9,97.7,25.6,37.6,38.3,1486.0,39.36999999999999,7.0,0.0,1.0,0.0,1.0,1.0,540.0,31.703129898961514,18.5446,37.9011,16.3713,18.9756,0,0
101662.0,1.0,58.0,95.6,178.8,29.9,103.8,104.3,37.2,40.8,41.2,3009.0,135.92000000000002,7.0,1.0,1.0,0.0,1.0,0.0,240.0,24.9134539150312,24.0733,69.6417,31.4816,34.6263,0,0
101664.0,2.0,47.0,76.4,166.3,27.6,102.7,101.6,32.1,35.0,36.3,2552.0,108.49,8.0,1.0,0.0,0.0,1.0,1.0,300.0,34.27205914448195,26.303,48.2385,19.520300000000002,26.1313,0,0
101668.0,1.0,38.0,72.8,176.7,23.3,90.2,96.8,31.0,40.4,40.5,2014.0,69.76,8.0,0.0,0.0,0.0,0.0,0.0,540.0,27.175873792192824,19.999,51.1268,22.8502,25.053,0,0
101670.0,2.0,36.0,71.1,157.7,28.6,96.2,103.2,30.0,34.8,39.0,2255.0,81.17,8.5,0.0,0.0,0.0,0.0,1.0,120.0,44.361517106939466,31.659200000000002,37.6924,16.514400000000002,18.3797,0,0
101681.0,2.0,31.0,67.6,149.5,30.2,86.2,99.1,31.8,33.8,38.2,2546.0,81.52,9.0,0.0,1.0,0.0,0.0,0.0,240.0,33.346231731883464,22.6817,43.289300000000004,19.5285,20.2904,0,0
101682.0,2.0,45.0,109.0,155.0,45.4,115.7,130.3,44.3,37.5,36.4,3540.0,210.68,9.0,0.0,1.0,0.0,0.0,0.0,420.0,43.670808644285984,47.8322,59.569,24.9448,31.169900000000002,0,0
101693.0,2.0,28.0,85.5,157.5,34.5,108.9,111.0,35.5,33.0,40.3,1857.0,49.129999999999995,6.5,0.0,1.0,0.0,0.0,1.0,180.0,35.99543244894286,30.9112,52.8975,23.674400000000002,26.703599999999998,0,0
101698.0,2.0,57.0,52.9,157.2,21.4,81.0,91.0,25.7,33.5,33.5,1537.0,43.940000000000005,10.0,0.0,0.0,0.0,0.0,0.0,600.0,32.233968639602594,17.1101,33.970099999999995,13.152,18.344,0,1
101701.0,2.0,26.0,69.5,156.5,28.4,88.8,105.0,34.3,37.6,41.7,1985.0,72.45999999999998,9.0,0.0,0.0,0.0,0.0,1.0,480.0,39.84378194024551,27.7752,39.9334,18.196099999999998,18.9129,0,0
101711.0,1.0,43.0,104.6,171.6,35.5,117.7,115.4,38.7,36.8,40.8,4022.0,155.63,6.5,1.0,1.0,0.0,0.0,0.0,240.0,35.09294584737157,37.3295,66.5248,29.969900000000003,32.6224,0,0
101716.0,2.0,33.0,90.5,155.4,37.5,111.4,120.7,38.7,34.0,36.5,2645.0,106.86999999999999,7.5,0.0,0.0,0.0,0.0,0.0,780.0,42.56897221816418,38.6091,49.9224,20.4784,26.4448,0,0
101725.0,2.0,59.0,47.7,152.3,20.6,75.8,87.0,27.0,31.5,32.3,1095.0,48.31999999999999,8.0,0.0,0.0,1.0,0.0,1.0,180.0,34.45798631533082,16.773400000000002,30.4191,12.6227,15.1881,0,1
101731.0,1.0,46.0,80.9,174.9,26.4,98.5,98.7,31.9,41.5,44.1,2273.0,68.71000000000001,10.0,0.0,1.0,0.0,0.0,0.0,60.0,28.243007168408656,23.2239,56.2766,25.8789,27.1542,0,0
101732.0,1.0,39.0,81.2,181.8,24.6,95.0,102.6,31.3,40.5,45.5,3180.0,147.32999999999998,6.0,0.0,0.0,0.0,1.0,1.0,180.0,23.504540276619657,19.108700000000002,59.1245,27.170699999999997,28.604,0,0
101733.0,2.0,25.0,56.6,158.1,22.6,75.2,91.5,28.0,34.5,35.0,1080.0,54.67,8.0,0.0,0.0,0.0,0.0,1.0,360.0,28.54540660607231,16.3261,38.774699999999996,16.5404,19.5645,0,0
101737.0,1.0,57.0,66.3,170.5,22.8,98.1,91.3,28.0,40.4,38.5,3628.0,120.11999999999999,6.5,0.0,0.0,0.0,0.0,0.0,360.0,32.02625544927169,21.427400000000002,42.7577,17.8203,22.260900000000003,1,1
101740.0,2.0,59.0,70.8,168.3,25.0,96.0,105.0,31.2,36.0,44.2,2227.0,112.08,3.5,0.0,0.0,0.0,0.0,0.0,180.0,39.407378767850965,28.253400000000003,41.333400000000005,18.4309,19.750700000000002,0,0
101742.0,1.0,37.0,121.6,183.7,36.0,119.3,112.7,39.9,42.2,44.3,1848.0,68.61000000000001,5.5,0.0,0.0,0.0,0.0,0.0,540.0,33.892302947474775,41.8909,79.3515,35.1502,40.1634,0,0
101745.0,1.0,18.0,100.7,171.3,34.3,108.0,115.0,38.1,35.7,42.5,1931.0,73.08000000000001,7.0,1.0,1.0,0.0,1.0,1.0,300.0,32.954210605416904,33.4164,65.3434,29.591,32.4094,0,0
101758.0,1.0,37.0,72.5,175.4,23.6,92.0,97.1,31.4,39.3,40.1,,,9.0,0.0,0.0,0.0,0.0,0.0,120.0,27.082523941685217,19.7904,50.9931,22.254099999999998,25.7946,0,0
101761.0,1.0,44.0,125.8,188.5,35.4,128.1,119.4,37.4,41.9,43.6,1809.0,107.29000000000002,5.0,0.0,0.0,1.0,0.0,1.0,720.0,37.26703931641442,46.9326,76.0827,31.9271,39.66520000000001,0,0
101763.0,2.0,54.0,70.1,158.1,28.0,98.2,103.3,31.7,35.5,35.6,2097.0,45.489999999999995,7.0,0.0,1.0,0.0,0.0,1.0,720.0,41.5938464171016,29.266099999999998,39.325900000000004,16.5375,20.247900000000005,0,0
101764.0,1.0,49.0,75.9,157.7,30.5,99.3,98.4,31.3,37.4,37.2,1580.0,69.83000000000001,4.0,0.0,0.0,1.0,0.0,0.0,420.0,33.18896748146502,25.2915,48.944199999999995,21.71,24.2171,1,0
101766.0,2.0,55.0,60.2,145.8,28.3,100.2,99.4,26.6,31.4,29.9,2775.0,83.23,6.0,0.0,0.0,0.0,0.0,0.0,300.0,42.45128867132416,25.5252,33.0439,13.115200000000002,17.5559,1,0
101768.0,1.0,24.0,63.4,167.8,22.5,77.3,90.8,32.7,36.0,41.7,2984.0,115.39,7.0,0.0,0.0,0.0,1.0,1.0,720.0,16.563567030749414,10.4994,50.2399,23.2245,24.1088,0,0
101774.0,1.0,28.0,122.4,179.6,37.9,121.6,120.2,41.4,41.5,45.1,,,9.0,0.0,0.0,0.0,0.0,0.0,480.0,37.521046229434454,46.025,73.9692,33.8059,36.292300000000004,0,0
101775.0,1.0,36.0,71.1,173.9,23.5,83.0,95.5,31.8,37.0,41.0,723.0,31.73,9.5,0.0,0.0,1.0,0.0,0.0,240.0,22.34268995971011,15.9538,52.965900000000005,24.671199999999995,24.947200000000002,0,0
101781.0,1.0,55.0,88.4,168.7,31.1,108.4,105.2,33.9,38.0,42.5,2692.0,111.24,7.0,1.0,1.0,0.0,1.0,1.0,300.0,30.166785073919954,26.751,59.5719,27.3706,28.3415,0,0
101784.0,1.0,38.0,89.9,183.1,26.8,101.4,101.7,32.7,38.3,44.2,,,6.0,0.0,0.0,1.0,0.0,0.0,840.0,30.350841084513007,27.443099999999998,60.3903,28.0786,28.8087,0,0
101786.0,1.0,53.0,114.1,180.5,35.0,127.8,118.4,38.1,40.2,39.4,1752.0,65.35,7.0,1.0,1.0,0.0,0.0,1.0,180.0,33.61580666046837,38.820699999999995,73.9512,31.1714,39.3017,0,0
101790.0,2.0,22.0,80.4,159.4,31.6,110.4,109.4,35.6,34.4,39.6,6130.0,185.54000000000005,8.5,0.0,1.0,1.0,0.0,1.0,360.0,41.44254891720619,33.6382,45.691900000000004,20.151,22.6117,0,0
101795.0,2.0,40.0,63.2,153.8,26.7,94.5,94.8,33.8,34.2,33.7,1630.0,60.74000000000001,8.0,0.0,0.0,0.0,0.0,0.0,60.0,45.50688510700617,28.9607,32.854,12.005499999999998,18.408,1,1
101799.0,2.0,28.0,47.0,168.7,16.5,64.6,84.7,22.4,35.7,39.0,2693.0,115.28999999999999,7.5,0.0,1.0,0.0,1.0,1.0,480.0,23.412991552181957,11.023299999999999,34.249199999999995,15.136700000000001,16.6676,0,1
101802.0,2.0,57.0,59.6,171.0,20.4,81.8,94.8,24.6,37.5,40.9,3568.0,91.25999999999999,6.5,0.0,0.0,0.0,0.0,1.0,360.0,33.219842794587066,20.1531,38.455,16.2237,19.144599999999997,0,0
101818.0,1.0,19.0,83.8,172.6,28.1,108.0,104.8,33.5,38.5,42.2,2567.0,88.77999999999999,7.5,0.0,0.0,0.0,0.0,0.0,360.0,36.76469101798672,30.9168,50.942,21.165300000000002,26.449900000000003,1,0
101821.0,2.0,53.0,53.9,162.6,20.4,80.3,93.0,23.6,35.6,40.7,1753.0,30.19,5.0,1.0,0.0,0.0,0.0,1.0,120.0,35.986844501168235,19.466900000000003,33.055099999999996,14.633099999999999,15.7859,0,0
101822.0,1.0,40.0,87.4,171.7,29.6,100.4,99.0,34.5,37.0,42.5,5411.0,226.89000000000001,8.0,0.0,1.0,0.0,0.0,1.0,120.0,29.831732580517777,26.3281,59.4679,25.572,30.100900000000003,0,0
101828.0,2.0,32.0,73.8,159.6,29.0,96.5,103.7,32.3,36.6,36.5,1231.0,98.09,8.0,0.0,0.0,0.0,0.0,1.0,360.0,39.87598876717614,29.7628,42.8985,17.414,22.7016,0,0
101830.0,2.0,45.0,99.3,164.9,36.5,103.0,126.8,37.8,36.7,40.4,2603.0,86.86999999999999,8.5,1.0,1.0,0.0,1.0,1.0,360.0,44.7381241074719,44.420300000000005,52.725199999999994,23.504099999999998,26.098200000000002,0,0
101832.0,2.0,59.0,84.6,167.6,30.1,97.4,119.0,32.7,38.0,41.2,1640.0,82.92999999999999,6.5,0.0,1.0,0.0,0.0,1.0,360.0,43.774370684665854,37.204699999999995,45.5492,19.9225,23.007499999999997,0,0
101838.0,2.0,30.0,67.2,157.2,27.2,94.6,107.9,30.5,35.0,36.7,1506.0,52.85000000000001,6.0,0.0,1.0,0.0,0.0,0.0,180.0,42.3763515815154,28.4381,36.7431,14.453599999999998,19.513900000000003,0,0
101844.0,2.0,21.0,88.5,154.2,37.2,105.2,116.6,38.1,34.5,36.1,1793.0,39.0,8.0,0.0,0.0,0.0,0.0,0.0,720.0,45.25739417748237,40.1359,46.529,20.1295,23.0615,0,0
101845.0,2.0,38.0,91.4,165.3,33.5,108.6,115.8,33.0,35.5,39.9,521.0,4.77,6.0,1.0,1.0,0.0,0.0,0.0,900.0,46.108826682954344,42.2899,47.4236,18.5254,25.8242,0,0
101848.0,2.0,56.0,48.9,160.5,19.0,72.1,90.6,24.8,34.5,37.0,293.0,4.109999999999999,8.0,0.0,0.0,0.0,0.0,0.0,30.0,30.641404075662738,14.899299999999998,31.5323,12.588899999999999,16.3836,0,1
101850.0,1.0,28.0,100.9,182.9,30.2,99.0,107.8,36.7,39.4,45.2,4117.0,193.68,7.0,1.0,1.0,0.0,1.0,1.0,360.0,24.023528340763768,24.4365,73.4725,33.911300000000004,35.5689,0,0
101851.0,1.0,40.0,63.9,152.9,27.3,91.1,95.3,31.2,35.0,38.3,1703.0,52.18,7.5,1.0,1.0,0.0,0.0,0.0,360.0,23.99859289080063,15.2815,46.377300000000005,20.4709,23.0134,1,0
101853.0,1.0,30.0,86.2,169.5,30.0,107.3,100.7,33.0,40.8,41.8,2468.0,102.75000000000001,8.0,1.0,1.0,1.0,1.0,1.0,180.0,30.348443690318373,26.421,58.1141,25.781599999999997,29.127800000000008,0,0
101861.0,2.0,49.0,68.2,160.8,26.4,86.1,105.3,33.0,37.9,37.5,1117.0,52.89,8.0,0.0,0.0,0.0,1.0,1.0,660.0,43.43244429539542,29.7743,36.697900000000004,15.405299999999999,18.7379,0,0
101865.0,2.0,53.0,82.7,180.0,25.5,98.7,101.9,34.3,38.2,39.2,1734.0,81.08,7.5,0.0,0.0,0.0,0.0,1.0,240.0,36.077996488309765,30.0608,50.4922,21.5635,25.452599999999997,0,0
101866.0,1.0,52.0,98.7,174.6,32.4,107.0,108.6,39.8,42.6,42.0,3085.0,150.60999999999999,11.5,1.0,1.0,0.0,0.0,0.0,420.0,28.561915951688576,28.1723,67.7802,31.600900000000003,32.7569,0,0
101867.0,2.0,22.0,71.9,149.2,32.3,88.8,103.5,33.2,34.0,35.0,1712.0,82.71,9.0,0.0,0.0,0.0,0.0,0.0,480.0,46.22726666043249,33.3187,36.8745,15.2765,18.8498,1,0
101875.0,2.0,49.0,65.7,151.5,28.6,90.9,102.7,33.9,33.1,35.7,2014.0,60.21,8.0,0.0,0.0,0.0,0.0,1.0,360.0,44.016869179834934,29.0228,34.9345,15.3735,16.613,0,0
101876.0,2.0,38.0,89.1,157.2,36.1,108.5,121.0,32.1,36.0,42.3,698.0,20.59,9.5,1.0,1.0,0.0,1.0,0.0,360.0,46.55960346508125,41.505199999999995,45.4022,19.6797,22.773399999999995,0,0
101879.0,2.0,56.0,68.7,168.0,24.3,85.0,101.8,33.7,35.6,40.0,808.0,27.37,7.0,0.0,0.0,0.0,0.0,0.0,300.0,37.54896032314175,25.9432,40.5781,16.7306,21.2834,0,0
101880.0,1.0,21.0,107.6,177.7,34.1,103.6,113.0,38.1,40.0,44.5,3337.0,133.01999999999998,8.0,1.0,0.0,1.0,0.0,1.0,480.0,31.448644277889944,33.494800000000005,70.214,32.3137,34.3664,0,0
101893.0,1.0,23.0,113.1,171.9,38.3,121.6,124.8,36.8,37.0,41.9,1237.0,26.849999999999998,10.5,1.0,1.0,0.0,0.0,1.0,180.0,38.48297043649031,44.0195,67.7505,29.625799999999995,34.7338,1,0
101896.0,2.0,28.0,94.9,161.2,36.5,106.5,119.9,40.0,36.6,38.5,1261.0,63.959999999999994,7.5,0.0,1.0,0.0,1.0,0.0,60.0,44.11928316364999,41.956,50.9699,22.0672,25.8087,0,0
101899.0,1.0,36.0,68.8,179.9,21.3,78.9,93.0,31.0,38.8,42.0,1545.0,23.830000000000002,6.5,1.0,1.0,1.0,0.0,0.0,480.0,18.930972795180836,13.1135,53.5829,24.0641,26.1728,0,0
101901.0,2.0,25.0,50.3,163.1,18.9,70.4,85.4,24.9,35.1,40.2,,,8.0,0.0,0.0,1.0,0.0,0.0,240.0,22.358556036615756,11.2729,37.004,17.2721,17.1047,0,0
101903.0,2.0,33.0,77.1,155.9,31.7,101.7,113.5,35.2,36.5,37.4,1472.0,58.58000000000001,9.0,0.0,1.0,1.0,0.0,0.0,240.0,42.65236511375262,32.9833,42.4976,17.8995,22.0642,0,0
101904.0,2.0,33.0,74.7,160.5,29.0,93.2,106.0,35.3,35.0,38.2,1331.0,58.260000000000005,11.0,0.0,0.0,0.0,1.0,0.0,360.0,39.9711709137549,29.9925,42.722,18.6067,20.861900000000002,0,0
101912.0,2.0,31.0,48.9,153.9,20.6,81.0,88.2,25.4,35.0,35.0,1710.0,86.99999999999997,8.0,0.0,0.0,0.0,0.0,0.0,180.0,36.20792501065189,17.8458,29.8687,12.022599999999999,15.4657,0,1
101920.0,1.0,48.0,74.3,154.4,31.2,105.2,98.3,37.0,34.2,35.4,4479.0,127.06000000000002,7.5,0.0,0.0,0.0,0.0,0.0,420.0,35.03836603805006,26.258200000000002,46.636,20.197300000000002,23.221,1,0
101922.0,1.0,55.0,64.0,164.3,23.7,80.9,91.8,28.0,36.0,37.7,2131.0,80.06,6.0,1.0,0.0,0.0,1.0,1.0,480.0,19.334783363374978,12.4869,49.6203,21.703800000000005,24.5723,0,0
101928.0,2.0,42.0,105.1,164.1,39.0,121.8,130.2,41.2,37.0,36.8,1459.0,57.93000000000001,9.0,0.0,0.0,0.0,0.0,1.0,720.0,46.73116542047635,49.3196,53.4255,22.4108,27.9333,0,0
101938.0,1.0,19.0,76.1,168.7,26.7,87.4,99.9,32.0,36.5,39.7,1498.0,75.3,9.5,0.0,0.0,1.0,0.0,0.0,360.0,27.552431035743425,20.9511,52.960800000000006,23.4722,26.175,0,0
101957.0,2.0,35.0,58.1,149.2,26.1,76.0,91.1,28.0,32.5,35.8,1966.0,83.03,7.5,0.0,0.0,0.0,1.0,1.0,240.0,39.93211946509209,23.3614,33.3707,13.646799999999999,16.812,0,0
101965.0,2.0,44.0,64.1,150.0,28.5,86.4,100.3,30.5,33.6,33.4,1668.0,70.33999999999999,7.5,1.0,1.0,1.0,0.0,0.0,300.0,33.777966078530525,21.749200000000002,40.6959,17.050800000000002,20.6893,0,0
101976.0,1.0,38.0,85.3,174.7,27.9,97.4,102.3,34.2,36.6,41.2,3467.0,117.87,8.5,0.0,0.0,0.0,0.0,0.0,180.0,28.620821479653635,24.5787,59.014,26.8645,28.878700000000002,0,0
101977.0,1.0,45.0,118.8,186.2,34.3,111.9,116.4,40.6,44.5,45.0,4473.0,53.83000000000001,5.5,1.0,0.0,0.0,0.0,1.0,540.0,27.939389206922588,33.7409,83.4603,39.5817,39.7374,0,0
101978.0,2.0,44.0,95.4,164.8,35.1,101.4,121.6,41.2,41.2,39.2,329.0,14.450000000000001,9.0,0.0,1.0,1.0,0.0,1.0,120.0,39.80634503140993,38.186800000000005,54.972199999999994,26.9621,24.8503,0,0
101985.0,1.0,27.0,108.5,169.9,37.6,120.9,113.9,40.0,39.4,44.8,3875.0,156.41,7.0,0.0,0.0,0.0,1.0,1.0,300.0,34.36039310143325,37.3853,68.7791,32.017300000000006,32.9156,0,0
101995.0,1.0,59.0,101.9,168.7,35.8,115.5,114.0,34.5,36.8,39.3,1537.0,44.13,7.0,0.0,1.0,0.0,0.0,0.0,840.0,32.4079748135843,33.2119,66.9706,27.287699999999997,36.464100000000016,1,0
102005.0,2.0,36.0,127.6,168.9,44.7,140.5,137.5,43.0,39.0,38.0,1912.0,82.98,,1.0,1.0,0.0,0.0,1.0,180.0,47.964393003209906,61.7563,64.7086,28.0545,33.5608,0,0
102008.0,2.0,47.0,51.5,159.8,20.2,69.3,88.4,26.2,32.6,36.6,3527.0,101.56,8.0,1.0,1.0,0.0,1.0,0.0,360.0,23.222553689144444,12.0254,37.8093,16.3114,18.5925,0,0
102012.0,2.0,48.0,125.6,151.6,54.7,128.1,148.1,45.3,36.0,40.8,1002.0,9.690000000000001,9.0,0.0,0.0,0.0,0.0,0.0,60.0,51.554174916616404,64.4353,58.3969,27.1535,28.1922,1,0
102015.0,2.0,20.0,67.9,160.8,26.3,89.3,100.2,29.0,36.3,40.3,2715.0,95.15,9.0,0.0,0.0,0.0,0.0,0.0,300.0,36.84624103113363,25.0582,40.8299,16.4773,21.2437,0,0
102019.0,2.0,19.0,54.2,153.1,23.1,85.4,91.0,25.4,34.2,35.8,2729.0,75.7,7.0,0.0,1.0,1.0,0.0,0.0,300.0,35.51963792202178,19.3248,33.5342,13.896600000000001,17.1623,0,0
102022.0,1.0,46.0,100.6,180.0,31.0,110.0,107.3,35.9,44.0,42.0,1864.0,80.24,9.0,0.0,0.0,0.0,0.0,0.0,600.0,30.90876323799327,31.2485,67.1725,29.769099999999998,34.036199999999994,0,0
102024.0,1.0,37.0,109.2,173.8,36.2,115.9,111.4,40.8,38.7,42.3,3583.0,145.79,8.0,1.0,1.0,0.0,0.0,0.0,120.0,30.462345160447747,33.6579,74.0514,33.5141,37.441,0,0
102026.0,2.0,24.0,59.5,176.4,19.1,72.6,97.3,25.6,36.8,42.9,2166.0,53.019999999999996,8.5,0.0,0.0,0.0,1.0,1.0,240.0,25.624029711438624,15.231200000000001,41.78,17.0195,21.8957,0,1
102028.0,1.0,24.0,63.6,175.7,20.6,75.9,91.6,28.2,36.8,38.3,1097.0,27.82,7.0,0.0,0.0,1.0,1.0,0.0,540.0,24.956869098823645,16.0382,45.969,21.0183,21.591,0,1
102030.0,2.0,50.0,87.0,158.2,34.8,120.3,115.5,34.0,36.2,33.0,,,7.5,0.0,0.0,0.0,0.0,0.0,60.0,39.27198160793707,34.2087,51.0388,20.0465,27.787399999999998,0,0
102035.0,2.0,32.0,77.0,170.0,26.6,94.7,107.7,31.6,37.7,41.9,1500.0,84.74,8.0,0.0,0.0,1.0,0.0,0.0,720.0,36.263370142105764,28.2557,46.968300000000006,19.369400000000002,24.6875,0,0
102037.0,2.0,21.0,53.8,157.8,21.6,72.3,92.4,26.8,31.7,35.8,2321.0,34.24999999999999,8.0,0.0,0.0,0.0,0.0,0.0,540.0,32.13606058763819,17.444,34.970699999999994,14.3989,17.6415,0,0
102039.0,1.0,22.0,71.7,176.4,23.0,82.9,94.3,28.1,38.8,41.1,3169.0,147.13,8.5,1.0,1.0,0.0,1.0,0.0,300.0,19.68564045973102,14.260399999999999,55.801300000000005,25.8063,27.0446,0,0
102064.0,2.0,35.0,65.8,156.3,26.9,92.3,98.7,32.2,34.2,35.7,2011.0,45.88999999999999,10.0,0.0,1.0,1.0,0.0,0.0,240.0,37.54209896378639,24.8455,39.435300000000005,16.1101,20.468700000000002,0,0
102072.0,2.0,50.0,83.6,154.4,35.1,107.5,113.1,35.6,35.9,34.9,1831.0,60.13,7.0,0.0,0.0,0.0,0.0,0.0,15.0,39.77190516515667,33.3973,48.5155,19.441200000000002,26.4942,0,0
102073.0,1.0,43.0,88.6,173.5,29.4,103.0,103.4,36.8,39.0,40.9,3152.0,131.38,7.0,1.0,1.0,0.0,0.0,0.0,720.0,21.605097301232174,19.330099999999998,67.332,29.2925,34.636199999999995,0,0
102074.0,2.0,35.0,86.7,160.3,33.7,107.1,118.3,41.5,37.0,40.2,1670.0,12.16,8.5,0.0,1.0,1.0,0.0,0.0,240.0,47.02260042026612,40.8211,43.1981,19.5057,20.7875,0,0
102081.0,2.0,49.0,97.3,155.7,40.1,114.2,122.0,37.4,34.3,35.0,937.0,29.15,8.0,1.0,1.0,0.0,0.0,0.0,480.0,50.0689164609177,49.0471,46.8684,17.525199999999998,26.535300000000003,1,0
102088.0,2.0,29.0,87.3,165.9,31.7,117.2,114.6,32.8,38.0,39.5,2245.0,57.86,9.5,0.0,1.0,0.0,0.0,0.0,360.0,45.70349243647037,39.9586,45.495400000000004,19.566200000000002,23.2408,0,0
102093.0,2.0,21.0,69.6,155.0,29.0,95.5,99.7,32.0,37.0,37.7,766.0,37.5,8.5,1.0,0.0,0.0,1.0,0.0,30.0,40.959124766280546,28.6598,39.5329,17.3788,19.2923,0,0
102096.0,1.0,20.0,81.9,172.0,27.7,97.3,100.6,35.4,36.7,43.5,1519.0,61.61,6.5,0.0,1.0,0.0,0.0,0.0,180.0,29.50495704756737,24.3421,56.0192,25.124800000000004,27.727400000000003,0,0
102099.0,2.0,32.0,128.9,163.2,48.4,121.6,148.5,43.6,35.0,39.9,2284.0,96.12,8.0,0.0,0.0,1.0,0.0,1.0,780.0,50.300263143015236,65.653,62.291,26.9135,32.410999999999994,0,0
102103.0,1.0,37.0,69.8,165.0,25.6,89.9,95.7,32.1,35.7,40.2,1440.0,64.43999999999998,10.0,1.0,1.0,0.0,1.0,1.0,180.0,29.355397977975084,20.6908,47.5406,21.4252,22.955,0,0
102107.0,1.0,31.0,70.5,169.7,24.5,87.0,97.9,30.4,36.4,39.6,1947.0,68.9,7.5,0.0,0.0,1.0,1.0,1.0,600.0,28.7324198557309,20.4488,48.1796,21.043200000000002,23.5149,0,0
102111.0,1.0,53.0,84.5,176.9,27.0,100.7,106.2,32.4,37.4,41.5,2613.0,98.83999999999999,7.0,0.0,1.0,0.0,0.0,0.0,480.0,32.877389536465145,28.0783,54.1446,23.2939,27.5113,0,0
102113.0,2.0,26.0,75.5,160.3,29.4,88.5,113.1,31.6,36.0,39.8,,,9.0,0.0,0.0,0.0,0.0,1.0,60.0,43.69763615633643,33.271,40.7085,17.2182,20.7485,0,0
102121.0,2.0,53.0,71.1,158.4,28.3,92.0,102.3,32.6,37.0,36.4,2307.0,86.79,8.0,0.0,0.0,1.0,0.0,0.0,120.0,37.18058169132982,26.4879,42.701699999999995,17.8723,22.0489,0,0
102123.0,1.0,18.0,80.1,186.2,23.1,85.4,102.5,31.4,42.0,44.8,3403.0,94.52000000000001,8.0,0.0,0.0,0.0,1.0,1.0,360.0,21.09329202039098,17.0232,60.409699999999994,27.8208,29.3771,0,0
102129.0,1.0,34.0,110.8,183.6,32.9,116.1,110.5,37.5,41.2,39.5,2350.0,76.60000000000001,6.0,1.0,1.0,0.0,0.0,0.0,240.0,36.46218872095112,40.3814,67.5342,29.2306,34.3038,0,0
102130.0,1.0,56.0,89.9,167.7,32.0,105.6,104.3,40.1,40.0,38.7,3021.0,122.47999999999998,7.5,0.0,0.0,0.0,1.0,0.0,480.0,22.248884605062443,20.17,67.7882,31.257799999999996,33.0816,0,0
102132.0,2.0,39.0,101.1,157.0,41.0,124.7,128.0,39.6,37.0,31.8,,,8.0,0.0,0.0,1.0,0.0,1.0,240.0,45.60309170834989,46.3508,52.9525,19.81,29.504499999999997,1,0
102133.0,2.0,19.0,62.1,161.9,23.7,78.3,96.4,30.5,34.4,36.8,2355.0,108.03000000000002,8.5,1.0,1.0,0.0,1.0,1.0,240.0,31.768970002398344,19.7766,40.220800000000004,18.0272,19.5807,0,0
102134.0,2.0,42.0,79.1,164.2,29.3,102.9,107.1,34.0,38.2,38.3,1905.0,72.76,9.0,0.0,1.0,0.0,0.0,1.0,240.0,40.57674699492011,32.4126,45.129400000000004,19.103099999999998,23.448,0,0
102135.0,1.0,24.0,64.8,175.6,21.0,70.3,90.2,30.2,39.0,42.4,1431.0,47.84,8.0,0.0,0.0,1.0,0.0,0.0,600.0,15.373427625404467,10.0396,51.783300000000004,24.265300000000003,24.2821,0,0
102139.0,1.0,31.0,87.1,170.8,29.9,94.9,100.3,35.8,38.8,41.2,3251.0,94.44,5.0,0.0,1.0,1.0,1.0,1.0,840.0,30.443668393184996,26.616400000000002,58.0893,25.9327,28.318,0,0
102151.0,2.0,44.0,58.2,161.4,22.3,85.5,92.1,28.3,34.5,39.0,2300.0,96.59,9.5,0.0,0.0,0.0,0.0,0.0,180.0,40.792739588265555,23.916,32.8876,13.643899999999999,16.2398,0,1
102152.0,1.0,44.0,71.4,172.9,23.9,92.2,90.8,29.3,35.5,41.2,2299.0,85.51,7.0,0.0,0.0,0.0,1.0,0.0,480.0,33.31089793017486,24.0628,45.923199999999994,20.110699999999998,22.479400000000002,0,1
102154.0,1.0,41.0,105.9,179.8,32.8,113.4,115.0,38.0,44.1,44.3,2800.0,96.65999999999998,6.5,1.0,1.0,0.0,0.0,0.0,180.0,24.43018115251005,25.9516,77.55160000000001,35.6055,38.756,0,0
102160.0,2.0,31.0,51.7,156.0,21.2,73.4,97.2,26.3,34.0,39.5,,,10.0,0.0,0.0,0.0,0.0,0.0,240.0,37.87812424038674,19.5876,30.5676,13.269400000000001,14.985899999999999,0,1
102161.0,1.0,19.0,61.1,155.9,25.1,76.0,89.5,29.6,35.0,38.0,1552.0,61.39,9.0,0.0,0.0,0.0,1.0,0.0,480.0,19.83138798848096,12.2593,47.323,23.4501,20.8233,0,0
102168.0,2.0,59.0,78.6,164.9,28.9,90.6,112.2,31.6,37.6,39.1,2883.0,110.53,6.5,1.0,0.0,0.0,0.0,1.0,180.0,43.9797898192854,34.7422,42.0236,18.6098,20.308799999999998,0,0
102179.0,1.0,42.0,128.5,179.1,40.1,124.0,115.4,41.2,41.6,40.1,2381.0,74.39999999999999,7.0,1.0,1.0,0.0,1.0,1.0,240.0,30.562923909334145,39.2987,86.033,39.463800000000006,41.614,0,0
102191.0,1.0,58.0,108.3,179.3,33.7,118.6,116.4,37.7,41.0,45.3,2511.0,72.99000000000002,8.0,0.0,0.0,0.0,0.0,1.0,600.0,33.24059775718614,36.649800000000006,70.6184,31.5229,35.6262,0,0
102193.0,1.0,36.0,72.2,165.0,26.5,95.6,94.7,32.6,36.2,41.4,1790.0,43.06,8.0,0.0,1.0,0.0,1.0,0.0,120.0,30.534307085336245,22.219,48.3679,22.842299999999998,22.6892,0,0
102199.0,1.0,57.0,118.5,178.3,37.3,122.0,117.5,38.5,40.0,41.5,3258.0,203.65999999999997,7.0,0.0,1.0,0.0,0.0,0.0,240.0,34.16076510373874,40.1794,75.0024,31.3186,39.519800000000004,0,0
102202.0,2.0,23.0,57.6,164.2,21.4,73.4,97.4,26.4,35.9,40.9,1235.0,60.17999999999999,4.0,0.0,1.0,0.0,1.0,1.0,300.0,28.811755641318882,16.677799999999998,39.3566,16.2908,19.9345,0,0
102204.0,2.0,49.0,78.9,170.9,27.0,103.3,107.2,31.4,38.5,41.0,1335.0,69.35000000000001,8.5,0.0,1.0,1.0,0.0,0.0,180.0,40.594989139053325,32.3928,45.5775,19.3068,23.267799999999998,0,0
102207.0,1.0,42.0,89.2,180.0,27.5,97.4,101.9,35.1,38.6,42.1,703.0,30.220000000000002,8.0,1.0,1.0,0.0,1.0,1.0,180.0,23.437314394224575,21.012900000000002,65.5465,30.4545,31.496,0,0
102212.0,2.0,31.0,62.4,159.0,24.7,90.2,97.8,31.0,33.7,36.4,2217.0,99.75000000000003,7.0,0.0,1.0,0.0,0.0,1.0,240.0,36.93910954857581,23.265400000000003,37.923,15.7058,19.5701,0,0
102217.0,1.0,27.0,92.1,182.4,27.7,91.7,104.9,34.0,39.5,47.0,3410.0,85.38999999999997,7.0,0.0,0.0,0.0,1.0,1.0,660.0,20.337636127724693,19.0098,71.46310000000001,34.3602,33.268699999999995,0,0
102218.0,2.0,48.0,61.6,165.7,22.4,91.4,99.2,28.2,36.5,39.0,1243.0,28.31000000000001,9.0,0.0,0.0,0.0,0.0,0.0,900.0,39.10467237280416,24.058,35.459300000000006,14.627,18.3355,0,1
102219.0,1.0,54.0,79.8,174.7,26.1,94.4,96.9,34.5,39.3,42.0,2245.0,126.66,6.0,0.0,0.0,1.0,0.0,0.0,480.0,26.688118403242928,21.4682,55.555800000000005,27.2269,25.0701,0,0
102223.0,2.0,36.0,57.7,158.0,23.1,82.5,95.0,30.0,33.0,35.0,1414.0,56.07,8.5,0.0,1.0,1.0,0.0,1.0,300.0,35.17274593012886,20.390900000000002,35.604,15.178,17.5054,0,0
102226.0,1.0,26.0,93.7,185.1,27.3,91.5,102.9,36.5,40.5,42.0,1975.0,99.12,8.0,0.0,1.0,1.0,1.0,1.0,360.0,27.090062163762735,25.4198,65.4734,29.9099,31.4283,0,0
102232.0,1.0,22.0,60.8,177.4,19.3,75.7,89.0,25.2,36.0,40.8,2638.0,57.61,12.0,0.0,0.0,1.0,0.0,0.0,420.0,22.16907369721288,13.650799999999998,45.541199999999996,19.267400000000002,22.6848,0,1
102234.0,1.0,41.0,145.3,180.4,44.6,136.4,125.3,45.0,43.0,40.4,2867.0,108.28,9.0,1.0,1.0,0.0,1.0,0.0,300.0,38.84646753804577,56.3265,85.7725,39.72010000000001,42.4763,0,0
102239.0,1.0,23.0,94.2,171.2,32.1,97.1,108.6,43.1,36.6,42.1,4466.0,173.99,8.0,1.0,1.0,0.0,1.0,1.0,420.0,24.372188209200093,23.0229,68.7463,32.0897,33.2936,0,0
102242.0,1.0,23.0,54.4,167.4,19.4,72.4,86.0,25.1,34.1,39.7,3130.0,155.54000000000002,8.0,1.0,1.0,1.0,0.0,0.0,120.0,14.79301601722769,8.0695,44.6316,18.5815,23.471400000000003,0,1
102248.0,1.0,48.0,71.0,166.8,25.5,84.4,95.3,34.3,37.0,39.0,2833.0,110.13999999999999,7.0,1.0,0.0,0.0,1.0,1.0,120.0,22.308697053012924,16.0291,53.5906,25.2889,25.1567,0,0
102249.0,1.0,22.0,68.2,177.8,21.6,80.5,93.0,29.1,38.6,43.6,1327.0,27.35,7.5,1.0,0.0,1.0,0.0,0.0,120.0,21.324151609905325,14.462399999999999,50.973,22.809199999999997,24.9159,0,0
102250.0,1.0,34.0,85.8,177.0,27.4,91.3,104.5,36.8,37.0,41.9,1846.0,80.10000000000001,7.0,0.0,0.0,0.0,1.0,0.0,360.0,21.635785680386558,18.7141,64.8961,28.753300000000003,32.5781,0,0
102255.0,2.0,24.0,73.3,165.2,26.9,92.3,100.7,31.9,37.6,40.2,1735.0,68.01,7.0,0.0,0.0,0.0,1.0,1.0,60.0,38.049394812445456,28.0378,43.8525,19.640099999999997,21.3182,0,0
102258.0,2.0,51.0,45.2,152.2,19.5,74.4,88.3,23.8,33.8,34.8,1783.0,86.08000000000001,6.0,0.0,0.0,1.0,0.0,0.0,180.0,32.313932699964035,14.7435,29.052599999999998,11.2694,15.4921,0,1
102259.0,2.0,56.0,66.7,154.1,28.1,88.8,101.1,32.3,33.8,37.7,1066.0,28.549999999999997,7.0,0.0,0.0,1.0,1.0,1.0,480.0,36.624922099443694,24.342,40.4424,18.34,19.234,0,0
102264.0,2.0,18.0,48.1,159.4,18.9,68.2,88.7,24.0,32.8,36.2,903.0,44.53,6.0,0.0,0.0,0.0,0.0,0.0,480.0,30.308775467537252,14.627600000000001,31.9112,12.624,16.7042,0,1
102265.0,1.0,34.0,67.9,184.3,20.0,81.5,87.3,27.7,37.8,39.4,3151.0,74.51,8.0,0.0,0.0,1.0,0.0,1.0,360.0,15.401240078787303,10.4456,55.136199999999995,23.9468,27.5649,0,0
102269.0,2.0,54.0,83.5,149.9,37.2,106.9,116.2,37.0,33.6,35.2,1679.0,68.09,4.5,1.0,1.0,1.0,1.0,1.0,540.0,46.239724921253774,38.6245,43.018800000000006,18.6835,21.3721,1,0
102272.0,2.0,26.0,74.4,169.6,25.9,84.2,100.3,30.8,37.8,41.1,4305.0,92.05,8.0,0.0,0.0,0.0,1.0,0.0,180.0,30.178173644816386,22.5362,49.2204,22.362,23.9433,0,0
102278.0,2.0,36.0,111.3,168.7,39.1,132.2,132.0,39.2,36.6,37.2,2426.0,118.47,7.0,0.0,0.0,0.0,1.0,0.0,120.0,42.801841449868405,48.146699999999996,61.542199999999994,24.1524,34.0329,0,0
102279.0,1.0,38.0,108.0,184.4,31.8,109.8,114.0,38.5,42.0,45.0,2755.0,114.64999999999999,6.0,1.0,1.0,0.0,1.0,1.0,480.0,32.036135992548694,34.467400000000005,70.5111,31.899500000000003,34.9945,0,0
102281.0,2.0,54.0,64.1,151.9,27.8,93.2,96.8,30.8,32.3,34.6,2178.0,76.35,6.0,1.0,1.0,1.0,1.0,1.0,480.0,37.71532109236187,24.3871,38.7506,16.380499999999998,19.5888,0,0
102283.0,2.0,22.0,78.6,158.5,31.3,103.3,109.7,36.4,33.2,39.1,1754.0,62.23,6.0,1.0,1.0,0.0,0.0,1.0,180.0,43.64381112084872,34.511300000000006,42.468199999999996,17.660600000000002,22.0629,0,0
102284.0,1.0,18.0,81.4,174.0,26.9,89.4,103.0,33.5,39.2,40.6,2428.0,111.30000000000001,9.0,0.0,1.0,1.0,0.0,0.0,360.0,31.08700934157238,25.4611,54.1692,24.860599999999998,26.0016,0,0
102285.0,1.0,37.0,57.7,172.9,19.3,69.5,85.2,29.4,39.0,41.9,1134.0,29.479999999999997,7.0,0.0,0.0,0.0,0.0,0.0,780.0,18.249390515089317,10.6153,45.295,21.901400000000002,20.4283,0,0
102288.0,1.0,32.0,102.1,176.9,32.6,108.5,113.6,37.8,39.7,43.3,2730.0,52.78000000000001,7.0,0.0,0.0,0.0,1.0,1.0,540.0,31.944576697727296,32.876400000000004,66.7777,31.637900000000002,31.265,0,0
102298.0,2.0,19.0,52.1,158.3,20.8,68.4,88.4,26.5,34.0,40.3,1195.0,83.27,8.0,1.0,0.0,0.0,0.0,1.0,360.0,26.56515154974165,13.9636,36.5222,15.7477,18.09,0,0
102315.0,2.0,39.0,50.0,153.8,21.1,74.8,89.5,25.9,32.0,34.3,772.0,58.11000000000001,10.5,1.0,1.0,1.0,1.0,1.0,120.0,29.667051067203676,14.9184,33.5257,14.1274,16.856099999999998,0,0
102321.0,1.0,56.0,86.0,170.5,29.6,106.1,102.1,34.0,37.2,37.0,3209.0,64.08,8.0,0.0,0.0,0.0,0.0,0.0,180.0,35.81824088666921,30.5177,52.4025,21.760800000000003,27.9325,1,0
102322.0,1.0,45.0,56.3,172.2,19.0,71.1,83.7,27.8,36.7,42.6,1586.0,59.730000000000004,7.0,0.0,0.0,0.0,1.0,1.0,120.0,14.4537763590166,8.2017,46.197300000000006,21.982,21.1511,0,0
102323.0,2.0,19.0,48.2,155.5,19.9,73.9,88.3,24.0,32.5,36.8,2226.0,48.730000000000004,8.0,0.0,0.0,0.0,0.0,0.0,180.0,35.905502919574616,17.4247,29.3023,11.815599999999998,14.4577,0,1
102324.0,2.0,28.0,90.6,177.2,28.9,97.3,117.7,32.1,40.0,42.7,1807.0,81.08,9.0,0.0,1.0,1.0,1.0,0.0,240.0,40.81995480700251,37.2874,51.5183,23.1805,25.326900000000002,0,0
102330.0,1.0,18.0,65.6,172.4,22.1,74.6,91.8,30.0,38.0,42.3,2812.0,89.43,8.0,1.0,0.0,0.0,1.0,1.0,420.0,17.56410400684449,11.5498,51.5204,24.5448,23.888900000000003,0,0
102331.0,1.0,53.0,72.5,171.6,24.6,90.7,94.9,32.2,39.2,39.8,3639.0,141.05,6.0,0.0,1.0,1.0,1.0,1.0,600.0,25.593348185310578,18.6752,51.9739,23.5266,25.5076,0,0
102334.0,1.0,25.0,99.0,179.9,30.6,102.9,111.4,36.9,39.8,43.8,3343.0,72.59999999999998,9.0,0.0,0.0,1.0,0.0,1.0,180.0,30.48515764637876,30.3766,66.6297,30.4052,32.560700000000004,0,0
102335.0,1.0,18.0,71.3,164.5,26.3,91.5,94.5,31.3,36.0,38.0,1485.0,72.22000000000001,8.0,0.0,1.0,0.0,1.0,1.0,540.0,28.749619862224847,20.656299999999998,49.0312,22.7108,22.9252,0,0
102336.0,1.0,33.0,80.0,174.7,26.2,93.1,95.6,32.6,39.4,41.2,2568.0,78.99,7.0,0.0,0.0,0.0,0.0,0.0,600.0,24.74861566400266,20.0113,58.5448,25.4891,29.3187,0,0
102340.0,1.0,33.0,65.0,173.3,21.6,79.7,92.2,30.1,37.7,38.9,2204.0,31.849999999999998,8.5,1.0,1.0,0.0,0.0,0.0,180.0,20.989533223073696,13.835700000000001,49.565,22.6626,23.753,0,0
102341.0,2.0,39.0,92.8,167.3,33.2,104.4,120.0,37.7,36.0,41.5,2087.0,70.72999999999999,7.5,1.0,1.0,0.0,0.0,1.0,600.0,40.84627617981193,38.0175,52.606199999999994,22.146099999999997,27.4211,0,0
102342.0,1.0,52.0,81.0,170.3,27.9,98.2,104.1,32.3,39.0,38.3,3058.0,74.83999999999999,9.0,1.0,1.0,0.0,0.0,0.0,240.0,27.360738657166266,22.1127,56.3054,25.3918,28.034599999999998,0,0
102344.0,2.0,34.0,42.3,150.6,18.7,67.1,82.2,23.4,32.7,35.7,2755.0,75.25999999999999,5.0,1.0,1.0,1.0,0.0,0.0,120.0,23.78997787373498,10.2326,30.9558,13.9019,14.892299999999999,0,0
102345.0,2.0,39.0,113.1,165.2,41.4,112.8,132.6,42.9,36.3,40.7,2583.0,100.23,7.0,0.0,1.0,0.0,1.0,1.0,240.0,39.49248212787022,44.787800000000004,66.0588,31.8064,31.218,0,0
102350.0,1.0,36.0,77.8,168.5,27.4,94.7,98.7,33.1,36.4,36.7,2790.0,90.24000000000002,7.5,1.0,1.0,0.0,0.0,0.0,120.0,29.521774706215286,23.2893,53.1799,23.7194,25.6583,0,0
102352.0,1.0,31.0,80.2,180.2,24.7,93.7,98.6,35.2,39.0,44.2,2161.0,60.32,9.0,1.0,1.0,0.0,0.0,0.0,240.0,24.86587292060065,19.968400000000003,58.0168,27.4666,27.443099999999998,0,0
102356.0,1.0,22.0,77.5,167.8,27.5,94.8,105.6,33.7,37.6,42.5,,,6.5,1.0,1.0,1.0,0.0,1.0,120.0,29.36205451123124,22.923,52.5978,24.293200000000002,25.239900000000002,0,0
102358.0,2.0,31.0,57.1,159.6,22.4,74.1,91.1,27.9,33.5,37.0,1489.0,52.9,5.0,0.0,1.0,0.0,1.0,0.0,360.0,31.700205808369542,18.1876,37.0071,16.1796,18.474700000000002,0,0
102359.0,2.0,39.0,55.1,151.8,23.9,76.0,93.3,28.8,30.0,34.3,1592.0,55.04999999999999,9.0,0.0,0.0,0.0,0.0,0.0,300.0,31.056872465204634,17.1891,35.9966,15.349,17.7372,0,0
102364.0,2.0,33.0,85.3,170.6,29.3,107.0,111.3,34.0,36.8,42.9,3155.0,105.23,8.0,0.0,0.0,0.0,1.0,1.0,600.0,39.87681125449469,34.194900000000004,49.5394,22.3857,24.2366,0,0
102366.0,2.0,18.0,79.5,159.8,31.1,106.3,110.5,32.8,38.0,38.0,1783.0,68.86999999999999,11.5,0.0,0.0,0.0,1.0,1.0,480.0,41.552996704969296,33.1866,44.506699999999995,18.0128,23.5706,0,0
102373.0,1.0,31.0,90.9,174.0,30.0,105.8,106.0,35.9,39.9,39.2,2979.0,159.14000000000001,6.5,0.0,0.0,0.0,1.0,1.0,540.0,35.01126891700974,32.0227,57.038,24.483800000000002,29.4764,0,0
102377.0,2.0,59.0,59.7,147.9,27.3,77.2,99.7,31.7,31.6,33.1,1529.0,70.00999999999999,5.0,0.0,1.0,0.0,0.0,1.0,90.0,39.532424655822105,23.7853,34.4555,13.5197,18.2237,1,0
102378.0,2.0,40.0,69.9,155.4,28.9,97.4,99.2,30.4,35.0,32.5,2074.0,111.08,7.5,0.0,1.0,1.0,0.0,0.0,180.0,35.77539972201717,24.9877,42.783199999999994,18.5383,21.5879,0,0
102380.0,2.0,26.0,78.7,164.1,29.2,88.8,113.3,35.2,37.8,43.0,1058.0,33.879999999999995,6.0,0.0,1.0,0.0,0.0,1.0,240.0,44.0415472951256,34.873,42.1529,20.3125,19.0135,0,0
102382.0,1.0,44.0,71.9,169.9,24.9,80.0,91.2,33.1,40.2,39.5,3068.0,175.2,7.0,0.0,0.0,0.0,1.0,1.0,600.0,17.902719318607584,12.9107,56.2521,26.785300000000003,26.0477,0,0
102383.0,2.0,26.0,55.7,150.4,24.6,80.3,97.8,27.9,31.9,35.7,,,6.5,0.0,0.0,0.0,0.0,0.0,150.0,40.64151611627881,22.7901,31.7365,13.1778,15.9169,0,0
102386.0,2.0,27.0,74.8,153.8,31.6,99.0,103.8,34.6,35.0,33.7,2366.0,95.62999999999998,6.5,0.0,1.0,0.0,0.0,0.0,180.0,37.39941327392197,28.215,45.2738,20.0081,22.3513,0,0
102393.0,2.0,20.0,52.6,171.0,18.0,71.7,88.4,24.6,36.7,40.8,2427.0,51.96999999999999,9.0,0.0,1.0,0.0,1.0,1.0,360.0,22.220229076750417,11.742899999999999,39.2058,17.452300000000005,19.302400000000002,0,0
102395.0,1.0,25.0,98.3,173.4,32.7,102.0,114.8,39.0,40.5,40.2,1279.0,65.46,7.0,0.0,0.0,0.0,1.0,1.0,360.0,28.89355519720172,28.653599999999997,67.8328,31.284599999999998,33.2269,0,0
102396.0,1.0,45.0,101.7,180.3,31.3,112.0,105.2,37.6,41.3,41.6,2923.0,80.75999999999999,10.0,1.0,1.0,1.0,1.0,1.0,300.0,33.84871675144686,34.476800000000004,64.5171,29.177899999999998,32.1113,0,0
102400.0,1.0,42.0,77.1,173.2,25.7,90.2,103.3,33.6,39.1,42.0,2507.0,156.51999999999998,5.5,0.0,1.0,0.0,1.0,1.0,360.0,27.82791950901629,21.5843,53.5816,26.1168,23.9582,0,0
102401.0,2.0,44.0,46.4,153.2,19.8,80.0,96.4,23.6,33.6,36.0,810.0,40.21999999999999,3.0,0.0,0.0,0.0,0.0,0.0,120.0,54.20196970383569,25.2377,20.076900000000002,7.208099999999999,10.241100000000001,1,1
102414.0,1.0,19.0,75.4,175.9,24.4,91.5,99.1,33.5,39.0,45.3,,,5.0,1.0,1.0,1.0,1.0,1.0,180.0,31.451038424208438,23.9695,49.975199999999994,22.8376,23.973,0,0
102415.0,2.0,54.0,90.5,153.4,38.5,110.3,121.6,41.0,33.6,35.0,3516.0,154.82999999999996,5.0,0.0,1.0,0.0,0.0,0.0,180.0,42.83715913341851,38.4991,49.133300000000006,19.6748,26.575900000000008,1,0
102416.0,2.0,19.0,82.0,170.0,28.4,102.0,109.8,31.1,36.0,38.5,1200.0,26.91,8.0,0.0,0.0,0.0,0.0,0.0,600.0,43.55388784677513,35.5433,43.7037,17.8919,23.0408,0,0
102419.0,1.0,32.0,79.4,180.8,24.3,84.2,96.7,33.6,42.0,46.0,6913.0,136.12000000000003,8.0,1.0,1.0,0.0,1.0,1.0,120.0,18.027411607234892,14.376100000000001,62.4065,31.5056,27.845200000000002,0,0
102421.0,2.0,57.0,57.6,158.0,23.1,82.7,90.9,28.5,37.0,35.3,2038.0,59.440000000000005,9.0,0.0,0.0,0.0,0.0,0.0,240.0,35.70362289420372,20.7363,35.588699999999996,15.1544,17.6706,0,0
102424.0,1.0,37.0,70.6,176.4,22.7,84.5,97.5,28.4,38.0,41.0,4754.0,246.65,5.0,0.0,0.0,0.0,1.0,0.0,240.0,23.446209168235647,16.7543,52.3866,22.127200000000002,26.6509,0,0
102429.0,2.0,38.0,96.0,163.1,36.1,119.2,123.6,36.3,36.7,34.5,2895.0,84.45000000000002,8.0,0.0,0.0,0.0,0.0,0.0,300.0,40.213094636662056,38.3104,54.6775,21.328,29.8006,0,0
102431.0,1.0,19.0,86.2,178.7,27.0,86.0,102.4,34.0,40.5,42.0,1398.0,45.15,8.0,0.0,0.0,0.0,0.0,0.0,420.0,30.114897452645632,26.063200000000002,57.621300000000005,26.2367,28.153200000000002,0,0
102432.0,1.0,33.0,134.2,177.6,42.5,129.6,132.7,43.0,38.0,40.3,1579.0,84.12,8.0,1.0,1.0,1.0,0.0,0.0,300.0,38.100173110075175,50.8589,79.56830000000001,34.0492,41.084,0,0
102436.0,2.0,56.0,60.2,161.1,23.2,91.2,94.1,24.9,39.2,39.4,928.0,55.419999999999995,7.0,0.0,1.0,0.0,1.0,1.0,600.0,35.57332823290568,21.463099999999997,36.3634,14.1234,19.7984,0,1
102443.0,2.0,56.0,46.5,153.3,19.8,70.0,90.3,24.9,32.5,34.2,1419.0,23.580000000000002,7.0,0.0,0.0,1.0,1.0,1.0,300.0,31.046708722869383,14.4755,30.4235,12.072,15.9894,0,1
102454.0,2.0,34.0,65.9,167.4,23.5,83.9,103.0,28.7,36.0,38.0,2058.0,81.05,7.5,1.0,1.0,0.0,1.0,1.0,480.0,37.33809249540619,24.588900000000002,39.2016,16.0714,20.170900000000003,0,0
102456.0,2.0,29.0,104.8,156.6,42.7,128.5,130.8,37.5,35.6,36.2,1925.0,56.86,9.5,0.0,0.0,1.0,0.0,0.0,120.0,49.00347348399035,51.567099999999996,51.9033,21.102800000000002,27.244000000000007,1,0
102457.0,1.0,58.0,73.2,172.1,24.7,97.3,96.5,29.1,38.6,41.8,5554.0,159.66,7.0,0.0,0.0,1.0,0.0,0.0,300.0,29.998136912949995,22.1715,49.6788,20.1862,26.296799999999998,0,1
102458.0,1.0,34.0,60.9,172.8,20.4,73.9,90.6,29.8,37.0,40.9,1457.0,52.95,4.0,0.0,0.0,0.0,0.0,0.0,480.0,23.795172570389823,14.681700000000001,44.4862,20.8791,20.7775,0,1
102460.0,2.0,25.0,60.7,168.9,21.3,75.4,92.0,26.7,37.5,37.4,2520.0,67.99,8.0,0.0,1.0,1.0,0.0,1.0,480.0,26.077923510579858,15.8858,42.8422,18.2178,22.029799999999998,0,0
102461.0,2.0,28.0,54.3,148.8,24.5,79.7,90.8,25.8,29.9,32.2,1817.0,67.16999999999999,9.0,0.0,0.0,0.0,1.0,1.0,300.0,36.27338225230021,19.8445,33.055099999999996,12.742700000000001,17.4131,0,0
102464.0,1.0,46.0,78.7,172.9,26.3,96.7,99.0,33.9,41.0,43.0,1003.0,26.990000000000002,6.5,0.0,0.0,0.0,0.0,0.0,480.0,27.09219133419963,21.5809,55.5627,25.4005,26.5499,0,0
102469.0,1.0,33.0,105.3,185.0,30.8,104.9,109.3,35.2,41.0,42.2,2466.0,142.41000000000003,7.5,0.0,0.0,0.0,0.0,0.0,720.0,36.7844611554776,39.0734,64.2077,28.0476,32.559,0,0
102472.0,1.0,41.0,107.4,182.4,32.3,99.6,110.2,43.5,40.0,43.7,2387.0,33.95,6.5,0.0,0.0,1.0,1.0,1.0,180.0,23.50548155565325,25.427599999999998,79.21,38.8513,36.463,0,0
102473.0,2.0,41.0,62.5,154.0,26.4,80.6,96.0,29.2,31.3,33.6,1684.0,67.16000000000001,7.0,1.0,1.0,0.0,1.0,1.0,360.0,29.560987010001366,18.6191,42.060199999999995,17.3747,21.843799999999998,0,0
102475.0,1.0,38.0,70.4,157.7,28.3,95.2,94.0,32.8,36.2,33.0,2382.0,136.52999999999997,8.0,0.0,0.0,0.0,0.0,0.0,180.0,27.451863114425713,19.3912,49.180699999999995,20.6741,25.3137,1,0
102482.0,1.0,36.0,89.5,165.3,32.8,99.3,107.2,37.0,38.7,41.9,3686.0,75.63000000000001,7.0,0.0,0.0,0.0,1.0,1.0,720.0,24.816512933786136,22.418599999999998,65.409,31.2292,30.6447,0,0
102487.0,2.0,19.0,42.3,164.2,15.7,65.0,85.1,22.0,34.0,38.8,1459.0,38.32,9.0,0.0,0.0,0.0,0.0,1.0,360.0,32.00470247469846,13.617299999999998,27.320700000000002,11.0198,14.0557,0,1
102488.0,1.0,29.0,76.5,163.7,28.5,94.4,101.6,34.0,37.0,39.0,3423.0,118.85000000000001,7.5,0.0,1.0,1.0,1.0,0.0,180.0,27.910804664087813,21.5723,52.9133,24.369400000000002,25.1192,0,0
102495.0,1.0,33.0,71.7,168.3,25.3,91.9,95.9,30.5,38.4,39.8,6156.0,369.41999999999996,3.5,1.0,1.0,0.0,0.0,1.0,180.0,21.465945302913017,15.4461,54.3988,24.099700000000002,27.2126,0,0
102501.0,1.0,45.0,110.0,173.4,36.6,122.9,107.4,41.0,40.6,40.4,1366.0,49.13999999999999,6.5,0.0,1.0,0.0,0.0,1.0,240.0,32.2703251087184,35.524,71.44969999999999,31.5738,36.2064,0,0
102505.0,1.0,38.0,97.7,173.9,32.3,107.0,113.4,38.9,38.3,40.8,2657.0,83.19,7.5,1.0,1.0,0.0,1.0,1.0,180.0,28.298281581763725,27.242900000000002,66.26889999999999,30.2623,32.8031,0,0
102506.0,2.0,51.0,69.4,158.3,27.7,92.6,98.8,32.3,35.5,36.9,1515.0,46.370000000000005,8.0,0.0,0.0,1.0,0.0,0.0,240.0,30.989390971468872,21.5932,46.2971,19.837199999999996,23.4222,0,0
102512.0,2.0,59.0,93.9,174.1,31.0,108.2,120.0,35.4,38.4,38.3,1226.0,43.35000000000001,7.0,1.0,1.0,0.0,0.0,0.0,480.0,45.639698803919245,43.261300000000006,49.227,20.187900000000003,26.0988,0,0
102514.0,1.0,33.0,96.3,175.6,31.2,109.2,107.4,35.1,41.0,42.0,1533.0,64.38,6.5,1.0,1.0,0.0,0.0,0.0,180.0,31.568239182489982,30.4735,63.4579,28.4574,31.5582,0,0
102516.0,1.0,46.0,135.8,183.7,40.2,134.6,127.7,44.2,42.0,45.3,1131.0,78.21,8.0,0.0,1.0,0.0,0.0,1.0,480.0,39.48442337901345,53.302099999999996,78.7685,34.9483,40.2345,0,0
102532.0,2.0,34.0,84.5,162.7,31.9,96.2,114.1,37.4,37.3,44.1,3386.0,81.99999999999999,6.5,0.0,0.0,0.0,1.0,1.0,300.0,40.36130840481004,34.158300000000004,48.1947,23.356900000000003,21.4544,0,0
102533.0,1.0,55.0,127.9,181.4,38.9,136.3,121.5,37.7,40.0,41.9,3160.0,148.2,7.0,1.0,1.0,1.0,1.0,1.0,180.0,34.98003714352927,44.4451,79.7804,33.115399999999994,43.18189999999999,0,0
102534.0,1.0,19.0,69.7,171.3,23.8,79.4,92.6,32.0,37.3,41.3,1823.0,84.86,9.0,0.0,0.0,0.0,0.0,1.0,6.0,13.081547172315764,9.2049,58.302800000000005,26.264299999999995,29.273400000000002,0,0
102553.0,1.0,50.0,68.7,161.7,26.3,95.8,99.9,29.1,36.2,36.2,2210.0,59.519999999999996,7.0,0.0,0.0,1.0,0.0,0.0,480.0,26.622389385002993,18.4388,48.8302,20.6987,24.9741,1,0
102556.0,1.0,50.0,106.0,178.9,33.1,114.2,114.6,40.6,39.0,40.7,2726.0,58.99,7.5,0.0,0.0,0.0,0.0,0.0,540.0,31.144371627444063,33.301300000000005,70.13369999999999,30.4932,36.239,0,0
102559.0,1.0,53.0,76.7,162.0,29.2,93.9,94.3,32.1,35.2,37.5,3460.0,127.35000000000004,6.0,0.0,0.0,1.0,0.0,0.0,120.0,23.574224854282594,18.2913,56.850300000000004,24.9696,28.4645,0,0
102568.0,1.0,23.0,64.7,179.8,20.0,78.5,94.8,28.5,38.2,41.6,2671.0,122.65000000000002,8.0,1.0,0.0,0.0,0.0,0.0,120.0,20.403776768962356,13.2805,49.3482,21.6212,24.5442,0,1
102573.0,1.0,54.0,90.5,172.2,30.5,101.0,101.6,36.1,40.2,39.8,1299.0,85.36,6.5,0.0,0.0,0.0,0.0,0.0,720.0,26.078404580505964,23.6661,64.0988,29.3633,30.6783,0,0
102580.0,2.0,25.0,67.3,153.5,28.6,91.5,103.2,32.2,34.4,37.9,2552.0,125.36,11.0,0.0,0.0,0.0,1.0,1.0,600.0,42.84665640949109,28.9399,36.982,15.812700000000001,18.5102,0,0
102581.0,1.0,50.0,61.5,168.2,21.7,74.7,86.8,28.4,37.4,41.8,2385.0,69.62,6.5,0.0,1.0,0.0,1.0,1.0,480.0,17.528303998539524,10.868799999999998,48.3431,22.372199999999996,22.781299999999998,0,0
102591.0,2.0,59.0,74.3,153.8,31.4,109.6,114.1,34.9,36.4,33.3,1559.0,60.86,7.0,0.0,0.0,0.0,0.0,0.0,8.0,45.12363049999356,33.6475,38.6397,15.7036,20.1204,1,0
102593.0,1.0,39.0,64.8,169.1,22.7,84.5,93.8,28.8,38.7,38.9,2287.0,172.07,7.0,0.0,1.0,0.0,1.0,1.0,180.0,28.197038986604646,18.3458,44.7184,21.327699999999997,20.5209,0,0
102595.0,2.0,18.0,75.3,168.7,26.5,91.2,104.4,30.2,38.1,40.5,1921.0,98.66,8.0,1.0,1.0,0.0,1.0,0.0,420.0,33.21670153267025,25.095599999999997,48.0788,21.4816,23.7762,0,0
102600.0,1.0,34.0,88.8,178.4,27.9,88.5,103.7,38.3,41.0,42.2,1096.0,66.19,8.5,0.0,1.0,0.0,1.0,1.0,180.0,21.1033882891088,18.9099,67.6401,31.758200000000002,32.2519,0,0
102616.0,2.0,56.0,58.9,159.5,23.2,78.7,96.7,31.1,35.2,37.6,1169.0,32.37,7.0,0.0,0.0,0.0,0.0,1.0,840.0,38.09662577922932,22.6948,35.1113,14.4087,18.218,0,0
102620.0,1.0,48.0,87.4,174.7,28.6,103.7,104.9,34.1,37.0,43.0,1781.0,74.17,6.5,0.0,0.0,1.0,1.0,1.0,600.0,30.732128215863856,26.916,58.215199999999996,26.435699999999997,28.3074,0,0
102621.0,2.0,32.0,61.0,162.4,23.1,83.5,91.9,30.6,35.0,40.0,2032.0,43.35,8.0,0.0,0.0,0.0,0.0,0.0,480.0,31.82741500967573,19.595,39.6106,17.7894,18.9651,0,0
102622.0,1.0,46.0,97.4,178.4,30.6,108.8,107.3,37.0,41.7,41.8,2047.0,82.85000000000001,7.0,1.0,1.0,1.0,0.0,0.0,120.0,35.45475507679409,34.457699999999996,60.463800000000006,26.4039,30.6685,0,0
102624.0,1.0,56.0,96.0,177.2,30.6,104.0,114.2,37.8,41.4,44.3,1887.0,68.82000000000002,6.0,0.0,1.0,1.0,0.0,1.0,240.0,31.62784317598734,30.3893,62.8468,30.036,28.8338,0,0
102626.0,1.0,46.0,88.6,181.0,27.0,94.1,102.2,36.5,42.5,41.8,3891.0,216.93,7.0,1.0,1.0,1.0,1.0,1.0,180.0,21.255826145118085,19.0485,67.48710000000001,29.672800000000002,34.245,0,0
102631.0,1.0,22.0,94.2,175.6,30.5,107.6,110.8,37.7,40.3,47.0,2114.0,56.42,6.0,0.0,1.0,0.0,1.0,1.0,600.0,27.817141214339536,26.357,65.7179,30.983800000000002,31.192700000000002,0,0
102636.0,1.0,18.0,65.9,167.4,23.5,85.0,94.6,27.8,36.6,42.9,1955.0,56.99,8.0,0.0,1.0,0.0,1.0,1.0,600.0,27.879938076030143,18.5188,45.843,21.1845,21.4845,0,0
102638.0,2.0,26.0,63.6,168.7,22.3,76.3,101.7,26.5,36.6,40.2,1424.0,91.12,8.0,0.0,0.0,0.0,1.0,1.0,240.0,25.905416458558435,16.6752,45.3209,20.159599999999998,22.4701,0,0
102641.0,1.0,34.0,97.9,174.6,32.1,109.7,111.8,34.6,40.0,43.5,1950.0,51.93,5.0,0.0,0.0,0.0,0.0,0.0,180.0,33.50346805206546,32.730599999999995,62.4234,26.650499999999997,32.191,0,0
102644.0,1.0,53.0,90.5,174.9,29.6,102.9,103.5,36.3,35.9,42.0,2637.0,89.53999999999999,7.0,0.0,1.0,0.0,1.0,1.0,720.0,32.49000981491868,29.66,58.9259,25.8355,29.262400000000003,0,0
102648.0,1.0,33.0,75.5,167.4,26.9,82.7,97.5,35.1,39.1,42.9,4589.0,119.81,4.5,1.0,1.0,1.0,1.0,0.0,180.0,13.974721692723053,10.565,61.9564,30.55,28.243599999999997,0,0
102655.0,1.0,21.0,65.1,170.3,22.4,79.3,90.6,29.0,37.4,37.5,,,10.0,1.0,1.0,0.0,1.0,1.0,300.0,20.994901297078062,13.767100000000001,49.5731,21.9533,24.1813,0,0
102660.0,2.0,19.0,89.7,156.4,36.7,90.8,122.5,34.9,33.7,40.8,1381.0,41.78,10.5,0.0,0.0,0.0,0.0,0.0,120.0,48.24654772935858,43.6952,44.7647,20.3325,21.6528,0,0
102661.0,2.0,59.0,125.3,161.4,48.1,128.7,140.3,49.6,39.8,37.4,2882.0,156.96,5.5,0.0,0.0,0.0,0.0,0.0,780.0,46.31449162047866,58.6669,65.5603,27.457500000000003,34.951100000000004,0,0
102664.0,1.0,51.0,85.0,168.1,30.1,104.9,102.6,35.7,36.6,42.1,,,6.0,0.0,0.0,0.0,1.0,1.0,240.0,28.088854341849295,24.0377,59.4085,27.085199999999997,29.3871,0,0
102666.0,2.0,44.0,66.7,153.1,28.5,95.1,104.4,30.1,35.0,37.5,2030.0,69.12,7.5,0.0,0.0,0.0,1.0,1.0,480.0,40.85697257276858,27.4827,37.8771,15.23,19.949799999999996,0,0
102667.0,1.0,50.0,91.0,175.1,29.7,108.8,103.6,34.8,37.6,38.9,1303.0,59.569999999999986,6.0,0.0,1.0,1.0,1.0,1.0,60.0,27.245759687764398,25.0053,64.30030000000001,28.7631,32.056,0,0
102668.0,2.0,39.0,45.0,159.5,17.7,70.0,88.1,23.1,35.6,38.7,1597.0,41.78,6.0,0.0,1.0,1.0,0.0,0.0,60.0,29.268206204391696,13.207600000000001,30.2559,12.294099999999998,15.8392,0,1
102669.0,1.0,32.0,64.2,180.7,19.7,71.3,88.2,27.1,40.2,44.1,3562.0,137.83,3.0,1.0,1.0,1.0,0.0,0.0,240.0,16.785210712564698,10.8294,51.306400000000004,24.685699999999997,23.7447,0,0
102673.0,2.0,47.0,45.8,158.5,18.2,71.4,88.2,24.3,31.0,34.0,1963.0,113.47999999999999,8.5,0.0,0.0,1.0,0.0,1.0,360.0,32.6453206927783,15.052,29.3157,11.498700000000001,15.2104,0,1
102674.0,1.0,26.0,91.0,163.6,34.0,103.5,101.6,36.2,36.0,40.0,2213.0,52.199999999999996,7.0,1.0,1.0,1.0,1.0,1.0,240.0,30.81398475538595,28.132900000000003,60.5818,28.0646,28.341,0,0
102675.0,1.0,22.0,72.2,180.1,22.3,75.7,94.2,30.9,38.5,46.5,2966.0,89.78999999999999,6.0,0.0,1.0,0.0,1.0,1.0,180.0,16.625230863979446,12.0937,57.696,28.6295,25.7102,0,0
102676.0,1.0,22.0,72.5,173.9,24.0,84.5,94.2,32.0,37.3,43.0,2106.0,72.53,9.5,0.0,0.0,0.0,1.0,1.0,720.0,22.139472031521418,16.2656,54.9572,24.181800000000003,27.475099999999998,0,0
102685.0,1.0,39.0,111.7,180.8,34.2,111.8,117.1,41.3,42.2,42.7,2642.0,63.42000000000001,9.0,1.0,1.0,0.0,0.0,0.0,300.0,30.873711752968603,34.353,73.7866,34.0193,36.2608,0,0
102686.0,2.0,51.0,65.7,150.8,28.9,94.0,102.0,30.7,32.0,32.2,1041.0,27.1,5.0,0.0,0.0,0.0,0.0,1.0,60.0,38.344973446773075,25.288,38.7712,16.0566,20.3448,0,0
102694.0,2.0,55.0,81.5,156.3,33.4,103.3,117.9,35.6,35.6,33.5,1731.0,60.61,10.0,0.0,0.0,0.0,0.0,0.0,300.0,47.93722511774086,39.1477,40.8543,16.0185,22.1303,1,0
102704.0,2.0,52.0,98.4,163.4,36.9,108.6,121.5,40.7,39.1,36.0,1146.0,61.17,7.0,1.0,1.0,1.0,0.0,1.0,60.0,45.345845961008386,44.8739,51.785199999999996,20.5175,28.0875,0,0
102706.0,1.0,40.0,73.5,174.5,24.1,91.9,98.7,30.3,36.8,42.0,3179.0,144.25,9.0,0.0,1.0,1.0,0.0,0.0,300.0,27.810098242783393,20.5456,50.9044,22.2115,25.3448,0,0
102713.0,2.0,23.0,68.9,171.0,23.6,80.9,101.9,28.7,38.4,39.5,2184.0,53.370000000000005,10.0,1.0,1.0,0.0,1.0,1.0,300.0,33.97400173555585,23.6352,43.3903,20.2136,19.9121,0,0
102718.0,1.0,20.0,83.0,159.4,32.7,103.3,98.9,36.0,37.0,38.9,3334.0,133.42999999999998,8.0,1.0,1.0,1.0,1.0,0.0,180.0,28.70513244632738,24.096400000000003,57.5261,24.3494,29.5307,1,0
102721.0,2.0,53.0,69.2,157.1,28.0,95.9,107.2,31.8,34.5,38.0,3444.0,117.3,7.0,1.0,1.0,1.0,0.0,0.0,60.0,45.58684083575419,31.5905,35.9194,16.1275,17.2027,0,0
102724.0,1.0,43.0,86.8,167.4,31.0,106.6,107.1,33.3,36.1,40.1,3040.0,114.09,6.5,1.0,1.0,0.0,0.0,0.0,120.0,32.5498750781662,28.238400000000002,56.208400000000005,23.6035,29.2806,1,0
102730.0,1.0,54.0,88.7,165.0,32.6,115.8,110.4,33.7,38.3,37.0,1707.0,98.71,6.5,0.0,1.0,0.0,0.0,0.0,120.0,39.56992703978921,35.203900000000004,51.2868,20.888699999999996,27.4818,1,0
102737.0,2.0,50.0,85.4,169.0,29.9,101.6,111.0,35.2,36.8,37.3,2836.0,67.77000000000002,8.0,0.0,1.0,0.0,0.0,1.0,120.0,41.70109062119212,35.5848,47.2004,19.762700000000002,24.6598,0,0
102746.0,1.0,23.0,63.0,179.1,19.6,75.7,86.8,29.9,38.7,42.3,4428.0,116.47,8.0,0.0,1.0,0.0,0.0,1.0,120.0,12.899821953730722,8.1639,52.36,24.1117,25.2242,0,0
102747.0,2.0,57.0,67.5,166.7,24.3,91.0,103.5,28.4,35.8,37.4,1137.0,80.69999999999999,9.0,0.0,0.0,0.0,0.0,1.0,240.0,40.51819395858939,27.4279,37.948699999999995,15.4938,19.7716,0,0
102750.0,1.0,50.0,88.6,167.2,31.7,110.4,102.5,34.6,37.4,37.0,2275.0,125.06,8.0,0.0,0.0,0.0,0.0,1.0,480.0,33.743744641980825,30.1586,56.8099,26.0675,27.5789,0,0
102753.0,1.0,50.0,92.6,174.1,30.6,100.0,110.2,37.2,39.5,46.9,2608.0,78.89000000000001,8.0,0.0,0.0,0.0,0.0,1.0,90.0,27.453864115375602,25.6973,65.485,30.1135,31.991400000000002,0,0
102754.0,1.0,50.0,96.8,176.8,31.0,107.2,105.3,38.0,39.5,44.0,3598.0,124.18,8.0,0.0,1.0,0.0,1.0,1.0,540.0,36.682535294060315,35.7572,59.101699999999994,26.3636,28.9589,0,0
102756.0,1.0,34.0,77.7,170.9,26.6,102.2,93.6,32.5,39.0,41.1,554.0,57.56999999999999,9.0,0.0,0.0,0.0,0.0,0.0,300.0,25.389535920895028,19.9252,56.332300000000004,24.366400000000002,28.8853,0,0
102758.0,2.0,46.0,55.8,155.4,23.1,76.2,86.9,29.5,34.4,34.4,1173.0,43.35000000000001,7.5,0.0,0.0,1.0,0.0,0.0,180.0,34.39301935787512,19.3068,34.8635,14.9602,17.0285,0,0
102761.0,1.0,25.0,71.6,165.3,26.2,80.4,97.4,35.7,37.5,39.8,3012.0,141.99,8.0,0.0,0.0,0.0,0.0,0.0,600.0,20.63026545206493,14.8222,54.3385,25.9168,25.3522,0,0
102768.0,1.0,49.0,102.2,178.4,32.1,114.5,114.1,35.0,38.0,41.0,1681.0,65.99,6.5,1.0,1.0,0.0,0.0,1.0,600.0,33.754952418642645,34.075,64.548,29.1448,31.77670000000001,0,0
102772.0,1.0,56.0,101.8,176.2,32.8,116.4,113.6,37.1,37.7,41.8,1532.0,97.17999999999999,7.0,0.0,1.0,1.0,1.0,0.0,300.0,33.37298330000897,34.3634,66.2198,28.5815,34.634800000000006,0,0
102775.0,1.0,58.0,127.4,176.3,41.0,140.2,134.1,38.0,42.0,43.5,2569.0,75.76,8.0,1.0,0.0,1.0,0.0,0.0,720.0,46.9539251680585,60.0829,65.4956,26.8139,34.7962,1,0
102776.0,1.0,35.0,86.5,171.9,29.3,102.4,103.7,34.5,37.5,41.8,1615.0,74.70000000000002,6.0,1.0,1.0,0.0,1.0,1.0,60.0,29.87326238235241,26.1152,58.7127,26.5054,28.8789,0,0
102783.0,2.0,52.0,64.8,156.8,26.4,96.8,93.5,31.0,36.5,33.0,,,7.0,0.0,0.0,1.0,0.0,0.0,360.0,39.832761956176654,25.8835,37.1716,15.0242,19.3502,0,0
102786.0,2.0,46.0,57.2,155.8,23.6,84.0,92.6,28.2,34.0,35.5,3146.0,93.72000000000001,7.0,0.0,0.0,0.0,0.0,1.0,60.0,31.25498590359995,17.8853,37.2621,14.348,19.751,0,0
102790.0,1.0,47.0,85.8,173.3,28.6,98.8,102.4,34.7,39.5,37.0,3994.0,142.51000000000002,7.5,0.0,1.0,0.0,1.0,1.0,600.0,26.530289761371286,22.9177,60.7996,26.711599999999997,30.4698,0,0
102793.0,2.0,30.0,105.7,155.1,43.9,127.3,139.5,41.9,36.5,38.7,1827.0,77.4,9.0,0.0,0.0,0.0,0.0,0.0,300.0,51.549666820902715,54.6682,49.555699999999995,21.775,25.1998,1,0
102798.0,2.0,57.0,88.6,164.8,32.6,107.4,112.7,33.3,36.9,38.7,2086.0,66.61,10.0,0.0,0.0,0.0,0.0,0.0,360.0,43.79329771146962,39.1398,48.346199999999996,17.938699999999997,27.1221,0,0
102802.0,1.0,25.0,69.0,174.8,22.6,85.9,99.2,30.8,40.4,45.6,3651.0,151.20000000000002,8.0,0.0,0.0,0.0,0.0,1.0,720.0,31.711643917794802,21.963900000000002,45.3311,20.7103,21.3841,0,1
102809.0,1.0,24.0,90.5,172.9,30.3,98.7,106.4,37.0,39.3,42.7,2873.0,78.12,9.0,0.0,0.0,0.0,1.0,1.0,420.0,31.28953107660904,28.4501,60.1984,27.319899999999997,29.635900000000003,0,0
102816.0,2.0,42.0,75.3,152.3,32.5,105.2,109.0,34.6,33.5,32.5,,,7.0,1.0,1.0,0.0,0.0,0.0,600.0,43.438019011788285,32.734700000000004,40.6944,17.019099999999998,20.824900000000003,0,0
102819.0,2.0,48.0,70.9,164.6,26.2,91.2,103.4,32.7,35.0,39.8,709.0,40.980000000000004,6.0,1.0,1.0,0.0,0.0,0.0,240.0,37.55486409610658,26.820700000000002,42.6969,17.268,22.5155,0,0
102820.0,2.0,57.0,74.6,167.0,26.7,89.2,106.6,32.2,36.0,40.9,2267.0,122.41000000000003,8.0,0.0,0.0,0.0,1.0,0.0,120.0,43.36994491035044,32.5997,40.5174,16.9561,20.7883,0,0
102823.0,2.0,55.0,64.2,160.3,25.0,92.0,93.7,31.5,34.5,37.5,1468.0,31.5,7.0,1.0,1.0,0.0,0.0,0.0,120.0,37.3966783826284,24.0598,38.3726,15.820200000000002,19.5766,0,0
102831.0,2.0,51.0,57.9,145.1,27.5,93.5,94.5,27.1,32.5,32.2,1125.0,34.23,8.0,0.0,0.0,0.0,0.0,0.0,240.0,45.24685363154203,26.425900000000002,30.4192,11.6601,15.9048,1,0
102834.0,1.0,57.0,111.4,181.1,34.0,122.1,114.8,37.1,41.2,41.1,985.0,48.86000000000001,7.0,0.0,0.0,0.0,0.0,0.0,240.0,34.55993817329471,38.5652,70.7171,31.8246,35.252,0,0
102837.0,2.0,19.0,70.2,165.9,25.5,88.7,102.0,30.1,36.8,37.5,,,7.0,0.0,1.0,1.0,1.0,0.0,300.0,40.42657342161955,28.5335,39.946400000000004,17.5396,19.591099999999997,0,0
102847.0,2.0,30.0,62.7,155.6,25.9,87.4,103.1,31.3,34.2,37.7,959.0,46.779999999999994,6.0,1.0,1.0,0.0,0.0,0.0,360.0,42.34279733861136,26.6945,34.5979,14.747900000000001,17.456799999999998,0,0
102853.0,1.0,45.0,61.9,166.0,22.5,77.0,88.3,30.8,34.8,37.1,1501.0,140.99,5.0,1.0,0.0,1.0,0.0,0.0,300.0,14.099124321590416,8.797799999999999,50.71,23.010300000000004,24.7476,0,0
102854.0,1.0,45.0,110.7,164.6,40.9,123.7,122.2,43.2,38.5,39.6,2882.0,100.34000000000002,7.5,1.0,1.0,0.0,0.0,0.0,420.0,34.03332618824671,37.7085,70.5204,30.9436,35.8435,1,0
102858.0,1.0,36.0,97.5,168.9,34.2,108.8,111.3,37.6,35.6,42.1,913.0,81.72,13.0,0.0,0.0,1.0,0.0,0.0,60.0,36.93851733015205,36.066,59.1797,26.055799999999998,29.7777,1,0
102865.0,2.0,44.0,143.8,175.0,47.0,144.3,141.6,42.8,42.1,39.3,1432.0,56.16999999999998,7.5,1.0,1.0,0.0,1.0,1.0,480.0,42.03666025876048,60.2285,80.3852,33.55460000000001,43.2995,0,0
102870.0,2.0,51.0,67.0,159.2,26.4,86.6,103.5,31.4,36.1,37.9,1434.0,53.529999999999994,7.5,0.0,0.0,0.0,0.0,0.0,120.0,43.404640352679664,29.424799999999998,36.2705,15.392,17.903,0,0
102872.0,2.0,44.0,76.5,169.6,26.6,84.2,109.2,32.0,37.0,42.2,3615.0,137.47,9.0,0.0,0.0,1.0,0.0,0.0,420.0,34.38355068488461,26.5182,47.9454,21.945,22.8613,0,0
102879.0,1.0,21.0,122.3,169.6,42.5,130.5,125.9,42.5,41.1,42.2,741.0,30.16,9.0,0.0,1.0,1.0,0.0,0.0,300.0,40.859286170777445,50.335,69.8655,30.059800000000003,35.81549999999999,1,0
102880.0,2.0,51.0,59.8,152.4,25.7,83.7,95.0,28.0,31.0,32.6,1498.0,45.77000000000001,7.5,0.0,0.0,0.0,0.0,0.0,480.0,35.85114899372807,21.5275,36.6155,14.789099999999998,18.852,0,0
102884.0,1.0,32.0,90.4,169.0,31.7,101.4,106.6,36.2,41.0,41.2,1961.0,85.8,9.0,1.0,1.0,0.0,1.0,1.0,180.0,27.91012749808107,25.322200000000002,62.779,28.987,30.176599999999997,0,0
102885.0,2.0,37.0,84.7,167.8,30.1,96.9,117.5,32.1,37.3,42.1,1972.0,46.46,5.0,1.0,1.0,0.0,0.0,0.0,300.0,42.03588546205433,35.5025,46.338,22.253,21.1146,0,0
102886.0,2.0,50.0,73.1,155.5,30.2,98.0,105.8,34.3,36.8,35.8,1750.0,79.93,7.5,0.0,0.0,0.0,0.0,1.0,660.0,34.54839679804747,25.457,45.6188,19.494,23.0323,0,0
102889.0,1.0,47.0,99.9,177.8,31.6,108.8,108.2,39.4,38.4,41.5,4348.0,114.05,7.0,0.0,1.0,0.0,0.0,0.0,360.0,25.635644135411827,25.601599999999998,71.31219999999999,31.2469,36.165800000000004,0,0
102893.0,2.0,44.0,73.8,164.6,27.2,95.4,103.4,31.8,35.8,36.9,2410.0,74.04000000000002,7.0,0.0,0.0,1.0,1.0,1.0,240.0,40.130774611722615,29.906299999999998,42.548199999999994,16.8652,23.0126,0,0
102895.0,1.0,43.0,117.8,181.8,35.6,117.3,120.6,42.5,42.0,44.3,4679.0,195.6,4.5,0.0,0.0,0.0,1.0,0.0,210.0,31.949239593507478,37.970699999999994,77.24380000000001,36.6818,36.7722,0,0
102899.0,2.0,20.0,69.0,171.9,23.4,82.2,100.8,30.0,39.1,38.1,1510.0,44.21,9.0,0.0,0.0,0.0,1.0,0.0,600.0,36.824540083992495,25.445400000000003,41.532199999999996,17.7652,20.8037,0,0
102903.0,2.0,20.0,70.1,162.1,26.7,87.4,103.5,32.0,36.8,39.5,700.0,32.18,6.5,0.0,1.0,0.0,1.0,1.0,420.0,39.097859294754066,27.6234,40.9453,18.8747,19.0845,0,0
102908.0,1.0,51.0,73.3,172.4,24.7,96.0,90.1,29.2,39.0,41.6,1678.0,99.85000000000001,9.0,0.0,0.0,0.0,0.0,1.0,180.0,18.904761350530343,13.9688,57.4824,22.607400000000002,31.603900000000003,0,0
102911.0,2.0,55.0,57.0,169.8,19.8,78.6,91.8,26.0,38.0,41.2,1029.0,41.56,7.0,0.0,0.0,0.0,0.0,0.0,240.0,34.540337406754794,19.804299999999998,35.7235,15.617,17.5909,0,1
102913.0,2.0,39.0,94.1,156.9,38.2,118.3,126.0,35.5,37.0,34.5,1182.0,52.68,7.5,0.0,0.0,0.0,0.0,0.0,480.0,43.50322548456576,40.981300000000005,51.136900000000004,21.162,26.9004,0,0
102918.0,1.0,33.0,64.3,169.3,22.4,80.4,88.2,29.4,38.0,40.0,2940.0,94.28999999999999,9.0,1.0,1.0,1.0,0.0,0.0,180.0,19.873739505185963,12.8088,49.3516,22.294,23.737099999999998,0,0
102922.0,1.0,31.0,63.3,174.5,20.8,79.0,89.7,29.8,39.4,46.6,4713.0,222.43,3.5,1.0,1.0,0.0,0.0,0.0,480.0,15.348739072380518,9.7478,51.220699999999994,23.271099999999997,25.0398,0,0
102923.0,2.0,43.0,106.1,173.9,35.1,128.0,122.0,38.6,41.0,38.0,2330.0,67.7,9.0,0.0,0.0,0.0,0.0,0.0,300.0,39.58798782845121,42.1173,61.9832,25.9145,33.0583,0,0
102933.0,2.0,24.0,50.8,167.9,18.0,68.5,87.3,23.6,35.4,41.3,2614.0,70.14,10.0,0.0,0.0,1.0,1.0,1.0,300.0,23.00119871168369,11.741299999999999,37.318400000000004,16.618599999999997,17.971400000000003,0,0
102934.0,1.0,48.0,83.7,178.5,26.3,96.7,99.6,32.2,38.4,45.3,,,7.5,1.0,0.0,0.0,0.0,0.0,120.0,23.527607844277746,19.9013,61.2224,29.0669,28.533,0,0
102935.0,2.0,27.0,59.5,158.9,23.6,82.7,93.3,28.0,35.7,36.5,,,8.0,1.0,0.0,1.0,1.0,1.0,720.0,33.71617810506156,20.252,37.9086,15.6714,19.4711,0,0
102944.0,1.0,55.0,78.8,163.1,29.6,106.6,101.2,33.2,34.0,38.5,1016.0,40.059999999999995,6.0,0.0,1.0,0.0,0.0,0.0,600.0,33.38662886529967,26.7366,51.0099,21.805899999999998,25.999599999999997,1,0
102948.0,2.0,31.0,52.9,162.0,20.2,69.7,93.7,25.3,35.3,38.3,,,8.5,0.0,0.0,0.0,1.0,0.0,120.0,27.66225975921788,14.6784,36.2924,15.367,18.3463,0,0
102949.0,1.0,33.0,76.9,180.1,23.7,85.5,98.0,32.9,41.0,45.2,5412.0,263.12,6.5,1.0,1.0,1.0,0.0,0.0,60.0,15.516672380346206,12.1211,63.332,29.449699999999996,30.8362,0,0
